Accession ID,pos,ref,alt,ref_seq_name
HM459860,5332,G,A,NC_001781.1
HM459860,5345,C,T,NC_001781.1
HM459860,5355,G,,NC_001781.1
HM459860,5358,,T,NC_001781.1
HM459860,5370,T,C,NC_001781.1
HM459860,5375,C,T,NC_001781.1
HM459860,5399,T,C,NC_001781.1
HM459860,5402,C,A,NC_001781.1
HM459860,5406,,C,NC_001781.1
HM459860,5406,,A,NC_001781.1
HM459860,5406,,C,NC_001781.1
HM459860,5406,,A,NC_001781.1
HM459860,5406,,G,NC_001781.1
HM459860,5406,,A,NC_001781.1
HM459860,5406,,G,NC_001781.1
HM459860,5406,,A,NC_001781.1
HM459860,5406,,G,NC_001781.1
HM459860,5406,,A,NC_001781.1
HM459860,5406,,G,NC_001781.1
HM459860,5406,,A,NC_001781.1
HM459860,5406,,C,NC_001781.1
HM459860,5406,,A,NC_001781.1
HM459860,5406,,C,NC_001781.1
HM459860,5406,,C,NC_001781.1
HM459860,5406,,A,NC_001781.1
HM459860,5406,,G,NC_001781.1
HM459860,5406,,C,NC_001781.1
HM459860,5406,,A,NC_001781.1
HM459860,5406,,C,NC_001781.1
HM459860,5406,,C,NC_001781.1
HM459860,5406,,C,NC_001781.1
HM459860,5406,,C,NC_001781.1
HM459860,5406,,A,NC_001781.1
HM459860,5406,,C,NC_001781.1
HM459860,5406,,A,NC_001781.1
HM459860,5406,,A,NC_001781.1
HM459860,5406,,T,NC_001781.1
HM459860,5406,,C,NC_001781.1
HM459860,5406,,C,NC_001781.1
HM459860,5406,,A,NC_001781.1
HM459860,5406,,C,NC_001781.1
HM459860,5406,,T,NC_001781.1
HM459860,5406,,G,NC_001781.1
HM459860,5406,,T,NC_001781.1
HM459860,5406,,G,NC_001781.1
HM459860,5406,,C,NC_001781.1
HM459860,5406,,T,NC_001781.1
HM459860,5406,,C,NC_001781.1
HM459860,5406,,G,NC_001781.1
HM459860,5406,,A,NC_001781.1
HM459860,5406,,C,NC_001781.1
HM459860,5406,,A,NC_001781.1
HM459860,5406,,T,NC_001781.1
HM459860,5406,,A,NC_001781.1
HM459860,5406,,A,NC_001781.1
HM459860,5406,,C,NC_001781.1
HM459860,5406,,T,NC_001781.1
HM459860,5406,,A,NC_001781.1
HM459860,5406,,C,NC_001781.1
HM459860,5406,,A,NC_001781.1
HM459860,5406,,T,NC_001781.1
HM459860,5406,,C,NC_001781.1
HM459860,5406,,A,NC_001781.1
HM459860,5406,,A,NC_001781.1
HM459860,5406,,A,NC_001781.1
HM459860,5406,,A,NC_001781.1
HM459860,5406,,C,NC_001781.1
HM459860,5406,,A,NC_001781.1
HM459860,5429,C,T,NC_001781.1
HM459860,5438,C,T,NC_001781.1
HM459860,5459,T,C,NC_001781.1
HM459860,5461,G,A,NC_001781.1
HM459860,5488,C,T,NC_001781.1
HM459860,5545,C,G,NC_001781.1
HM459860,5550,T,C,NC_001781.1
HM459860,5566,C,T,NC_001781.1
HM459860,5571,T,,NC_001781.1
HM459860,5574,,T,NC_001781.1
HM459860,5575,C,T,NC_001781.1
HM459860,5577,A,G,NC_001781.1
HM459860,5581,C,T,NC_001781.1
HM459858,5332,G,A,NC_001781.1
HM459858,5345,C,T,NC_001781.1
HM459858,5355,G,,NC_001781.1
HM459858,5358,,T,NC_001781.1
HM459858,5370,T,C,NC_001781.1
HM459858,5375,C,T,NC_001781.1
HM459858,5399,T,C,NC_001781.1
HM459858,5402,C,A,NC_001781.1
HM459858,5406,,C,NC_001781.1
HM459858,5406,,A,NC_001781.1
HM459858,5406,,C,NC_001781.1
HM459858,5406,,A,NC_001781.1
HM459858,5406,,G,NC_001781.1
HM459858,5406,,A,NC_001781.1
HM459858,5406,,G,NC_001781.1
HM459858,5406,,A,NC_001781.1
HM459858,5406,,G,NC_001781.1
HM459858,5406,,A,NC_001781.1
HM459858,5406,,G,NC_001781.1
HM459858,5406,,A,NC_001781.1
HM459858,5406,,C,NC_001781.1
HM459858,5406,,A,NC_001781.1
HM459858,5406,,C,NC_001781.1
HM459858,5406,,C,NC_001781.1
HM459858,5406,,A,NC_001781.1
HM459858,5406,,G,NC_001781.1
HM459858,5406,,C,NC_001781.1
HM459858,5406,,A,NC_001781.1
HM459858,5406,,C,NC_001781.1
HM459858,5406,,C,NC_001781.1
HM459858,5406,,C,NC_001781.1
HM459858,5406,,C,NC_001781.1
HM459858,5406,,A,NC_001781.1
HM459858,5406,,C,NC_001781.1
HM459858,5406,,A,NC_001781.1
HM459858,5406,,A,NC_001781.1
HM459858,5406,,T,NC_001781.1
HM459858,5406,,C,NC_001781.1
HM459858,5406,,C,NC_001781.1
HM459858,5406,,A,NC_001781.1
HM459858,5406,,C,NC_001781.1
HM459858,5406,,T,NC_001781.1
HM459858,5406,,G,NC_001781.1
HM459858,5406,,T,NC_001781.1
HM459858,5406,,G,NC_001781.1
HM459858,5406,,C,NC_001781.1
HM459858,5406,,T,NC_001781.1
HM459858,5406,,C,NC_001781.1
HM459858,5406,,G,NC_001781.1
HM459858,5406,,A,NC_001781.1
HM459858,5406,,C,NC_001781.1
HM459858,5406,,A,NC_001781.1
HM459858,5406,,C,NC_001781.1
HM459858,5406,,A,NC_001781.1
HM459858,5406,,A,NC_001781.1
HM459858,5406,,C,NC_001781.1
HM459858,5406,,T,NC_001781.1
HM459858,5406,,A,NC_001781.1
HM459858,5406,,C,NC_001781.1
HM459858,5406,,A,NC_001781.1
HM459858,5406,,T,NC_001781.1
HM459858,5406,,C,NC_001781.1
HM459858,5406,,A,NC_001781.1
HM459858,5406,,A,NC_001781.1
HM459858,5406,,A,NC_001781.1
HM459858,5406,,A,NC_001781.1
HM459858,5406,,C,NC_001781.1
HM459858,5406,,A,NC_001781.1
HM459858,5429,C,T,NC_001781.1
HM459858,5438,C,T,NC_001781.1
HM459858,5459,T,C,NC_001781.1
HM459858,5461,G,A,NC_001781.1
HM459858,5488,C,T,NC_001781.1
HM459858,5550,T,C,NC_001781.1
HM459858,5566,C,T,NC_001781.1
HM459858,5571,T,,NC_001781.1
HM459858,5574,,T,NC_001781.1
HM459858,5575,C,T,NC_001781.1
HM459858,5577,A,G,NC_001781.1
HM459858,5581,C,T,NC_001781.1
HM459859,5332,G,A,NC_001781.1
HM459859,5335,C,T,NC_001781.1
HM459859,5345,C,T,NC_001781.1
HM459859,5355,G,,NC_001781.1
HM459859,5358,,T,NC_001781.1
HM459859,5370,T,C,NC_001781.1
HM459859,5375,C,T,NC_001781.1
HM459859,5399,T,C,NC_001781.1
HM459859,5402,C,A,NC_001781.1
HM459859,5406,,C,NC_001781.1
HM459859,5406,,A,NC_001781.1
HM459859,5406,,C,NC_001781.1
HM459859,5406,,A,NC_001781.1
HM459859,5406,,A,NC_001781.1
HM459859,5406,,A,NC_001781.1
HM459859,5406,,A,NC_001781.1
HM459859,5406,,A,NC_001781.1
HM459859,5406,,G,NC_001781.1
HM459859,5406,,A,NC_001781.1
HM459859,5406,,G,NC_001781.1
HM459859,5406,,A,NC_001781.1
HM459859,5406,,C,NC_001781.1
HM459859,5406,,A,NC_001781.1
HM459859,5406,,C,NC_001781.1
HM459859,5406,,C,NC_001781.1
HM459859,5406,,A,NC_001781.1
HM459859,5406,,G,NC_001781.1
HM459859,5406,,C,NC_001781.1
HM459859,5406,,A,NC_001781.1
HM459859,5406,,C,NC_001781.1
HM459859,5406,,C,NC_001781.1
HM459859,5406,,C,NC_001781.1
HM459859,5406,,C,NC_001781.1
HM459859,5406,,A,NC_001781.1
HM459859,5406,,C,NC_001781.1
HM459859,5406,,A,NC_001781.1
HM459859,5406,,A,NC_001781.1
HM459859,5406,,T,NC_001781.1
HM459859,5406,,C,NC_001781.1
HM459859,5406,,C,NC_001781.1
HM459859,5406,,A,NC_001781.1
HM459859,5406,,C,NC_001781.1
HM459859,5406,,T,NC_001781.1
HM459859,5406,,G,NC_001781.1
HM459859,5406,,T,NC_001781.1
HM459859,5406,,G,NC_001781.1
HM459859,5406,,C,NC_001781.1
HM459859,5406,,T,NC_001781.1
HM459859,5406,,C,NC_001781.1
HM459859,5406,,G,NC_001781.1
HM459859,5406,,A,NC_001781.1
HM459859,5406,,C,NC_001781.1
HM459859,5406,,A,NC_001781.1
HM459859,5406,,C,NC_001781.1
HM459859,5406,,A,NC_001781.1
HM459859,5406,,A,NC_001781.1
HM459859,5406,,C,NC_001781.1
HM459859,5406,,T,NC_001781.1
HM459859,5406,,A,NC_001781.1
HM459859,5406,,C,NC_001781.1
HM459859,5406,,A,NC_001781.1
HM459859,5406,,T,NC_001781.1
HM459859,5406,,C,NC_001781.1
HM459859,5406,,A,NC_001781.1
HM459859,5406,,A,NC_001781.1
HM459859,5406,,A,NC_001781.1
HM459859,5406,,A,NC_001781.1
HM459859,5406,,C,NC_001781.1
HM459859,5406,,A,NC_001781.1
HM459859,5438,C,T,NC_001781.1
HM459859,5459,T,C,NC_001781.1
HM459859,5461,G,A,NC_001781.1
HM459859,5488,C,T,NC_001781.1
HM459859,5550,T,C,NC_001781.1
HM459859,5566,C,T,NC_001781.1
HM459859,5571,T,,NC_001781.1
HM459859,5574,,T,NC_001781.1
HM459859,5575,C,T,NC_001781.1
HM459859,5577,A,G,NC_001781.1
HM459859,5581,C,T,NC_001781.1
HM459863,5332,G,A,NC_001781.1
HM459863,5345,C,T,NC_001781.1
HM459863,5355,G,,NC_001781.1
HM459863,5358,,T,NC_001781.1
HM459863,5370,T,C,NC_001781.1
HM459863,5375,C,T,NC_001781.1
HM459863,5399,T,C,NC_001781.1
HM459863,5402,C,A,NC_001781.1
HM459863,5406,,C,NC_001781.1
HM459863,5406,,A,NC_001781.1
HM459863,5406,,C,NC_001781.1
HM459863,5406,,A,NC_001781.1
HM459863,5406,,A,NC_001781.1
HM459863,5406,,A,NC_001781.1
HM459863,5406,,A,NC_001781.1
HM459863,5406,,A,NC_001781.1
HM459863,5406,,G,NC_001781.1
HM459863,5406,,A,NC_001781.1
HM459863,5406,,G,NC_001781.1
HM459863,5406,,A,NC_001781.1
HM459863,5406,,C,NC_001781.1
HM459863,5406,,A,NC_001781.1
HM459863,5406,,C,NC_001781.1
HM459863,5406,,C,NC_001781.1
HM459863,5406,,A,NC_001781.1
HM459863,5406,,G,NC_001781.1
HM459863,5406,,C,NC_001781.1
HM459863,5406,,A,NC_001781.1
HM459863,5406,,C,NC_001781.1
HM459863,5406,,C,NC_001781.1
HM459863,5406,,C,NC_001781.1
HM459863,5406,,C,NC_001781.1
HM459863,5406,,A,NC_001781.1
HM459863,5406,,C,NC_001781.1
HM459863,5406,,A,NC_001781.1
HM459863,5406,,A,NC_001781.1
HM459863,5406,,T,NC_001781.1
HM459863,5406,,C,NC_001781.1
HM459863,5406,,C,NC_001781.1
HM459863,5406,,A,NC_001781.1
HM459863,5406,,C,NC_001781.1
HM459863,5406,,T,NC_001781.1
HM459863,5406,,G,NC_001781.1
HM459863,5406,,T,NC_001781.1
HM459863,5406,,G,NC_001781.1
HM459863,5406,,C,NC_001781.1
HM459863,5406,,T,NC_001781.1
HM459863,5406,,C,NC_001781.1
HM459863,5406,,G,NC_001781.1
HM459863,5406,,A,NC_001781.1
HM459863,5406,,C,NC_001781.1
HM459863,5406,,A,NC_001781.1
HM459863,5406,,C,NC_001781.1
HM459863,5406,,A,NC_001781.1
HM459863,5406,,A,NC_001781.1
HM459863,5406,,C,NC_001781.1
HM459863,5406,,T,NC_001781.1
HM459863,5406,,A,NC_001781.1
HM459863,5406,,C,NC_001781.1
HM459863,5406,,A,NC_001781.1
HM459863,5406,,T,NC_001781.1
HM459863,5406,,C,NC_001781.1
HM459863,5406,,A,NC_001781.1
HM459863,5406,,A,NC_001781.1
HM459863,5406,,A,NC_001781.1
HM459863,5406,,A,NC_001781.1
HM459863,5406,,C,NC_001781.1
HM459863,5406,,A,NC_001781.1
HM459863,5438,C,T,NC_001781.1
HM459863,5459,T,C,NC_001781.1
HM459863,5461,G,A,NC_001781.1
HM459863,5488,C,T,NC_001781.1
HM459863,5492,C,T,NC_001781.1
HM459863,5537,C,T,NC_001781.1
HM459863,5550,T,C,NC_001781.1
HM459863,5566,C,T,NC_001781.1
HM459863,5571,T,,NC_001781.1
HM459863,5574,,T,NC_001781.1
HM459863,5575,C,T,NC_001781.1
HM459863,5577,A,G,NC_001781.1
HM459863,5581,C,T,NC_001781.1
HM459861,5332,G,A,NC_001781.1
HM459861,5345,C,T,NC_001781.1
HM459861,5355,G,,NC_001781.1
HM459861,5358,,T,NC_001781.1
HM459861,5370,T,C,NC_001781.1
HM459861,5375,C,T,NC_001781.1
HM459861,5399,T,C,NC_001781.1
HM459861,5402,C,A,NC_001781.1
HM459861,5406,,C,NC_001781.1
HM459861,5406,,A,NC_001781.1
HM459861,5406,,C,NC_001781.1
HM459861,5406,,A,NC_001781.1
HM459861,5406,,G,NC_001781.1
HM459861,5406,,A,NC_001781.1
HM459861,5406,,A,NC_001781.1
HM459861,5406,,A,NC_001781.1
HM459861,5406,,G,NC_001781.1
HM459861,5406,,A,NC_001781.1
HM459861,5406,,G,NC_001781.1
HM459861,5406,,A,NC_001781.1
HM459861,5406,,C,NC_001781.1
HM459861,5406,,A,NC_001781.1
HM459861,5406,,C,NC_001781.1
HM459861,5406,,C,NC_001781.1
HM459861,5406,,A,NC_001781.1
HM459861,5406,,G,NC_001781.1
HM459861,5406,,C,NC_001781.1
HM459861,5406,,A,NC_001781.1
HM459861,5406,,C,NC_001781.1
HM459861,5406,,C,NC_001781.1
HM459861,5406,,C,NC_001781.1
HM459861,5406,,C,NC_001781.1
HM459861,5406,,A,NC_001781.1
HM459861,5406,,C,NC_001781.1
HM459861,5406,,A,NC_001781.1
HM459861,5406,,A,NC_001781.1
HM459861,5406,,T,NC_001781.1
HM459861,5406,,C,NC_001781.1
HM459861,5406,,C,NC_001781.1
HM459861,5406,,A,NC_001781.1
HM459861,5406,,C,NC_001781.1
HM459861,5406,,T,NC_001781.1
HM459861,5406,,G,NC_001781.1
HM459861,5406,,T,NC_001781.1
HM459861,5406,,G,NC_001781.1
HM459861,5406,,C,NC_001781.1
HM459861,5406,,T,NC_001781.1
HM459861,5406,,C,NC_001781.1
HM459861,5406,,G,NC_001781.1
HM459861,5406,,A,NC_001781.1
HM459861,5406,,C,NC_001781.1
HM459861,5406,,A,NC_001781.1
HM459861,5406,,C,NC_001781.1
HM459861,5406,,A,NC_001781.1
HM459861,5406,,A,NC_001781.1
HM459861,5406,,C,NC_001781.1
HM459861,5406,,T,NC_001781.1
HM459861,5406,,A,NC_001781.1
HM459861,5406,,C,NC_001781.1
HM459861,5406,,A,NC_001781.1
HM459861,5406,,T,NC_001781.1
HM459861,5406,,C,NC_001781.1
HM459861,5406,,A,NC_001781.1
HM459861,5406,,A,NC_001781.1
HM459861,5406,,A,NC_001781.1
HM459861,5406,,A,NC_001781.1
HM459861,5406,,C,NC_001781.1
HM459861,5406,,A,NC_001781.1
HM459861,5438,C,T,NC_001781.1
HM459861,5459,T,C,NC_001781.1
HM459861,5461,G,A,NC_001781.1
HM459861,5488,C,T,NC_001781.1
HM459861,5492,C,T,NC_001781.1
HM459861,5537,C,T,NC_001781.1
HM459861,5550,T,C,NC_001781.1
HM459861,5566,C,T,NC_001781.1
HM459861,5571,T,,NC_001781.1
HM459861,5574,,T,NC_001781.1
HM459861,5575,C,T,NC_001781.1
HM459861,5577,A,G,NC_001781.1
HM459861,5581,C,T,NC_001781.1
HM459862,5332,G,A,NC_001781.1
HM459862,5345,C,T,NC_001781.1
HM459862,5355,G,,NC_001781.1
HM459862,5358,,T,NC_001781.1
HM459862,5370,T,C,NC_001781.1
HM459862,5375,C,T,NC_001781.1
HM459862,5393,C,T,NC_001781.1
HM459862,5399,T,C,NC_001781.1
HM459862,5402,C,A,NC_001781.1
HM459862,5406,,C,NC_001781.1
HM459862,5406,,A,NC_001781.1
HM459862,5406,,C,NC_001781.1
HM459862,5406,,A,NC_001781.1
HM459862,5406,,G,NC_001781.1
HM459862,5406,,A,NC_001781.1
HM459862,5406,,A,NC_001781.1
HM459862,5406,,A,NC_001781.1
HM459862,5406,,G,NC_001781.1
HM459862,5406,,A,NC_001781.1
HM459862,5406,,G,NC_001781.1
HM459862,5406,,A,NC_001781.1
HM459862,5406,,C,NC_001781.1
HM459862,5406,,A,NC_001781.1
HM459862,5406,,C,NC_001781.1
HM459862,5406,,C,NC_001781.1
HM459862,5406,,A,NC_001781.1
HM459862,5406,,G,NC_001781.1
HM459862,5406,,C,NC_001781.1
HM459862,5406,,A,NC_001781.1
HM459862,5406,,C,NC_001781.1
HM459862,5406,,C,NC_001781.1
HM459862,5406,,C,NC_001781.1
HM459862,5406,,C,NC_001781.1
HM459862,5406,,A,NC_001781.1
HM459862,5406,,C,NC_001781.1
HM459862,5406,,A,NC_001781.1
HM459862,5406,,A,NC_001781.1
HM459862,5406,,T,NC_001781.1
HM459862,5406,,C,NC_001781.1
HM459862,5406,,C,NC_001781.1
HM459862,5406,,A,NC_001781.1
HM459862,5406,,C,NC_001781.1
HM459862,5406,,T,NC_001781.1
HM459862,5406,,G,NC_001781.1
HM459862,5406,,T,NC_001781.1
HM459862,5406,,G,NC_001781.1
HM459862,5406,,C,NC_001781.1
HM459862,5406,,T,NC_001781.1
HM459862,5406,,C,NC_001781.1
HM459862,5406,,G,NC_001781.1
HM459862,5406,,A,NC_001781.1
HM459862,5406,,C,NC_001781.1
HM459862,5406,,A,NC_001781.1
HM459862,5406,,C,NC_001781.1
HM459862,5406,,A,NC_001781.1
HM459862,5406,,A,NC_001781.1
HM459862,5406,,C,NC_001781.1
HM459862,5406,,T,NC_001781.1
HM459862,5406,,A,NC_001781.1
HM459862,5406,,C,NC_001781.1
HM459862,5406,,A,NC_001781.1
HM459862,5406,,T,NC_001781.1
HM459862,5406,,C,NC_001781.1
HM459862,5406,,A,NC_001781.1
HM459862,5406,,A,NC_001781.1
HM459862,5406,,A,NC_001781.1
HM459862,5406,,A,NC_001781.1
HM459862,5406,,C,NC_001781.1
HM459862,5406,,A,NC_001781.1
HM459862,5438,C,T,NC_001781.1
HM459862,5459,T,C,NC_001781.1
HM459862,5461,G,A,NC_001781.1
HM459862,5488,C,T,NC_001781.1
HM459862,5492,C,T,NC_001781.1
HM459862,5537,C,T,NC_001781.1
HM459862,5550,T,C,NC_001781.1
HM459862,5566,C,T,NC_001781.1
HM459862,5571,T,,NC_001781.1
HM459862,5574,,T,NC_001781.1
HM459862,5575,C,T,NC_001781.1
HM459862,5577,A,G,NC_001781.1
HM459862,5581,C,T,NC_001781.1
HM459867,5345,C,T,NC_001781.1
HM459867,5355,G,A,NC_001781.1
HM459867,5356,A,C,NC_001781.1
HM459867,5370,T,C,NC_001781.1
HM459867,5375,C,T,NC_001781.1
HM459867,5376,C,T,NC_001781.1
HM459867,5399,T,C,NC_001781.1
HM459867,5402,C,A,NC_001781.1
HM459867,5406,,C,NC_001781.1
HM459867,5406,,A,NC_001781.1
HM459867,5406,,C,NC_001781.1
HM459867,5406,,A,NC_001781.1
HM459867,5406,,G,NC_001781.1
HM459867,5406,,A,NC_001781.1
HM459867,5406,,A,NC_001781.1
HM459867,5406,,A,NC_001781.1
HM459867,5406,,G,NC_001781.1
HM459867,5406,,A,NC_001781.1
HM459867,5406,,G,NC_001781.1
HM459867,5406,,A,NC_001781.1
HM459867,5406,,C,NC_001781.1
HM459867,5406,,A,NC_001781.1
HM459867,5406,,C,NC_001781.1
HM459867,5406,,C,NC_001781.1
HM459867,5406,,A,NC_001781.1
HM459867,5406,,G,NC_001781.1
HM459867,5406,,C,NC_001781.1
HM459867,5406,,A,NC_001781.1
HM459867,5406,,C,NC_001781.1
HM459867,5406,,C,NC_001781.1
HM459867,5406,,C,NC_001781.1
HM459867,5406,,C,NC_001781.1
HM459867,5406,,A,NC_001781.1
HM459867,5406,,C,NC_001781.1
HM459867,5406,,A,NC_001781.1
HM459867,5406,,A,NC_001781.1
HM459867,5406,,T,NC_001781.1
HM459867,5406,,C,NC_001781.1
HM459867,5406,,C,NC_001781.1
HM459867,5406,,A,NC_001781.1
HM459867,5406,,C,NC_001781.1
HM459867,5406,,T,NC_001781.1
HM459867,5406,,G,NC_001781.1
HM459867,5406,,T,NC_001781.1
HM459867,5406,,G,NC_001781.1
HM459867,5406,,C,NC_001781.1
HM459867,5406,,T,NC_001781.1
HM459867,5406,,C,NC_001781.1
HM459867,5406,,G,NC_001781.1
HM459867,5406,,A,NC_001781.1
HM459867,5406,,C,NC_001781.1
HM459867,5406,,A,NC_001781.1
HM459867,5406,,C,NC_001781.1
HM459867,5406,,A,NC_001781.1
HM459867,5406,,A,NC_001781.1
HM459867,5406,,C,NC_001781.1
HM459867,5406,,C,NC_001781.1
HM459867,5406,,A,NC_001781.1
HM459867,5406,,C,NC_001781.1
HM459867,5406,,A,NC_001781.1
HM459867,5406,,T,NC_001781.1
HM459867,5406,,C,NC_001781.1
HM459867,5406,,A,NC_001781.1
HM459867,5406,,A,NC_001781.1
HM459867,5406,,A,NC_001781.1
HM459867,5406,,A,NC_001781.1
HM459867,5406,,C,NC_001781.1
HM459867,5406,,A,NC_001781.1
HM459867,5438,C,T,NC_001781.1
HM459867,5459,T,C,NC_001781.1
HM459867,5461,G,A,NC_001781.1
HM459867,5466,C,T,NC_001781.1
HM459867,5488,C,T,NC_001781.1
HM459867,5550,T,C,NC_001781.1
HM459867,5571,T,,NC_001781.1
HM459867,5574,,T,NC_001781.1
HM459867,5577,A,G,NC_001781.1
HM459867,5581,C,T,NC_001781.1
HM459867,5595,,T,NC_001781.1
HM459864,5345,C,T,NC_001781.1
HM459864,5355,G,A,NC_001781.1
HM459864,5356,A,C,NC_001781.1
HM459864,5370,T,C,NC_001781.1
HM459864,5375,C,T,NC_001781.1
HM459864,5376,C,T,NC_001781.1
HM459864,5399,T,C,NC_001781.1
HM459864,5402,C,A,NC_001781.1
HM459864,5406,,C,NC_001781.1
HM459864,5406,,A,NC_001781.1
HM459864,5406,,C,NC_001781.1
HM459864,5406,,A,NC_001781.1
HM459864,5406,,G,NC_001781.1
HM459864,5406,,A,NC_001781.1
HM459864,5406,,A,NC_001781.1
HM459864,5406,,A,NC_001781.1
HM459864,5406,,G,NC_001781.1
HM459864,5406,,A,NC_001781.1
HM459864,5406,,G,NC_001781.1
HM459864,5406,,A,NC_001781.1
HM459864,5406,,C,NC_001781.1
HM459864,5406,,A,NC_001781.1
HM459864,5406,,C,NC_001781.1
HM459864,5406,,C,NC_001781.1
HM459864,5406,,A,NC_001781.1
HM459864,5406,,G,NC_001781.1
HM459864,5406,,C,NC_001781.1
HM459864,5406,,A,NC_001781.1
HM459864,5406,,C,NC_001781.1
HM459864,5406,,C,NC_001781.1
HM459864,5406,,C,NC_001781.1
HM459864,5406,,C,NC_001781.1
HM459864,5406,,A,NC_001781.1
HM459864,5406,,C,NC_001781.1
HM459864,5406,,A,NC_001781.1
HM459864,5406,,A,NC_001781.1
HM459864,5406,,T,NC_001781.1
HM459864,5406,,C,NC_001781.1
HM459864,5406,,C,NC_001781.1
HM459864,5406,,A,NC_001781.1
HM459864,5406,,C,NC_001781.1
HM459864,5406,,T,NC_001781.1
HM459864,5406,,G,NC_001781.1
HM459864,5406,,T,NC_001781.1
HM459864,5406,,G,NC_001781.1
HM459864,5406,,C,NC_001781.1
HM459864,5406,,T,NC_001781.1
HM459864,5406,,T,NC_001781.1
HM459864,5406,,G,NC_001781.1
HM459864,5406,,A,NC_001781.1
HM459864,5406,,C,NC_001781.1
HM459864,5406,,A,NC_001781.1
HM459864,5406,,C,NC_001781.1
HM459864,5406,,A,NC_001781.1
HM459864,5406,,A,NC_001781.1
HM459864,5406,,C,NC_001781.1
HM459864,5406,,C,NC_001781.1
HM459864,5406,,A,NC_001781.1
HM459864,5406,,C,NC_001781.1
HM459864,5406,,A,NC_001781.1
HM459864,5406,,T,NC_001781.1
HM459864,5406,,C,NC_001781.1
HM459864,5406,,A,NC_001781.1
HM459864,5406,,A,NC_001781.1
HM459864,5406,,A,NC_001781.1
HM459864,5406,,A,NC_001781.1
HM459864,5406,,C,NC_001781.1
HM459864,5406,,A,NC_001781.1
HM459864,5438,C,T,NC_001781.1
HM459864,5448,C,T,NC_001781.1
HM459864,5459,T,C,NC_001781.1
HM459864,5461,G,A,NC_001781.1
HM459864,5488,C,T,NC_001781.1
HM459864,5550,T,C,NC_001781.1
HM459864,5571,T,,NC_001781.1
HM459864,5574,,T,NC_001781.1
HM459864,5577,A,G,NC_001781.1
HM459864,5581,C,T,NC_001781.1
HM459864,5595,,T,NC_001781.1
HM459865,5345,C,T,NC_001781.1
HM459865,5355,G,A,NC_001781.1
HM459865,5356,A,C,NC_001781.1
HM459865,5370,T,C,NC_001781.1
HM459865,5375,C,T,NC_001781.1
HM459865,5376,C,T,NC_001781.1
HM459865,5399,T,C,NC_001781.1
HM459865,5402,C,A,NC_001781.1
HM459865,5406,,C,NC_001781.1
HM459865,5406,,A,NC_001781.1
HM459865,5406,,C,NC_001781.1
HM459865,5406,,A,NC_001781.1
HM459865,5406,,G,NC_001781.1
HM459865,5406,,A,NC_001781.1
HM459865,5406,,A,NC_001781.1
HM459865,5406,,A,NC_001781.1
HM459865,5406,,G,NC_001781.1
HM459865,5406,,A,NC_001781.1
HM459865,5406,,G,NC_001781.1
HM459865,5406,,A,NC_001781.1
HM459865,5406,,C,NC_001781.1
HM459865,5406,,A,NC_001781.1
HM459865,5406,,C,NC_001781.1
HM459865,5406,,C,NC_001781.1
HM459865,5406,,A,NC_001781.1
HM459865,5406,,G,NC_001781.1
HM459865,5406,,C,NC_001781.1
HM459865,5406,,A,NC_001781.1
HM459865,5406,,C,NC_001781.1
HM459865,5406,,C,NC_001781.1
HM459865,5406,,C,NC_001781.1
HM459865,5406,,C,NC_001781.1
HM459865,5406,,A,NC_001781.1
HM459865,5406,,C,NC_001781.1
HM459865,5406,,A,NC_001781.1
HM459865,5406,,A,NC_001781.1
HM459865,5406,,T,NC_001781.1
HM459865,5406,,C,NC_001781.1
HM459865,5406,,C,NC_001781.1
HM459865,5406,,A,NC_001781.1
HM459865,5406,,C,NC_001781.1
HM459865,5406,,T,NC_001781.1
HM459865,5406,,G,NC_001781.1
HM459865,5406,,T,NC_001781.1
HM459865,5406,,G,NC_001781.1
HM459865,5406,,C,NC_001781.1
HM459865,5406,,T,NC_001781.1
HM459865,5406,,C,NC_001781.1
HM459865,5406,,G,NC_001781.1
HM459865,5406,,A,NC_001781.1
HM459865,5406,,C,NC_001781.1
HM459865,5406,,A,NC_001781.1
HM459865,5406,,C,NC_001781.1
HM459865,5406,,A,NC_001781.1
HM459865,5406,,A,NC_001781.1
HM459865,5406,,C,NC_001781.1
HM459865,5406,,C,NC_001781.1
HM459865,5406,,A,NC_001781.1
HM459865,5406,,C,NC_001781.1
HM459865,5406,,A,NC_001781.1
HM459865,5406,,T,NC_001781.1
HM459865,5406,,C,NC_001781.1
HM459865,5406,,A,NC_001781.1
HM459865,5406,,A,NC_001781.1
HM459865,5406,,A,NC_001781.1
HM459865,5406,,A,NC_001781.1
HM459865,5406,,C,NC_001781.1
HM459865,5406,,A,NC_001781.1
HM459865,5438,C,T,NC_001781.1
HM459865,5459,T,C,NC_001781.1
HM459865,5461,G,A,NC_001781.1
HM459865,5488,C,T,NC_001781.1
HM459865,5542,G,A,NC_001781.1
HM459865,5550,T,C,NC_001781.1
HM459865,5571,T,,NC_001781.1
HM459865,5574,,T,NC_001781.1
HM459865,5577,A,G,NC_001781.1
HM459865,5581,C,T,NC_001781.1
HM459865,5595,,T,NC_001781.1
HM459866,5345,C,T,NC_001781.1
HM459866,5355,G,A,NC_001781.1
HM459866,5356,A,C,NC_001781.1
HM459866,5370,T,C,NC_001781.1
HM459866,5375,C,T,NC_001781.1
HM459866,5376,C,T,NC_001781.1
HM459866,5399,T,C,NC_001781.1
HM459866,5402,C,A,NC_001781.1
HM459866,5406,,C,NC_001781.1
HM459866,5406,,A,NC_001781.1
HM459866,5406,,C,NC_001781.1
HM459866,5406,,A,NC_001781.1
HM459866,5406,,G,NC_001781.1
HM459866,5406,,A,NC_001781.1
HM459866,5406,,A,NC_001781.1
HM459866,5406,,A,NC_001781.1
HM459866,5406,,G,NC_001781.1
HM459866,5406,,A,NC_001781.1
HM459866,5406,,G,NC_001781.1
HM459866,5406,,A,NC_001781.1
HM459866,5406,,C,NC_001781.1
HM459866,5406,,A,NC_001781.1
HM459866,5406,,C,NC_001781.1
HM459866,5406,,C,NC_001781.1
HM459866,5406,,A,NC_001781.1
HM459866,5406,,G,NC_001781.1
HM459866,5406,,C,NC_001781.1
HM459866,5406,,A,NC_001781.1
HM459866,5406,,C,NC_001781.1
HM459866,5406,,C,NC_001781.1
HM459866,5406,,C,NC_001781.1
HM459866,5406,,C,NC_001781.1
HM459866,5406,,A,NC_001781.1
HM459866,5406,,C,NC_001781.1
HM459866,5406,,A,NC_001781.1
HM459866,5406,,A,NC_001781.1
HM459866,5406,,T,NC_001781.1
HM459866,5406,,C,NC_001781.1
HM459866,5406,,C,NC_001781.1
HM459866,5406,,A,NC_001781.1
HM459866,5406,,C,NC_001781.1
HM459866,5406,,T,NC_001781.1
HM459866,5406,,G,NC_001781.1
HM459866,5406,,T,NC_001781.1
HM459866,5406,,G,NC_001781.1
HM459866,5406,,C,NC_001781.1
HM459866,5406,,T,NC_001781.1
HM459866,5406,,C,NC_001781.1
HM459866,5406,,G,NC_001781.1
HM459866,5406,,A,NC_001781.1
HM459866,5406,,C,NC_001781.1
HM459866,5406,,A,NC_001781.1
HM459866,5406,,C,NC_001781.1
HM459866,5406,,A,NC_001781.1
HM459866,5406,,A,NC_001781.1
HM459866,5406,,C,NC_001781.1
HM459866,5406,,C,NC_001781.1
HM459866,5406,,A,NC_001781.1
HM459866,5406,,C,NC_001781.1
HM459866,5406,,A,NC_001781.1
HM459866,5406,,T,NC_001781.1
HM459866,5406,,C,NC_001781.1
HM459866,5406,,A,NC_001781.1
HM459866,5406,,A,NC_001781.1
HM459866,5406,,A,NC_001781.1
HM459866,5406,,A,NC_001781.1
HM459866,5406,,C,NC_001781.1
HM459866,5406,,A,NC_001781.1
HM459866,5438,C,T,NC_001781.1
HM459866,5459,T,C,NC_001781.1
HM459866,5461,G,A,NC_001781.1
HM459866,5488,C,T,NC_001781.1
HM459866,5550,T,C,NC_001781.1
HM459866,5571,T,,NC_001781.1
HM459866,5574,,T,NC_001781.1
HM459866,5577,A,G,NC_001781.1
HM459866,5581,C,T,NC_001781.1
HM459866,5595,,T,NC_001781.1
HM459876,5337,A,T,NC_001781.1
HM459876,5345,C,T,NC_001781.1
HM459876,5355,G,A,NC_001781.1
HM459876,5356,A,C,NC_001781.1
HM459876,5370,T,C,NC_001781.1
HM459876,5375,C,T,NC_001781.1
HM459876,5376,C,T,NC_001781.1
HM459876,5399,T,C,NC_001781.1
HM459876,5402,C,A,NC_001781.1
HM459876,5459,,C,NC_001781.1
HM459876,5459,,A,NC_001781.1
HM459876,5459,,A,NC_001781.1
HM459876,5459,,A,NC_001781.1
HM459876,5459,,A,NC_001781.1
HM459876,5459,,C,NC_001781.1
HM459876,5459,,A,NC_001781.1
HM459876,5459,,C,NC_001781.1
HM459876,5459,,A,NC_001781.1
HM459876,5459,,C,NC_001781.1
HM459876,5459,,A,NC_001781.1
HM459876,5459,,G,NC_001781.1
HM459876,5459,,A,NC_001781.1
HM459876,5459,,A,NC_001781.1
HM459876,5459,,A,NC_001781.1
HM459876,5459,,G,NC_001781.1
HM459876,5459,,A,NC_001781.1
HM459876,5459,,G,NC_001781.1
HM459876,5459,,A,NC_001781.1
HM459876,5459,,C,NC_001781.1
HM459876,5459,,A,NC_001781.1
HM459876,5459,,C,NC_001781.1
HM459876,5459,,C,NC_001781.1
HM459876,5459,,A,NC_001781.1
HM459876,5459,,G,NC_001781.1
HM459876,5459,,C,NC_001781.1
HM459876,5459,,A,NC_001781.1
HM459876,5459,,C,NC_001781.1
HM459876,5459,,C,NC_001781.1
HM459876,5459,,T,NC_001781.1
HM459876,5459,,C,NC_001781.1
HM459876,5459,,A,NC_001781.1
HM459876,5459,,C,NC_001781.1
HM459876,5459,,A,NC_001781.1
HM459876,5459,,A,NC_001781.1
HM459876,5459,,T,NC_001781.1
HM459876,5459,,C,NC_001781.1
HM459876,5459,,C,NC_001781.1
HM459876,5459,,A,NC_001781.1
HM459876,5459,,T,NC_001781.1
HM459876,5459,,T,NC_001781.1
HM459876,5459,,G,NC_001781.1
HM459876,5459,,C,NC_001781.1
HM459876,5459,,G,NC_001781.1
HM459876,5459,,C,NC_001781.1
HM459876,5459,,T,NC_001781.1
HM459876,5459,,T,NC_001781.1
HM459876,5459,,G,NC_001781.1
HM459876,5459,,A,NC_001781.1
HM459876,5459,,C,NC_001781.1
HM459876,5459,,A,NC_001781.1
HM459876,5459,,C,NC_001781.1
HM459876,5459,,A,NC_001781.1
HM459876,5459,,A,NC_001781.1
HM459876,5459,,C,NC_001781.1
HM459876,5459,,C,NC_001781.1
HM459876,5459,,A,NC_001781.1
HM459876,5459,,C,NC_001781.1
HM459876,5459,,AC,NC_001781.1
HM459876,5461,G,A,NC_001781.1
HM459876,5484,C,T,NC_001781.1
HM459876,5488,C,T,NC_001781.1
HM459876,5550,T,C,NC_001781.1
HM459876,5566,C,T,NC_001781.1
HM459876,5571,T,,NC_001781.1
HM459876,5574,,T,NC_001781.1
HM459876,5577,A,G,NC_001781.1
HM459876,5581,C,T,NC_001781.1
HM459876,5595,,T,NC_001781.1
HM459872,5345,C,T,NC_001781.1
HM459872,5355,G,A,NC_001781.1
HM459872,5356,A,C,NC_001781.1
HM459872,5366,A,G,NC_001781.1
HM459872,5370,T,C,NC_001781.1
HM459872,5375,C,T,NC_001781.1
HM459872,5376,C,T,NC_001781.1
HM459872,5399,,C,NC_001781.1
HM459872,5399,,A,NC_001781.1
HM459872,5399,,A,NC_001781.1
HM459872,5399,,A,NC_001781.1
HM459872,5399,,G,NC_001781.1
HM459872,5399,,A,NC_001781.1
HM459872,5399,,C,NC_001781.1
HM459872,5399,,C,NC_001781.1
HM459872,5399,,A,NC_001781.1
HM459872,5399,,C,NC_001781.1
HM459872,5399,,A,NC_001781.1
HM459872,5399,,G,NC_001781.1
HM459872,5399,,A,NC_001781.1
HM459872,5399,,A,NC_001781.1
HM459872,5399,,A,NC_001781.1
HM459872,5399,,G,NC_001781.1
HM459872,5399,,A,NC_001781.1
HM459872,5399,,G,NC_001781.1
HM459872,5399,,A,NC_001781.1
HM459872,5399,,C,NC_001781.1
HM459872,5399,,A,NC_001781.1
HM459872,5399,,C,NC_001781.1
HM459872,5399,,C,NC_001781.1
HM459872,5399,,A,NC_001781.1
HM459872,5399,,G,NC_001781.1
HM459872,5399,,C,NC_001781.1
HM459872,5399,,A,NC_001781.1
HM459872,5399,,C,NC_001781.1
HM459872,5399,,C,NC_001781.1
HM459872,5399,,C,NC_001781.1
HM459872,5399,,C,NC_001781.1
HM459872,5399,,A,NC_001781.1
HM459872,5399,,C,NC_001781.1
HM459872,5399,,A,NC_001781.1
HM459872,5399,,A,NC_001781.1
HM459872,5399,,T,NC_001781.1
HM459872,5399,,C,NC_001781.1
HM459872,5399,,C,NC_001781.1
HM459872,5399,,A,NC_001781.1
HM459872,5399,,C,NC_001781.1
HM459872,5399,,T,NC_001781.1
HM459872,5399,,T,NC_001781.1
HM459872,5399,,T,NC_001781.1
HM459872,5399,,G,NC_001781.1
HM459872,5399,,C,NC_001781.1
HM459872,5399,,T,NC_001781.1
HM459872,5399,,C,NC_001781.1
HM459872,5399,,G,NC_001781.1
HM459872,5399,,A,NC_001781.1
HM459872,5399,,C,NC_001781.1
HM459872,5399,,A,NC_001781.1
HM459872,5399,,C,NC_001781.1
HM459872,5399,,A,NC_001781.1
HM459872,5399,,A,NC_001781.1
HM459872,5399,,C,NC_001781.1
HM459872,5399,,C,NC_001781.1
HM459872,5399,,A,NC_001781.1
HM459872,5399,,C,NC_001781.1
HM459872,5399,,A,NC_001781.1
HM459872,5402,C,A,NC_001781.1
HM459872,5403,G,A,NC_001781.1
HM459872,5406,,A,NC_001781.1
HM459872,5438,C,T,NC_001781.1
HM459872,5459,T,C,NC_001781.1
HM459872,5461,G,A,NC_001781.1
HM459872,5466,C,T,NC_001781.1
HM459872,5478,G,A,NC_001781.1
HM459872,5488,C,T,NC_001781.1
HM459872,5550,T,C,NC_001781.1
HM459872,5559,T,C,NC_001781.1
HM459872,5571,T,,NC_001781.1
HM459872,5574,,T,NC_001781.1
HM459872,5577,A,G,NC_001781.1
HM459872,5581,C,T,NC_001781.1
HM459872,5595,,T,NC_001781.1
HM459877,5337,A,T,NC_001781.1
HM459877,5345,C,T,NC_001781.1
HM459877,5355,G,A,NC_001781.1
HM459877,5356,A,C,NC_001781.1
HM459877,5370,T,C,NC_001781.1
HM459877,5375,C,T,NC_001781.1
HM459877,5376,C,T,NC_001781.1
HM459877,5399,T,C,NC_001781.1
HM459877,5402,C,A,NC_001781.1
HM459877,5459,,C,NC_001781.1
HM459877,5459,,A,NC_001781.1
HM459877,5459,,A,NC_001781.1
HM459877,5459,,A,NC_001781.1
HM459877,5459,,A,NC_001781.1
HM459877,5459,,C,NC_001781.1
HM459877,5459,,A,NC_001781.1
HM459877,5459,,C,NC_001781.1
HM459877,5459,,A,NC_001781.1
HM459877,5459,,C,NC_001781.1
HM459877,5459,,A,NC_001781.1
HM459877,5459,,G,NC_001781.1
HM459877,5459,,A,NC_001781.1
HM459877,5459,,A,NC_001781.1
HM459877,5459,,A,NC_001781.1
HM459877,5459,,G,NC_001781.1
HM459877,5459,,A,NC_001781.1
HM459877,5459,,G,NC_001781.1
HM459877,5459,,A,NC_001781.1
HM459877,5459,,C,NC_001781.1
HM459877,5459,,A,NC_001781.1
HM459877,5459,,C,NC_001781.1
HM459877,5459,,C,NC_001781.1
HM459877,5459,,A,NC_001781.1
HM459877,5459,,G,NC_001781.1
HM459877,5459,,C,NC_001781.1
HM459877,5459,,A,NC_001781.1
HM459877,5459,,C,NC_001781.1
HM459877,5459,,C,NC_001781.1
HM459877,5459,,T,NC_001781.1
HM459877,5459,,C,NC_001781.1
HM459877,5459,,A,NC_001781.1
HM459877,5459,,C,NC_001781.1
HM459877,5459,,A,NC_001781.1
HM459877,5459,,A,NC_001781.1
HM459877,5459,,T,NC_001781.1
HM459877,5459,,C,NC_001781.1
HM459877,5459,,C,NC_001781.1
HM459877,5459,,A,NC_001781.1
HM459877,5459,,T,NC_001781.1
HM459877,5459,,T,NC_001781.1
HM459877,5459,,G,NC_001781.1
HM459877,5459,,C,NC_001781.1
HM459877,5459,,G,NC_001781.1
HM459877,5459,,C,NC_001781.1
HM459877,5459,,T,NC_001781.1
HM459877,5459,,T,NC_001781.1
HM459877,5459,,G,NC_001781.1
HM459877,5459,,A,NC_001781.1
HM459877,5459,,C,NC_001781.1
HM459877,5459,,A,NC_001781.1
HM459877,5459,,C,NC_001781.1
HM459877,5459,,A,NC_001781.1
HM459877,5459,,A,NC_001781.1
HM459877,5459,,C,NC_001781.1
HM459877,5459,,C,NC_001781.1
HM459877,5459,,A,NC_001781.1
HM459877,5459,,C,NC_001781.1
HM459877,5459,,AC,NC_001781.1
HM459877,5461,G,A,NC_001781.1
HM459877,5484,C,T,NC_001781.1
HM459877,5488,C,T,NC_001781.1
HM459877,5550,T,C,NC_001781.1
HM459877,5566,C,T,NC_001781.1
HM459877,5571,T,,NC_001781.1
HM459877,5574,,T,NC_001781.1
HM459877,5577,A,G,NC_001781.1
HM459877,5581,C,T,NC_001781.1
HM459877,5595,,T,NC_001781.1
HM459871,5345,C,T,NC_001781.1
HM459871,5355,G,A,NC_001781.1
HM459871,5356,A,C,NC_001781.1
HM459871,5366,A,G,NC_001781.1
HM459871,5370,T,C,NC_001781.1
HM459871,5375,C,T,NC_001781.1
HM459871,5376,C,T,NC_001781.1
HM459871,5399,,C,NC_001781.1
HM459871,5399,,A,NC_001781.1
HM459871,5399,,A,NC_001781.1
HM459871,5399,,A,NC_001781.1
HM459871,5399,,G,NC_001781.1
HM459871,5399,,A,NC_001781.1
HM459871,5399,,C,NC_001781.1
HM459871,5399,,C,NC_001781.1
HM459871,5399,,A,NC_001781.1
HM459871,5399,,C,NC_001781.1
HM459871,5399,,A,NC_001781.1
HM459871,5399,,G,NC_001781.1
HM459871,5399,,A,NC_001781.1
HM459871,5399,,A,NC_001781.1
HM459871,5399,,A,NC_001781.1
HM459871,5399,,G,NC_001781.1
HM459871,5399,,A,NC_001781.1
HM459871,5399,,G,NC_001781.1
HM459871,5399,,A,NC_001781.1
HM459871,5399,,C,NC_001781.1
HM459871,5399,,A,NC_001781.1
HM459871,5399,,C,NC_001781.1
HM459871,5399,,C,NC_001781.1
HM459871,5399,,A,NC_001781.1
HM459871,5399,,G,NC_001781.1
HM459871,5399,,C,NC_001781.1
HM459871,5399,,A,NC_001781.1
HM459871,5399,,C,NC_001781.1
HM459871,5399,,C,NC_001781.1
HM459871,5399,,C,NC_001781.1
HM459871,5399,,C,NC_001781.1
HM459871,5399,,A,NC_001781.1
HM459871,5399,,C,NC_001781.1
HM459871,5399,,A,NC_001781.1
HM459871,5399,,A,NC_001781.1
HM459871,5399,,T,NC_001781.1
HM459871,5399,,C,NC_001781.1
HM459871,5399,,C,NC_001781.1
HM459871,5399,,A,NC_001781.1
HM459871,5399,,C,NC_001781.1
HM459871,5399,,T,NC_001781.1
HM459871,5399,,C,NC_001781.1
HM459871,5399,,T,NC_001781.1
HM459871,5399,,G,NC_001781.1
HM459871,5399,,C,NC_001781.1
HM459871,5399,,T,NC_001781.1
HM459871,5399,,C,NC_001781.1
HM459871,5399,,G,NC_001781.1
HM459871,5399,,A,NC_001781.1
HM459871,5399,,C,NC_001781.1
HM459871,5399,,A,NC_001781.1
HM459871,5399,,C,NC_001781.1
HM459871,5399,,A,NC_001781.1
HM459871,5399,,A,NC_001781.1
HM459871,5399,,C,NC_001781.1
HM459871,5399,,C,NC_001781.1
HM459871,5399,,A,NC_001781.1
HM459871,5399,,C,NC_001781.1
HM459871,5399,,A,NC_001781.1
HM459871,5402,C,A,NC_001781.1
HM459871,5403,G,A,NC_001781.1
HM459871,5406,,A,NC_001781.1
HM459871,5438,C,T,NC_001781.1
HM459871,5459,T,C,NC_001781.1
HM459871,5461,G,A,NC_001781.1
HM459871,5466,C,T,NC_001781.1
HM459871,5478,G,A,NC_001781.1
HM459871,5488,C,T,NC_001781.1
HM459871,5550,T,C,NC_001781.1
HM459871,5559,T,C,NC_001781.1
HM459871,5571,T,,NC_001781.1
HM459871,5574,,T,NC_001781.1
HM459871,5577,A,G,NC_001781.1
HM459871,5581,C,T,NC_001781.1
HM459871,5595,,T,NC_001781.1
HM459873,5345,C,T,NC_001781.1
HM459873,5355,G,A,NC_001781.1
HM459873,5356,A,C,NC_001781.1
HM459873,5366,A,G,NC_001781.1
HM459873,5370,T,C,NC_001781.1
HM459873,5375,C,T,NC_001781.1
HM459873,5376,C,T,NC_001781.1
HM459873,5399,,C,NC_001781.1
HM459873,5399,,A,NC_001781.1
HM459873,5399,,A,NC_001781.1
HM459873,5399,,A,NC_001781.1
HM459873,5399,,G,NC_001781.1
HM459873,5399,,A,NC_001781.1
HM459873,5399,,C,NC_001781.1
HM459873,5399,,C,NC_001781.1
HM459873,5399,,A,NC_001781.1
HM459873,5399,,C,NC_001781.1
HM459873,5399,,A,NC_001781.1
HM459873,5399,,G,NC_001781.1
HM459873,5399,,A,NC_001781.1
HM459873,5399,,A,NC_001781.1
HM459873,5399,,G,NC_001781.1
HM459873,5399,,G,NC_001781.1
HM459873,5399,,A,NC_001781.1
HM459873,5399,,G,NC_001781.1
HM459873,5399,,A,NC_001781.1
HM459873,5399,,C,NC_001781.1
HM459873,5399,,A,NC_001781.1
HM459873,5399,,C,NC_001781.1
HM459873,5399,,C,NC_001781.1
HM459873,5399,,A,NC_001781.1
HM459873,5399,,G,NC_001781.1
HM459873,5399,,C,NC_001781.1
HM459873,5399,,A,NC_001781.1
HM459873,5399,,C,NC_001781.1
HM459873,5399,,C,NC_001781.1
HM459873,5399,,C,NC_001781.1
HM459873,5399,,A,NC_001781.1
HM459873,5399,,A,NC_001781.1
HM459873,5399,,C,NC_001781.1
HM459873,5399,,A,NC_001781.1
HM459873,5399,,A,NC_001781.1
HM459873,5399,,C,NC_001781.1
HM459873,5399,,C,NC_001781.1
HM459873,5399,,C,NC_001781.1
HM459873,5399,,A,NC_001781.1
HM459873,5399,,C,NC_001781.1
HM459873,5399,,T,NC_001781.1
HM459873,5399,,G,NC_001781.1
HM459873,5399,,T,NC_001781.1
HM459873,5399,,G,NC_001781.1
HM459873,5399,,C,NC_001781.1
HM459873,5399,,T,NC_001781.1
HM459873,5399,,C,NC_001781.1
HM459873,5399,,G,NC_001781.1
HM459873,5399,,A,NC_001781.1
HM459873,5399,,C,NC_001781.1
HM459873,5399,,A,NC_001781.1
HM459873,5399,,C,NC_001781.1
HM459873,5399,,A,NC_001781.1
HM459873,5399,,A,NC_001781.1
HM459873,5399,,C,NC_001781.1
HM459873,5399,,C,NC_001781.1
HM459873,5399,,A,NC_001781.1
HM459873,5399,,C,NC_001781.1
HM459873,5399,,A,NC_001781.1
HM459873,5402,C,A,NC_001781.1
HM459873,5403,G,A,NC_001781.1
HM459873,5406,,A,NC_001781.1
HM459873,5438,C,T,NC_001781.1
HM459873,5459,T,C,NC_001781.1
HM459873,5461,G,A,NC_001781.1
HM459873,5478,G,A,NC_001781.1
HM459873,5488,C,T,NC_001781.1
HM459873,5502,C,T,NC_001781.1
HM459873,5520,C,A,NC_001781.1
HM459873,5550,T,C,NC_001781.1
HM459873,5571,T,,NC_001781.1
HM459873,5574,,T,NC_001781.1
HM459873,5577,A,G,NC_001781.1
HM459873,5581,C,T,NC_001781.1
HM459873,5595,,T,NC_001781.1
HM459890,5345,C,T,NC_001781.1
HM459890,5349,C,T,NC_001781.1
HM459890,5355,G,A,NC_001781.1
HM459890,5356,A,C,NC_001781.1
HM459890,5370,T,C,NC_001781.1
HM459890,5375,C,T,NC_001781.1
HM459890,5376,C,T,NC_001781.1
HM459890,5399,T,C,NC_001781.1
HM459890,5402,C,A,NC_001781.1
HM459890,5406,,C,NC_001781.1
HM459890,5406,,A,NC_001781.1
HM459890,5406,,C,NC_001781.1
HM459890,5406,,A,NC_001781.1
HM459890,5406,,G,NC_001781.1
HM459890,5406,,A,NC_001781.1
HM459890,5406,,A,NC_001781.1
HM459890,5406,,A,NC_001781.1
HM459890,5406,,G,NC_001781.1
HM459890,5406,,A,NC_001781.1
HM459890,5406,,G,NC_001781.1
HM459890,5406,,A,NC_001781.1
HM459890,5406,,C,NC_001781.1
HM459890,5406,,A,NC_001781.1
HM459890,5406,,C,NC_001781.1
HM459890,5406,,C,NC_001781.1
HM459890,5406,,A,NC_001781.1
HM459890,5406,,G,NC_001781.1
HM459890,5406,,C,NC_001781.1
HM459890,5406,,A,NC_001781.1
HM459890,5406,,C,NC_001781.1
HM459890,5406,,C,NC_001781.1
HM459890,5406,,C,NC_001781.1
HM459890,5406,,C,NC_001781.1
HM459890,5406,,A,NC_001781.1
HM459890,5406,,C,NC_001781.1
HM459890,5406,,A,NC_001781.1
HM459890,5406,,A,NC_001781.1
HM459890,5406,,T,NC_001781.1
HM459890,5406,,C,NC_001781.1
HM459890,5406,,C,NC_001781.1
HM459890,5406,,A,NC_001781.1
HM459890,5406,,C,NC_001781.1
HM459890,5406,,T,NC_001781.1
HM459890,5406,,G,NC_001781.1
HM459890,5406,,T,NC_001781.1
HM459890,5406,,G,NC_001781.1
HM459890,5406,,C,NC_001781.1
HM459890,5406,,T,NC_001781.1
HM459890,5406,,C,NC_001781.1
HM459890,5406,,G,NC_001781.1
HM459890,5406,,A,NC_001781.1
HM459890,5406,,C,NC_001781.1
HM459890,5406,,A,NC_001781.1
HM459890,5406,,C,NC_001781.1
HM459890,5406,,A,NC_001781.1
HM459890,5406,,A,NC_001781.1
HM459890,5406,,C,NC_001781.1
HM459890,5406,,C,NC_001781.1
HM459890,5406,,A,NC_001781.1
HM459890,5406,,C,NC_001781.1
HM459890,5406,,A,NC_001781.1
HM459890,5406,,T,NC_001781.1
HM459890,5406,,C,NC_001781.1
HM459890,5406,,A,NC_001781.1
HM459890,5406,,A,NC_001781.1
HM459890,5406,,A,NC_001781.1
HM459890,5406,,A,NC_001781.1
HM459890,5406,,C,NC_001781.1
HM459890,5406,,A,NC_001781.1
HM459890,5434,T,C,NC_001781.1
HM459890,5436,C,T,NC_001781.1
HM459890,5438,C,T,NC_001781.1
HM459890,5459,T,C,NC_001781.1
HM459890,5461,G,A,NC_001781.1
HM459890,5466,C,T,NC_001781.1
HM459890,5488,C,T,NC_001781.1
HM459890,5504,A,G,NC_001781.1
HM459890,5550,T,C,NC_001781.1
HM459890,5566,C,T,NC_001781.1
HM459890,5571,T,,NC_001781.1
HM459890,5574,,T,NC_001781.1
HM459890,5577,A,G,NC_001781.1
HM459890,5581,C,T,NC_001781.1
HM459890,5595,,T,NC_001781.1
HM459889,5345,C,T,NC_001781.1
HM459889,5349,C,T,NC_001781.1
HM459889,5355,G,A,NC_001781.1
HM459889,5356,A,C,NC_001781.1
HM459889,5370,T,C,NC_001781.1
HM459889,5375,C,T,NC_001781.1
HM459889,5376,C,T,NC_001781.1
HM459889,5399,T,C,NC_001781.1
HM459889,5402,C,A,NC_001781.1
HM459889,5406,,C,NC_001781.1
HM459889,5406,,A,NC_001781.1
HM459889,5406,,C,NC_001781.1
HM459889,5406,,A,NC_001781.1
HM459889,5406,,G,NC_001781.1
HM459889,5406,,A,NC_001781.1
HM459889,5406,,A,NC_001781.1
HM459889,5406,,A,NC_001781.1
HM459889,5406,,G,NC_001781.1
HM459889,5406,,A,NC_001781.1
HM459889,5406,,G,NC_001781.1
HM459889,5406,,A,NC_001781.1
HM459889,5406,,C,NC_001781.1
HM459889,5406,,A,NC_001781.1
HM459889,5406,,C,NC_001781.1
HM459889,5406,,C,NC_001781.1
HM459889,5406,,A,NC_001781.1
HM459889,5406,,G,NC_001781.1
HM459889,5406,,C,NC_001781.1
HM459889,5406,,A,NC_001781.1
HM459889,5406,,C,NC_001781.1
HM459889,5406,,C,NC_001781.1
HM459889,5406,,C,NC_001781.1
HM459889,5406,,C,NC_001781.1
HM459889,5406,,A,NC_001781.1
HM459889,5406,,C,NC_001781.1
HM459889,5406,,A,NC_001781.1
HM459889,5406,,A,NC_001781.1
HM459889,5406,,T,NC_001781.1
HM459889,5406,,C,NC_001781.1
HM459889,5406,,C,NC_001781.1
HM459889,5406,,A,NC_001781.1
HM459889,5406,,C,NC_001781.1
HM459889,5406,,T,NC_001781.1
HM459889,5406,,G,NC_001781.1
HM459889,5406,,T,NC_001781.1
HM459889,5406,,G,NC_001781.1
HM459889,5406,,C,NC_001781.1
HM459889,5406,,T,NC_001781.1
HM459889,5406,,C,NC_001781.1
HM459889,5406,,G,NC_001781.1
HM459889,5406,,A,NC_001781.1
HM459889,5406,,C,NC_001781.1
HM459889,5406,,A,NC_001781.1
HM459889,5406,,C,NC_001781.1
HM459889,5406,,A,NC_001781.1
HM459889,5406,,A,NC_001781.1
HM459889,5406,,C,NC_001781.1
HM459889,5406,,C,NC_001781.1
HM459889,5406,,A,NC_001781.1
HM459889,5406,,C,NC_001781.1
HM459889,5406,,A,NC_001781.1
HM459889,5406,,T,NC_001781.1
HM459889,5406,,C,NC_001781.1
HM459889,5406,,A,NC_001781.1
HM459889,5406,,A,NC_001781.1
HM459889,5406,,A,NC_001781.1
HM459889,5406,,A,NC_001781.1
HM459889,5406,,C,NC_001781.1
HM459889,5406,,A,NC_001781.1
HM459889,5434,T,C,NC_001781.1
HM459889,5436,C,T,NC_001781.1
HM459889,5438,C,T,NC_001781.1
HM459889,5459,T,C,NC_001781.1
HM459889,5461,G,A,NC_001781.1
HM459889,5466,C,T,NC_001781.1
HM459889,5488,C,T,NC_001781.1
HM459889,5504,A,G,NC_001781.1
HM459889,5550,T,C,NC_001781.1
HM459889,5566,C,T,NC_001781.1
HM459889,5571,T,,NC_001781.1
HM459889,5574,,T,NC_001781.1
HM459889,5577,A,G,NC_001781.1
HM459889,5581,C,T,NC_001781.1
HM459889,5595,,T,NC_001781.1
HM459879,5337,A,T,NC_001781.1
HM459879,5345,C,T,NC_001781.1
HM459879,5355,G,A,NC_001781.1
HM459879,5356,A,C,NC_001781.1
HM459879,5370,T,C,NC_001781.1
HM459879,5375,C,T,NC_001781.1
HM459879,5376,C,T,NC_001781.1
HM459879,5399,T,C,NC_001781.1
HM459879,5402,C,A,NC_001781.1
HM459879,5428,T,C,NC_001781.1
HM459879,5459,,C,NC_001781.1
HM459879,5459,,A,NC_001781.1
HM459879,5459,,A,NC_001781.1
HM459879,5459,,A,NC_001781.1
HM459879,5459,,A,NC_001781.1
HM459879,5459,,C,NC_001781.1
HM459879,5459,,A,NC_001781.1
HM459879,5459,,C,NC_001781.1
HM459879,5459,,A,NC_001781.1
HM459879,5459,,C,NC_001781.1
HM459879,5459,,A,NC_001781.1
HM459879,5459,,G,NC_001781.1
HM459879,5459,,A,NC_001781.1
HM459879,5459,,A,NC_001781.1
HM459879,5459,,A,NC_001781.1
HM459879,5459,,G,NC_001781.1
HM459879,5459,,A,NC_001781.1
HM459879,5459,,G,NC_001781.1
HM459879,5459,,A,NC_001781.1
HM459879,5459,,C,NC_001781.1
HM459879,5459,,A,NC_001781.1
HM459879,5459,,C,NC_001781.1
HM459879,5459,,C,NC_001781.1
HM459879,5459,,A,NC_001781.1
HM459879,5459,,G,NC_001781.1
HM459879,5459,,C,NC_001781.1
HM459879,5459,,A,NC_001781.1
HM459879,5459,,C,NC_001781.1
HM459879,5459,,C,NC_001781.1
HM459879,5459,,T,NC_001781.1
HM459879,5459,,C,NC_001781.1
HM459879,5459,,A,NC_001781.1
HM459879,5459,,C,NC_001781.1
HM459879,5459,,A,NC_001781.1
HM459879,5459,,A,NC_001781.1
HM459879,5459,,T,NC_001781.1
HM459879,5459,,C,NC_001781.1
HM459879,5459,,C,NC_001781.1
HM459879,5459,,A,NC_001781.1
HM459879,5459,,T,NC_001781.1
HM459879,5459,,T,NC_001781.1
HM459879,5459,,G,NC_001781.1
HM459879,5459,,C,NC_001781.1
HM459879,5459,,G,NC_001781.1
HM459879,5459,,C,NC_001781.1
HM459879,5459,,T,NC_001781.1
HM459879,5459,,T,NC_001781.1
HM459879,5459,,G,NC_001781.1
HM459879,5459,,A,NC_001781.1
HM459879,5459,,C,NC_001781.1
HM459879,5459,,A,NC_001781.1
HM459879,5459,,C,NC_001781.1
HM459879,5459,,A,NC_001781.1
HM459879,5459,,A,NC_001781.1
HM459879,5459,,C,NC_001781.1
HM459879,5459,,C,NC_001781.1
HM459879,5459,,A,NC_001781.1
HM459879,5459,,C,NC_001781.1
HM459879,5459,,AC,NC_001781.1
HM459879,5461,G,A,NC_001781.1
HM459879,5471,T,C,NC_001781.1
HM459879,5484,C,T,NC_001781.1
HM459879,5488,C,T,NC_001781.1
HM459879,5550,T,C,NC_001781.1
HM459879,5566,C,T,NC_001781.1
HM459879,5571,T,,NC_001781.1
HM459879,5574,,T,NC_001781.1
HM459879,5577,A,G,NC_001781.1
HM459879,5581,C,T,NC_001781.1
HM459879,5595,,T,NC_001781.1
HM459874,5345,C,T,NC_001781.1
HM459874,5355,G,A,NC_001781.1
HM459874,5356,A,C,NC_001781.1
HM459874,5366,A,G,NC_001781.1
HM459874,5370,T,C,NC_001781.1
HM459874,5375,C,T,NC_001781.1
HM459874,5376,C,T,NC_001781.1
HM459874,5399,,C,NC_001781.1
HM459874,5399,,A,NC_001781.1
HM459874,5399,,A,NC_001781.1
HM459874,5399,,A,NC_001781.1
HM459874,5399,,G,NC_001781.1
HM459874,5399,,A,NC_001781.1
HM459874,5399,,C,NC_001781.1
HM459874,5399,,C,NC_001781.1
HM459874,5399,,A,NC_001781.1
HM459874,5399,,C,NC_001781.1
HM459874,5399,,A,NC_001781.1
HM459874,5399,,G,NC_001781.1
HM459874,5399,,A,NC_001781.1
HM459874,5399,,A,NC_001781.1
HM459874,5399,,A,NC_001781.1
HM459874,5399,,G,NC_001781.1
HM459874,5399,,A,NC_001781.1
HM459874,5399,,G,NC_001781.1
HM459874,5399,,A,NC_001781.1
HM459874,5399,,C,NC_001781.1
HM459874,5399,,A,NC_001781.1
HM459874,5399,,C,NC_001781.1
HM459874,5399,,C,NC_001781.1
HM459874,5399,,A,NC_001781.1
HM459874,5399,,G,NC_001781.1
HM459874,5399,,C,NC_001781.1
HM459874,5399,,A,NC_001781.1
HM459874,5399,,C,NC_001781.1
HM459874,5399,,C,NC_001781.1
HM459874,5399,,C,NC_001781.1
HM459874,5399,,A,NC_001781.1
HM459874,5399,,A,NC_001781.1
HM459874,5399,,C,NC_001781.1
HM459874,5399,,A,NC_001781.1
HM459874,5399,,A,NC_001781.1
HM459874,5399,,C,NC_001781.1
HM459874,5399,,C,NC_001781.1
HM459874,5399,,C,NC_001781.1
HM459874,5399,,A,NC_001781.1
HM459874,5399,,C,NC_001781.1
HM459874,5399,,T,NC_001781.1
HM459874,5399,,G,NC_001781.1
HM459874,5399,,T,NC_001781.1
HM459874,5399,,G,NC_001781.1
HM459874,5399,,C,NC_001781.1
HM459874,5399,,T,NC_001781.1
HM459874,5399,,C,NC_001781.1
HM459874,5399,,G,NC_001781.1
HM459874,5399,,A,NC_001781.1
HM459874,5399,,C,NC_001781.1
HM459874,5399,,A,NC_001781.1
HM459874,5399,,C,NC_001781.1
HM459874,5399,,A,NC_001781.1
HM459874,5399,,A,NC_001781.1
HM459874,5399,,C,NC_001781.1
HM459874,5399,,C,NC_001781.1
HM459874,5399,,A,NC_001781.1
HM459874,5399,,C,NC_001781.1
HM459874,5399,,A,NC_001781.1
HM459874,5402,C,A,NC_001781.1
HM459874,5403,G,A,NC_001781.1
HM459874,5406,,A,NC_001781.1
HM459874,5438,C,T,NC_001781.1
HM459874,5459,T,C,NC_001781.1
HM459874,5461,G,A,NC_001781.1
HM459874,5478,G,A,NC_001781.1
HM459874,5488,C,T,NC_001781.1
HM459874,5502,C,T,NC_001781.1
HM459874,5520,C,A,NC_001781.1
HM459874,5550,T,C,NC_001781.1
HM459874,5571,T,,NC_001781.1
HM459874,5574,,T,NC_001781.1
HM459874,5577,A,G,NC_001781.1
HM459874,5581,C,T,NC_001781.1
HM459874,5595,,T,NC_001781.1
HM459884,5345,C,T,NC_001781.1
HM459884,5349,C,T,NC_001781.1
HM459884,5355,G,A,NC_001781.1
HM459884,5356,A,C,NC_001781.1
HM459884,5367,A,T,NC_001781.1
HM459884,5370,T,C,NC_001781.1
HM459884,5375,C,T,NC_001781.1
HM459884,5376,C,T,NC_001781.1
HM459884,5399,T,C,NC_001781.1
HM459884,5402,C,A,NC_001781.1
HM459884,5406,,C,NC_001781.1
HM459884,5406,,A,NC_001781.1
HM459884,5406,,C,NC_001781.1
HM459884,5406,,A,NC_001781.1
HM459884,5406,,G,NC_001781.1
HM459884,5406,,A,NC_001781.1
HM459884,5406,,A,NC_001781.1
HM459884,5406,,A,NC_001781.1
HM459884,5406,,G,NC_001781.1
HM459884,5406,,A,NC_001781.1
HM459884,5406,,G,NC_001781.1
HM459884,5406,,A,NC_001781.1
HM459884,5406,,C,NC_001781.1
HM459884,5406,,A,NC_001781.1
HM459884,5406,,C,NC_001781.1
HM459884,5406,,C,NC_001781.1
HM459884,5406,,A,NC_001781.1
HM459884,5406,,G,NC_001781.1
HM459884,5406,,C,NC_001781.1
HM459884,5406,,A,NC_001781.1
HM459884,5406,,C,NC_001781.1
HM459884,5406,,C,NC_001781.1
HM459884,5406,,C,NC_001781.1
HM459884,5406,,C,NC_001781.1
HM459884,5406,,A,NC_001781.1
HM459884,5406,,C,NC_001781.1
HM459884,5406,,A,NC_001781.1
HM459884,5406,,A,NC_001781.1
HM459884,5406,,T,NC_001781.1
HM459884,5406,,C,NC_001781.1
HM459884,5406,,C,NC_001781.1
HM459884,5406,,A,NC_001781.1
HM459884,5406,,C,NC_001781.1
HM459884,5406,,T,NC_001781.1
HM459884,5406,,G,NC_001781.1
HM459884,5406,,T,NC_001781.1
HM459884,5406,,G,NC_001781.1
HM459884,5406,,C,NC_001781.1
HM459884,5406,,T,NC_001781.1
HM459884,5406,,C,NC_001781.1
HM459884,5406,,G,NC_001781.1
HM459884,5406,,A,NC_001781.1
HM459884,5406,,C,NC_001781.1
HM459884,5406,,A,NC_001781.1
HM459884,5406,,C,NC_001781.1
HM459884,5406,,A,NC_001781.1
HM459884,5406,,A,NC_001781.1
HM459884,5406,,C,NC_001781.1
HM459884,5406,,C,NC_001781.1
HM459884,5406,,A,NC_001781.1
HM459884,5406,,C,NC_001781.1
HM459884,5406,,A,NC_001781.1
HM459884,5406,,T,NC_001781.1
HM459884,5406,,C,NC_001781.1
HM459884,5406,,A,NC_001781.1
HM459884,5406,,A,NC_001781.1
HM459884,5406,,A,NC_001781.1
HM459884,5406,,A,NC_001781.1
HM459884,5406,,C,NC_001781.1
HM459884,5406,,A,NC_001781.1
HM459884,5436,C,T,NC_001781.1
HM459884,5438,C,T,NC_001781.1
HM459884,5459,T,C,NC_001781.1
HM459884,5461,G,A,NC_001781.1
HM459884,5495,C,T,NC_001781.1
HM459884,5504,A,G,NC_001781.1
HM459884,5550,T,C,NC_001781.1
HM459884,5566,C,T,NC_001781.1
HM459884,5571,T,,NC_001781.1
HM459884,5574,,T,NC_001781.1
HM459884,5577,A,G,NC_001781.1
HM459884,5581,C,T,NC_001781.1
HM459884,5595,,T,NC_001781.1
HM459887,5345,C,T,NC_001781.1
HM459887,5349,C,T,NC_001781.1
HM459887,5355,G,A,NC_001781.1
HM459887,5356,A,C,NC_001781.1
HM459887,5367,A,T,NC_001781.1
HM459887,5370,T,C,NC_001781.1
HM459887,5375,C,T,NC_001781.1
HM459887,5376,C,T,NC_001781.1
HM459887,5399,T,C,NC_001781.1
HM459887,5402,C,A,NC_001781.1
HM459887,5406,,C,NC_001781.1
HM459887,5406,,A,NC_001781.1
HM459887,5406,,C,NC_001781.1
HM459887,5406,,A,NC_001781.1
HM459887,5406,,G,NC_001781.1
HM459887,5406,,A,NC_001781.1
HM459887,5406,,A,NC_001781.1
HM459887,5406,,A,NC_001781.1
HM459887,5406,,G,NC_001781.1
HM459887,5406,,A,NC_001781.1
HM459887,5406,,G,NC_001781.1
HM459887,5406,,A,NC_001781.1
HM459887,5406,,C,NC_001781.1
HM459887,5406,,A,NC_001781.1
HM459887,5406,,C,NC_001781.1
HM459887,5406,,C,NC_001781.1
HM459887,5406,,A,NC_001781.1
HM459887,5406,,G,NC_001781.1
HM459887,5406,,C,NC_001781.1
HM459887,5406,,A,NC_001781.1
HM459887,5406,,C,NC_001781.1
HM459887,5406,,C,NC_001781.1
HM459887,5406,,C,NC_001781.1
HM459887,5406,,C,NC_001781.1
HM459887,5406,,A,NC_001781.1
HM459887,5406,,C,NC_001781.1
HM459887,5406,,A,NC_001781.1
HM459887,5406,,A,NC_001781.1
HM459887,5406,,T,NC_001781.1
HM459887,5406,,C,NC_001781.1
HM459887,5406,,C,NC_001781.1
HM459887,5406,,A,NC_001781.1
HM459887,5406,,C,NC_001781.1
HM459887,5406,,T,NC_001781.1
HM459887,5406,,G,NC_001781.1
HM459887,5406,,T,NC_001781.1
HM459887,5406,,G,NC_001781.1
HM459887,5406,,C,NC_001781.1
HM459887,5406,,T,NC_001781.1
HM459887,5406,,C,NC_001781.1
HM459887,5406,,G,NC_001781.1
HM459887,5406,,A,NC_001781.1
HM459887,5406,,C,NC_001781.1
HM459887,5406,,A,NC_001781.1
HM459887,5406,,C,NC_001781.1
HM459887,5406,,A,NC_001781.1
HM459887,5406,,A,NC_001781.1
HM459887,5406,,C,NC_001781.1
HM459887,5406,,C,NC_001781.1
HM459887,5406,,A,NC_001781.1
HM459887,5406,,C,NC_001781.1
HM459887,5406,,A,NC_001781.1
HM459887,5406,,T,NC_001781.1
HM459887,5406,,C,NC_001781.1
HM459887,5406,,A,NC_001781.1
HM459887,5406,,A,NC_001781.1
HM459887,5406,,A,NC_001781.1
HM459887,5406,,A,NC_001781.1
HM459887,5406,,C,NC_001781.1
HM459887,5406,,A,NC_001781.1
HM459887,5436,C,T,NC_001781.1
HM459887,5438,C,T,NC_001781.1
HM459887,5459,T,C,NC_001781.1
HM459887,5461,G,A,NC_001781.1
HM459887,5488,C,T,NC_001781.1
HM459887,5495,C,T,NC_001781.1
HM459887,5504,A,G,NC_001781.1
HM459887,5532,C,T,NC_001781.1
HM459887,5550,T,C,NC_001781.1
HM459887,5566,C,T,NC_001781.1
HM459887,5571,T,,NC_001781.1
HM459887,5574,,T,NC_001781.1
HM459887,5577,A,G,NC_001781.1
HM459887,5581,C,T,NC_001781.1
HM459887,5595,,T,NC_001781.1
HM459869,5345,C,T,NC_001781.1
HM459869,5355,G,A,NC_001781.1
HM459869,5356,A,C,NC_001781.1
HM459869,5370,T,C,NC_001781.1
HM459869,5375,C,T,NC_001781.1
HM459869,5376,C,T,NC_001781.1
HM459869,5399,T,C,NC_001781.1
HM459869,5402,C,A,NC_001781.1
HM459869,5406,,C,NC_001781.1
HM459869,5406,,A,NC_001781.1
HM459869,5406,,C,NC_001781.1
HM459869,5406,,A,NC_001781.1
HM459869,5406,,G,NC_001781.1
HM459869,5406,,A,NC_001781.1
HM459869,5406,,A,NC_001781.1
HM459869,5406,,A,NC_001781.1
HM459869,5406,,G,NC_001781.1
HM459869,5406,,A,NC_001781.1
HM459869,5406,,G,NC_001781.1
HM459869,5406,,A,NC_001781.1
HM459869,5406,,C,NC_001781.1
HM459869,5406,,A,NC_001781.1
HM459869,5406,,C,NC_001781.1
HM459869,5406,,C,NC_001781.1
HM459869,5406,,A,NC_001781.1
HM459869,5406,,G,NC_001781.1
HM459869,5406,,C,NC_001781.1
HM459869,5406,,A,NC_001781.1
HM459869,5406,,C,NC_001781.1
HM459869,5406,,C,NC_001781.1
HM459869,5406,,C,NC_001781.1
HM459869,5406,,C,NC_001781.1
HM459869,5406,,A,NC_001781.1
HM459869,5406,,C,NC_001781.1
HM459869,5406,,A,NC_001781.1
HM459869,5406,,A,NC_001781.1
HM459869,5406,,T,NC_001781.1
HM459869,5406,,C,NC_001781.1
HM459869,5406,,C,NC_001781.1
HM459869,5406,,A,NC_001781.1
HM459869,5406,,C,NC_001781.1
HM459869,5406,,T,NC_001781.1
HM459869,5406,,G,NC_001781.1
HM459869,5406,,T,NC_001781.1
HM459869,5406,,G,NC_001781.1
HM459869,5406,,C,NC_001781.1
HM459869,5406,,T,NC_001781.1
HM459869,5406,,C,NC_001781.1
HM459869,5406,,G,NC_001781.1
HM459869,5406,,A,NC_001781.1
HM459869,5406,,C,NC_001781.1
HM459869,5406,,A,NC_001781.1
HM459869,5406,,C,NC_001781.1
HM459869,5406,,A,NC_001781.1
HM459869,5406,,A,NC_001781.1
HM459869,5406,,C,NC_001781.1
HM459869,5406,,C,NC_001781.1
HM459869,5406,,A,NC_001781.1
HM459869,5406,,C,NC_001781.1
HM459869,5406,,A,NC_001781.1
HM459869,5406,,T,NC_001781.1
HM459869,5406,,C,NC_001781.1
HM459869,5406,,A,NC_001781.1
HM459869,5406,,A,NC_001781.1
HM459869,5406,,A,NC_001781.1
HM459869,5406,,A,NC_001781.1
HM459869,5406,,C,NC_001781.1
HM459869,5406,,A,NC_001781.1
HM459869,5438,C,T,NC_001781.1
HM459869,5459,T,C,NC_001781.1
HM459869,5461,G,A,NC_001781.1
HM459869,5488,C,T,NC_001781.1
HM459869,5550,T,C,NC_001781.1
HM459869,5571,T,,NC_001781.1
HM459869,5574,,T,NC_001781.1
HM459869,5577,A,G,NC_001781.1
HM459869,5581,C,T,NC_001781.1
HM459869,5595,,T,NC_001781.1
HM459891,5345,C,T,NC_001781.1
HM459891,5349,C,T,NC_001781.1
HM459891,5355,G,A,NC_001781.1
HM459891,5356,A,C,NC_001781.1
HM459891,5370,T,C,NC_001781.1
HM459891,5375,C,T,NC_001781.1
HM459891,5376,C,T,NC_001781.1
HM459891,5399,T,C,NC_001781.1
HM459891,5402,C,A,NC_001781.1
HM459891,5406,,C,NC_001781.1
HM459891,5406,,A,NC_001781.1
HM459891,5406,,C,NC_001781.1
HM459891,5406,,A,NC_001781.1
HM459891,5406,,G,NC_001781.1
HM459891,5406,,A,NC_001781.1
HM459891,5406,,A,NC_001781.1
HM459891,5406,,A,NC_001781.1
HM459891,5406,,G,NC_001781.1
HM459891,5406,,A,NC_001781.1
HM459891,5406,,G,NC_001781.1
HM459891,5406,,A,NC_001781.1
HM459891,5406,,C,NC_001781.1
HM459891,5406,,A,NC_001781.1
HM459891,5406,,C,NC_001781.1
HM459891,5406,,C,NC_001781.1
HM459891,5406,,A,NC_001781.1
HM459891,5406,,G,NC_001781.1
HM459891,5406,,C,NC_001781.1
HM459891,5406,,A,NC_001781.1
HM459891,5406,,C,NC_001781.1
HM459891,5406,,C,NC_001781.1
HM459891,5406,,C,NC_001781.1
HM459891,5406,,C,NC_001781.1
HM459891,5406,,A,NC_001781.1
HM459891,5406,,C,NC_001781.1
HM459891,5406,,A,NC_001781.1
HM459891,5406,,A,NC_001781.1
HM459891,5406,,T,NC_001781.1
HM459891,5406,,C,NC_001781.1
HM459891,5406,,C,NC_001781.1
HM459891,5406,,A,NC_001781.1
HM459891,5406,,C,NC_001781.1
HM459891,5406,,T,NC_001781.1
HM459891,5406,,G,NC_001781.1
HM459891,5406,,T,NC_001781.1
HM459891,5406,,G,NC_001781.1
HM459891,5406,,C,NC_001781.1
HM459891,5406,,T,NC_001781.1
HM459891,5406,,C,NC_001781.1
HM459891,5406,,A,NC_001781.1
HM459891,5406,,A,NC_001781.1
HM459891,5406,,C,NC_001781.1
HM459891,5406,,A,NC_001781.1
HM459891,5406,,C,NC_001781.1
HM459891,5406,,A,NC_001781.1
HM459891,5406,,A,NC_001781.1
HM459891,5406,,C,NC_001781.1
HM459891,5406,,C,NC_001781.1
HM459891,5406,,A,NC_001781.1
HM459891,5406,,C,NC_001781.1
HM459891,5406,,A,NC_001781.1
HM459891,5406,,T,NC_001781.1
HM459891,5406,,C,NC_001781.1
HM459891,5406,,A,NC_001781.1
HM459891,5406,,A,NC_001781.1
HM459891,5406,,A,NC_001781.1
HM459891,5406,,A,NC_001781.1
HM459891,5406,,C,NC_001781.1
HM459891,5406,,A,NC_001781.1
HM459891,5434,T,C,NC_001781.1
HM459891,5436,C,T,NC_001781.1
HM459891,5438,C,T,NC_001781.1
HM459891,5459,T,C,NC_001781.1
HM459891,5461,G,A,NC_001781.1
HM459891,5466,C,T,NC_001781.1
HM459891,5488,C,T,NC_001781.1
HM459891,5504,A,G,NC_001781.1
HM459891,5550,T,C,NC_001781.1
HM459891,5566,C,T,NC_001781.1
HM459891,5571,T,,NC_001781.1
HM459891,5574,,T,NC_001781.1
HM459891,5577,A,G,NC_001781.1
HM459891,5581,C,T,NC_001781.1
HM459891,5595,,T,NC_001781.1
HM459886,5345,C,T,NC_001781.1
HM459886,5349,C,T,NC_001781.1
HM459886,5355,G,A,NC_001781.1
HM459886,5356,A,C,NC_001781.1
HM459886,5367,A,T,NC_001781.1
HM459886,5370,T,C,NC_001781.1
HM459886,5375,C,T,NC_001781.1
HM459886,5376,C,T,NC_001781.1
HM459886,5399,T,C,NC_001781.1
HM459886,5402,C,A,NC_001781.1
HM459886,5406,,C,NC_001781.1
HM459886,5406,,A,NC_001781.1
HM459886,5406,,C,NC_001781.1
HM459886,5406,,A,NC_001781.1
HM459886,5406,,G,NC_001781.1
HM459886,5406,,A,NC_001781.1
HM459886,5406,,A,NC_001781.1
HM459886,5406,,A,NC_001781.1
HM459886,5406,,G,NC_001781.1
HM459886,5406,,A,NC_001781.1
HM459886,5406,,G,NC_001781.1
HM459886,5406,,A,NC_001781.1
HM459886,5406,,C,NC_001781.1
HM459886,5406,,A,NC_001781.1
HM459886,5406,,C,NC_001781.1
HM459886,5406,,C,NC_001781.1
HM459886,5406,,A,NC_001781.1
HM459886,5406,,G,NC_001781.1
HM459886,5406,,C,NC_001781.1
HM459886,5406,,A,NC_001781.1
HM459886,5406,,C,NC_001781.1
HM459886,5406,,C,NC_001781.1
HM459886,5406,,C,NC_001781.1
HM459886,5406,,C,NC_001781.1
HM459886,5406,,A,NC_001781.1
HM459886,5406,,C,NC_001781.1
HM459886,5406,,A,NC_001781.1
HM459886,5406,,A,NC_001781.1
HM459886,5406,,T,NC_001781.1
HM459886,5406,,C,NC_001781.1
HM459886,5406,,C,NC_001781.1
HM459886,5406,,A,NC_001781.1
HM459886,5406,,C,NC_001781.1
HM459886,5406,,T,NC_001781.1
HM459886,5406,,G,NC_001781.1
HM459886,5406,,T,NC_001781.1
HM459886,5406,,G,NC_001781.1
HM459886,5406,,C,NC_001781.1
HM459886,5406,,T,NC_001781.1
HM459886,5406,,C,NC_001781.1
HM459886,5406,,G,NC_001781.1
HM459886,5406,,A,NC_001781.1
HM459886,5406,,C,NC_001781.1
HM459886,5406,,A,NC_001781.1
HM459886,5406,,C,NC_001781.1
HM459886,5406,,A,NC_001781.1
HM459886,5406,,A,NC_001781.1
HM459886,5406,,C,NC_001781.1
HM459886,5406,,C,NC_001781.1
HM459886,5406,,A,NC_001781.1
HM459886,5406,,C,NC_001781.1
HM459886,5406,,A,NC_001781.1
HM459886,5406,,T,NC_001781.1
HM459886,5406,,C,NC_001781.1
HM459886,5406,,A,NC_001781.1
HM459886,5406,,A,NC_001781.1
HM459886,5406,,A,NC_001781.1
HM459886,5406,,A,NC_001781.1
HM459886,5406,,C,NC_001781.1
HM459886,5406,,A,NC_001781.1
HM459886,5436,C,T,NC_001781.1
HM459886,5438,C,T,NC_001781.1
HM459886,5459,T,C,NC_001781.1
HM459886,5461,G,A,NC_001781.1
HM459886,5488,C,T,NC_001781.1
HM459886,5495,C,T,NC_001781.1
HM459886,5504,A,G,NC_001781.1
HM459886,5532,C,T,NC_001781.1
HM459886,5550,T,C,NC_001781.1
HM459886,5566,C,T,NC_001781.1
HM459886,5571,T,,NC_001781.1
HM459886,5574,,T,NC_001781.1
HM459886,5577,A,G,NC_001781.1
HM459886,5581,C,T,NC_001781.1
HM459886,5595,,T,NC_001781.1
HM459868,5345,C,T,NC_001781.1
HM459868,5355,G,A,NC_001781.1
HM459868,5356,A,C,NC_001781.1
HM459868,5367,A,T,NC_001781.1
HM459868,5370,T,C,NC_001781.1
HM459868,5375,C,T,NC_001781.1
HM459868,5376,C,T,NC_001781.1
HM459868,5384,C,T,NC_001781.1
HM459868,5385,A,C,NC_001781.1
HM459868,5399,T,C,NC_001781.1
HM459868,5402,C,A,NC_001781.1
HM459868,5406,,C,NC_001781.1
HM459868,5406,,A,NC_001781.1
HM459868,5406,,C,NC_001781.1
HM459868,5406,,A,NC_001781.1
HM459868,5406,,G,NC_001781.1
HM459868,5406,,A,NC_001781.1
HM459868,5406,,A,NC_001781.1
HM459868,5406,,A,NC_001781.1
HM459868,5406,,G,NC_001781.1
HM459868,5406,,A,NC_001781.1
HM459868,5406,,G,NC_001781.1
HM459868,5406,,A,NC_001781.1
HM459868,5406,,C,NC_001781.1
HM459868,5406,,A,NC_001781.1
HM459868,5406,,C,NC_001781.1
HM459868,5406,,C,NC_001781.1
HM459868,5406,,A,NC_001781.1
HM459868,5406,,G,NC_001781.1
HM459868,5406,,C,NC_001781.1
HM459868,5406,,A,NC_001781.1
HM459868,5406,,C,NC_001781.1
HM459868,5406,,C,NC_001781.1
HM459868,5406,,C,NC_001781.1
HM459868,5406,,C,NC_001781.1
HM459868,5406,,A,NC_001781.1
HM459868,5406,,C,NC_001781.1
HM459868,5406,,A,NC_001781.1
HM459868,5406,,A,NC_001781.1
HM459868,5406,,T,NC_001781.1
HM459868,5406,,C,NC_001781.1
HM459868,5406,,C,NC_001781.1
HM459868,5406,,A,NC_001781.1
HM459868,5406,,C,NC_001781.1
HM459868,5406,,T,NC_001781.1
HM459868,5406,,G,NC_001781.1
HM459868,5406,,T,NC_001781.1
HM459868,5406,,G,NC_001781.1
HM459868,5406,,C,NC_001781.1
HM459868,5406,,T,NC_001781.1
HM459868,5406,,C,NC_001781.1
HM459868,5406,,G,NC_001781.1
HM459868,5406,,A,NC_001781.1
HM459868,5406,,C,NC_001781.1
HM459868,5406,,A,NC_001781.1
HM459868,5406,,C,NC_001781.1
HM459868,5406,,A,NC_001781.1
HM459868,5406,,A,NC_001781.1
HM459868,5406,,C,NC_001781.1
HM459868,5406,,C,NC_001781.1
HM459868,5406,,A,NC_001781.1
HM459868,5406,,C,NC_001781.1
HM459868,5406,,A,NC_001781.1
HM459868,5406,,T,NC_001781.1
HM459868,5406,,C,NC_001781.1
HM459868,5406,,A,NC_001781.1
HM459868,5406,,A,NC_001781.1
HM459868,5406,,A,NC_001781.1
HM459868,5406,,A,NC_001781.1
HM459868,5406,,C,NC_001781.1
HM459868,5406,,A,NC_001781.1
HM459868,5438,C,T,NC_001781.1
HM459868,5459,T,C,NC_001781.1
HM459868,5461,G,A,NC_001781.1
HM459868,5488,C,T,NC_001781.1
HM459868,5550,T,C,NC_001781.1
HM459868,5571,T,,NC_001781.1
HM459868,5574,,T,NC_001781.1
HM459868,5577,A,G,NC_001781.1
HM459868,5581,C,T,NC_001781.1
HM459868,5595,,T,NC_001781.1
HM459883,5343,A,C,NC_001781.1
HM459883,5345,C,T,NC_001781.1
HM459883,5349,C,T,NC_001781.1
HM459883,5355,G,A,NC_001781.1
HM459883,5356,A,C,NC_001781.1
HM459883,5367,A,T,NC_001781.1
HM459883,5370,T,C,NC_001781.1
HM459883,5375,C,T,NC_001781.1
HM459883,5376,C,T,NC_001781.1
HM459883,5399,T,C,NC_001781.1
HM459883,5402,C,A,NC_001781.1
HM459883,5406,,C,NC_001781.1
HM459883,5406,,A,NC_001781.1
HM459883,5406,,C,NC_001781.1
HM459883,5406,,A,NC_001781.1
HM459883,5406,,G,NC_001781.1
HM459883,5406,,A,NC_001781.1
HM459883,5406,,A,NC_001781.1
HM459883,5406,,A,NC_001781.1
HM459883,5406,,G,NC_001781.1
HM459883,5406,,A,NC_001781.1
HM459883,5406,,G,NC_001781.1
HM459883,5406,,A,NC_001781.1
HM459883,5406,,C,NC_001781.1
HM459883,5406,,A,NC_001781.1
HM459883,5406,,C,NC_001781.1
HM459883,5406,,C,NC_001781.1
HM459883,5406,,A,NC_001781.1
HM459883,5406,,G,NC_001781.1
HM459883,5406,,C,NC_001781.1
HM459883,5406,,A,NC_001781.1
HM459883,5406,,C,NC_001781.1
HM459883,5406,,C,NC_001781.1
HM459883,5406,,C,NC_001781.1
HM459883,5406,,C,NC_001781.1
HM459883,5406,,A,NC_001781.1
HM459883,5406,,C,NC_001781.1
HM459883,5406,,A,NC_001781.1
HM459883,5406,,A,NC_001781.1
HM459883,5406,,T,NC_001781.1
HM459883,5406,,C,NC_001781.1
HM459883,5406,,C,NC_001781.1
HM459883,5406,,A,NC_001781.1
HM459883,5406,,C,NC_001781.1
HM459883,5406,,T,NC_001781.1
HM459883,5406,,G,NC_001781.1
HM459883,5406,,T,NC_001781.1
HM459883,5406,,G,NC_001781.1
HM459883,5406,,C,NC_001781.1
HM459883,5406,,T,NC_001781.1
HM459883,5406,,C,NC_001781.1
HM459883,5406,,G,NC_001781.1
HM459883,5406,,A,NC_001781.1
HM459883,5406,,C,NC_001781.1
HM459883,5406,,A,NC_001781.1
HM459883,5406,,C,NC_001781.1
HM459883,5406,,A,NC_001781.1
HM459883,5406,,A,NC_001781.1
HM459883,5406,,C,NC_001781.1
HM459883,5406,,C,NC_001781.1
HM459883,5406,,A,NC_001781.1
HM459883,5406,,C,NC_001781.1
HM459883,5406,,A,NC_001781.1
HM459883,5406,,T,NC_001781.1
HM459883,5406,,C,NC_001781.1
HM459883,5406,,A,NC_001781.1
HM459883,5406,,A,NC_001781.1
HM459883,5406,,A,NC_001781.1
HM459883,5406,,A,NC_001781.1
HM459883,5406,,C,NC_001781.1
HM459883,5406,,A,NC_001781.1
HM459883,5436,C,T,NC_001781.1
HM459883,5438,C,T,NC_001781.1
HM459883,5459,T,C,NC_001781.1
HM459883,5461,G,A,NC_001781.1
HM459883,5495,C,T,NC_001781.1
HM459883,5504,A,G,NC_001781.1
HM459883,5550,T,C,NC_001781.1
HM459883,5566,C,T,NC_001781.1
HM459883,5571,T,,NC_001781.1
HM459883,5574,,T,NC_001781.1
HM459883,5577,A,G,NC_001781.1
HM459883,5581,C,T,NC_001781.1
HM459883,5595,,T,NC_001781.1
HM459870,5345,C,T,NC_001781.1
HM459870,5355,G,A,NC_001781.1
HM459870,5356,A,C,NC_001781.1
HM459870,5370,T,C,NC_001781.1
HM459870,5375,C,T,NC_001781.1
HM459870,5376,C,T,NC_001781.1
HM459870,5399,T,C,NC_001781.1
HM459870,5402,C,A,NC_001781.1
HM459870,5406,,C,NC_001781.1
HM459870,5406,,A,NC_001781.1
HM459870,5406,,C,NC_001781.1
HM459870,5406,,A,NC_001781.1
HM459870,5406,,G,NC_001781.1
HM459870,5406,,A,NC_001781.1
HM459870,5406,,A,NC_001781.1
HM459870,5406,,A,NC_001781.1
HM459870,5406,,G,NC_001781.1
HM459870,5406,,A,NC_001781.1
HM459870,5406,,G,NC_001781.1
HM459870,5406,,A,NC_001781.1
HM459870,5406,,C,NC_001781.1
HM459870,5406,,A,NC_001781.1
HM459870,5406,,C,NC_001781.1
HM459870,5406,,C,NC_001781.1
HM459870,5406,,A,NC_001781.1
HM459870,5406,,G,NC_001781.1
HM459870,5406,,C,NC_001781.1
HM459870,5406,,A,NC_001781.1
HM459870,5406,,C,NC_001781.1
HM459870,5406,,C,NC_001781.1
HM459870,5406,,C,NC_001781.1
HM459870,5406,,C,NC_001781.1
HM459870,5406,,A,NC_001781.1
HM459870,5406,,C,NC_001781.1
HM459870,5406,,A,NC_001781.1
HM459870,5406,,A,NC_001781.1
HM459870,5406,,T,NC_001781.1
HM459870,5406,,C,NC_001781.1
HM459870,5406,,C,NC_001781.1
HM459870,5406,,A,NC_001781.1
HM459870,5406,,C,NC_001781.1
HM459870,5406,,T,NC_001781.1
HM459870,5406,,G,NC_001781.1
HM459870,5406,,T,NC_001781.1
HM459870,5406,,G,NC_001781.1
HM459870,5406,,C,NC_001781.1
HM459870,5406,,T,NC_001781.1
HM459870,5406,,C,NC_001781.1
HM459870,5406,,G,NC_001781.1
HM459870,5406,,A,NC_001781.1
HM459870,5406,,C,NC_001781.1
HM459870,5406,,A,NC_001781.1
HM459870,5406,,C,NC_001781.1
HM459870,5406,,A,NC_001781.1
HM459870,5406,,A,NC_001781.1
HM459870,5406,,C,NC_001781.1
HM459870,5406,,C,NC_001781.1
HM459870,5406,,A,NC_001781.1
HM459870,5406,,C,NC_001781.1
HM459870,5406,,A,NC_001781.1
HM459870,5406,,T,NC_001781.1
HM459870,5406,,C,NC_001781.1
HM459870,5406,,A,NC_001781.1
HM459870,5406,,A,NC_001781.1
HM459870,5406,,A,NC_001781.1
HM459870,5406,,A,NC_001781.1
HM459870,5406,,C,NC_001781.1
HM459870,5406,,A,NC_001781.1
HM459870,5438,C,T,NC_001781.1
HM459870,5459,T,C,NC_001781.1
HM459870,5461,G,A,NC_001781.1
HM459870,5488,C,T,NC_001781.1
HM459870,5550,T,C,NC_001781.1
HM459870,5571,T,,NC_001781.1
HM459870,5574,,T,NC_001781.1
HM459870,5577,A,G,NC_001781.1
HM459870,5581,C,T,NC_001781.1
HM459870,5595,,T,NC_001781.1
HM459888,5345,C,T,NC_001781.1
HM459888,5349,C,T,NC_001781.1
HM459888,5355,G,A,NC_001781.1
HM459888,5356,A,C,NC_001781.1
HM459888,5367,A,T,NC_001781.1
HM459888,5370,T,C,NC_001781.1
HM459888,5375,C,T,NC_001781.1
HM459888,5376,C,T,NC_001781.1
HM459888,5399,T,C,NC_001781.1
HM459888,5402,C,A,NC_001781.1
HM459888,5406,,C,NC_001781.1
HM459888,5406,,A,NC_001781.1
HM459888,5406,,C,NC_001781.1
HM459888,5406,,A,NC_001781.1
HM459888,5406,,G,NC_001781.1
HM459888,5406,,A,NC_001781.1
HM459888,5406,,A,NC_001781.1
HM459888,5406,,A,NC_001781.1
HM459888,5406,,G,NC_001781.1
HM459888,5406,,A,NC_001781.1
HM459888,5406,,G,NC_001781.1
HM459888,5406,,A,NC_001781.1
HM459888,5406,,C,NC_001781.1
HM459888,5406,,A,NC_001781.1
HM459888,5406,,C,NC_001781.1
HM459888,5406,,C,NC_001781.1
HM459888,5406,,A,NC_001781.1
HM459888,5406,,G,NC_001781.1
HM459888,5406,,C,NC_001781.1
HM459888,5406,,A,NC_001781.1
HM459888,5406,,C,NC_001781.1
HM459888,5406,,C,NC_001781.1
HM459888,5406,,C,NC_001781.1
HM459888,5406,,C,NC_001781.1
HM459888,5406,,A,NC_001781.1
HM459888,5406,,C,NC_001781.1
HM459888,5406,,A,NC_001781.1
HM459888,5406,,A,NC_001781.1
HM459888,5406,,T,NC_001781.1
HM459888,5406,,C,NC_001781.1
HM459888,5406,,C,NC_001781.1
HM459888,5406,,A,NC_001781.1
HM459888,5406,,C,NC_001781.1
HM459888,5406,,T,NC_001781.1
HM459888,5406,,G,NC_001781.1
HM459888,5406,,T,NC_001781.1
HM459888,5406,,G,NC_001781.1
HM459888,5406,,C,NC_001781.1
HM459888,5406,,T,NC_001781.1
HM459888,5406,,C,NC_001781.1
HM459888,5406,,G,NC_001781.1
HM459888,5406,,A,NC_001781.1
HM459888,5406,,C,NC_001781.1
HM459888,5406,,A,NC_001781.1
HM459888,5406,,C,NC_001781.1
HM459888,5406,,A,NC_001781.1
HM459888,5406,,A,NC_001781.1
HM459888,5406,,C,NC_001781.1
HM459888,5406,,C,NC_001781.1
HM459888,5406,,A,NC_001781.1
HM459888,5406,,C,NC_001781.1
HM459888,5406,,A,NC_001781.1
HM459888,5406,,T,NC_001781.1
HM459888,5406,,C,NC_001781.1
HM459888,5406,,A,NC_001781.1
HM459888,5406,,A,NC_001781.1
HM459888,5406,,A,NC_001781.1
HM459888,5406,,A,NC_001781.1
HM459888,5406,,C,NC_001781.1
HM459888,5406,,A,NC_001781.1
HM459888,5436,C,T,NC_001781.1
HM459888,5438,C,T,NC_001781.1
HM459888,5459,T,C,NC_001781.1
HM459888,5461,G,A,NC_001781.1
HM459888,5488,C,T,NC_001781.1
HM459888,5495,C,T,NC_001781.1
HM459888,5504,A,G,NC_001781.1
HM459888,5532,C,T,NC_001781.1
HM459888,5550,T,C,NC_001781.1
HM459888,5566,C,T,NC_001781.1
HM459888,5571,T,,NC_001781.1
HM459888,5574,,T,NC_001781.1
HM459888,5577,A,G,NC_001781.1
HM459888,5581,C,T,NC_001781.1
HM459888,5595,,T,NC_001781.1
HM459878,5337,A,T,NC_001781.1
HM459878,5345,C,T,NC_001781.1
HM459878,5355,G,A,NC_001781.1
HM459878,5356,A,C,NC_001781.1
HM459878,5370,T,C,NC_001781.1
HM459878,5375,C,T,NC_001781.1
HM459878,5376,C,T,NC_001781.1
HM459878,5399,T,C,NC_001781.1
HM459878,5402,C,A,NC_001781.1
HM459878,5428,T,C,NC_001781.1
HM459878,5459,,C,NC_001781.1
HM459878,5459,,A,NC_001781.1
HM459878,5459,,A,NC_001781.1
HM459878,5459,,A,NC_001781.1
HM459878,5459,,A,NC_001781.1
HM459878,5459,,C,NC_001781.1
HM459878,5459,,A,NC_001781.1
HM459878,5459,,C,NC_001781.1
HM459878,5459,,A,NC_001781.1
HM459878,5459,,C,NC_001781.1
HM459878,5459,,A,NC_001781.1
HM459878,5459,,G,NC_001781.1
HM459878,5459,,A,NC_001781.1
HM459878,5459,,A,NC_001781.1
HM459878,5459,,A,NC_001781.1
HM459878,5459,,G,NC_001781.1
HM459878,5459,,A,NC_001781.1
HM459878,5459,,G,NC_001781.1
HM459878,5459,,A,NC_001781.1
HM459878,5459,,C,NC_001781.1
HM459878,5459,,A,NC_001781.1
HM459878,5459,,C,NC_001781.1
HM459878,5459,,C,NC_001781.1
HM459878,5459,,A,NC_001781.1
HM459878,5459,,G,NC_001781.1
HM459878,5459,,C,NC_001781.1
HM459878,5459,,A,NC_001781.1
HM459878,5459,,C,NC_001781.1
HM459878,5459,,C,NC_001781.1
HM459878,5459,,T,NC_001781.1
HM459878,5459,,C,NC_001781.1
HM459878,5459,,A,NC_001781.1
HM459878,5459,,C,NC_001781.1
HM459878,5459,,A,NC_001781.1
HM459878,5459,,A,NC_001781.1
HM459878,5459,,T,NC_001781.1
HM459878,5459,,C,NC_001781.1
HM459878,5459,,C,NC_001781.1
HM459878,5459,,A,NC_001781.1
HM459878,5459,,T,NC_001781.1
HM459878,5459,,T,NC_001781.1
HM459878,5459,,G,NC_001781.1
HM459878,5459,,C,NC_001781.1
HM459878,5459,,G,NC_001781.1
HM459878,5459,,C,NC_001781.1
HM459878,5459,,T,NC_001781.1
HM459878,5459,,T,NC_001781.1
HM459878,5459,,G,NC_001781.1
HM459878,5459,,A,NC_001781.1
HM459878,5459,,C,NC_001781.1
HM459878,5459,,A,NC_001781.1
HM459878,5459,,C,NC_001781.1
HM459878,5459,,A,NC_001781.1
HM459878,5459,,A,NC_001781.1
HM459878,5459,,C,NC_001781.1
HM459878,5459,,C,NC_001781.1
HM459878,5459,,A,NC_001781.1
HM459878,5459,,C,NC_001781.1
HM459878,5459,,AC,NC_001781.1
HM459878,5461,G,A,NC_001781.1
HM459878,5471,T,C,NC_001781.1
HM459878,5484,C,T,NC_001781.1
HM459878,5488,C,T,NC_001781.1
HM459878,5550,T,C,NC_001781.1
HM459878,5566,C,T,NC_001781.1
HM459878,5571,T,,NC_001781.1
HM459878,5574,,T,NC_001781.1
HM459878,5577,A,G,NC_001781.1
HM459878,5581,C,T,NC_001781.1
HM459878,5595,,T,NC_001781.1
HM459875,5345,C,T,NC_001781.1
HM459875,5355,G,A,NC_001781.1
HM459875,5356,A,C,NC_001781.1
HM459875,5366,A,G,NC_001781.1
HM459875,5370,T,C,NC_001781.1
HM459875,5375,C,T,NC_001781.1
HM459875,5376,C,T,NC_001781.1
HM459875,5399,,C,NC_001781.1
HM459875,5399,,A,NC_001781.1
HM459875,5399,,A,NC_001781.1
HM459875,5399,,A,NC_001781.1
HM459875,5399,,G,NC_001781.1
HM459875,5399,,A,NC_001781.1
HM459875,5399,,C,NC_001781.1
HM459875,5399,,C,NC_001781.1
HM459875,5399,,A,NC_001781.1
HM459875,5399,,C,NC_001781.1
HM459875,5399,,A,NC_001781.1
HM459875,5399,,G,NC_001781.1
HM459875,5399,,A,NC_001781.1
HM459875,5399,,A,NC_001781.1
HM459875,5399,,A,NC_001781.1
HM459875,5399,,G,NC_001781.1
HM459875,5399,,A,NC_001781.1
HM459875,5399,,G,NC_001781.1
HM459875,5399,,A,NC_001781.1
HM459875,5399,,C,NC_001781.1
HM459875,5399,,A,NC_001781.1
HM459875,5399,,C,NC_001781.1
HM459875,5399,,C,NC_001781.1
HM459875,5399,,A,NC_001781.1
HM459875,5399,,G,NC_001781.1
HM459875,5399,,C,NC_001781.1
HM459875,5399,,A,NC_001781.1
HM459875,5399,,C,NC_001781.1
HM459875,5399,,C,NC_001781.1
HM459875,5399,,C,NC_001781.1
HM459875,5399,,A,NC_001781.1
HM459875,5399,,A,NC_001781.1
HM459875,5399,,C,NC_001781.1
HM459875,5399,,A,NC_001781.1
HM459875,5399,,A,NC_001781.1
HM459875,5399,,C,NC_001781.1
HM459875,5399,,C,NC_001781.1
HM459875,5399,,C,NC_001781.1
HM459875,5399,,A,NC_001781.1
HM459875,5399,,C,NC_001781.1
HM459875,5399,,T,NC_001781.1
HM459875,5399,,G,NC_001781.1
HM459875,5399,,T,NC_001781.1
HM459875,5399,,G,NC_001781.1
HM459875,5399,,C,NC_001781.1
HM459875,5399,,T,NC_001781.1
HM459875,5399,,C,NC_001781.1
HM459875,5399,,G,NC_001781.1
HM459875,5399,,A,NC_001781.1
HM459875,5399,,C,NC_001781.1
HM459875,5399,,A,NC_001781.1
HM459875,5399,,C,NC_001781.1
HM459875,5399,,A,NC_001781.1
HM459875,5399,,A,NC_001781.1
HM459875,5399,,C,NC_001781.1
HM459875,5399,,C,NC_001781.1
HM459875,5399,,A,NC_001781.1
HM459875,5399,,C,NC_001781.1
HM459875,5399,,A,NC_001781.1
HM459875,5402,C,A,NC_001781.1
HM459875,5403,G,A,NC_001781.1
HM459875,5406,,A,NC_001781.1
HM459875,5438,C,T,NC_001781.1
HM459875,5459,T,C,NC_001781.1
HM459875,5461,G,A,NC_001781.1
HM459875,5478,G,A,NC_001781.1
HM459875,5488,C,T,NC_001781.1
HM459875,5502,C,T,NC_001781.1
HM459875,5520,C,A,NC_001781.1
HM459875,5550,T,C,NC_001781.1
HM459875,5571,T,,NC_001781.1
HM459875,5574,,T,NC_001781.1
HM459875,5577,A,G,NC_001781.1
HM459875,5581,C,T,NC_001781.1
HM459875,5595,,T,NC_001781.1
HM459885,5345,C,T,NC_001781.1
HM459885,5349,C,T,NC_001781.1
HM459885,5355,G,A,NC_001781.1
HM459885,5356,A,C,NC_001781.1
HM459885,5367,A,T,NC_001781.1
HM459885,5370,T,C,NC_001781.1
HM459885,5375,C,T,NC_001781.1
HM459885,5376,C,T,NC_001781.1
HM459885,5399,T,C,NC_001781.1
HM459885,5402,C,A,NC_001781.1
HM459885,5406,,C,NC_001781.1
HM459885,5406,,A,NC_001781.1
HM459885,5406,,C,NC_001781.1
HM459885,5406,,A,NC_001781.1
HM459885,5406,,G,NC_001781.1
HM459885,5406,,A,NC_001781.1
HM459885,5406,,A,NC_001781.1
HM459885,5406,,A,NC_001781.1
HM459885,5406,,G,NC_001781.1
HM459885,5406,,A,NC_001781.1
HM459885,5406,,G,NC_001781.1
HM459885,5406,,A,NC_001781.1
HM459885,5406,,C,NC_001781.1
HM459885,5406,,A,NC_001781.1
HM459885,5406,,C,NC_001781.1
HM459885,5406,,C,NC_001781.1
HM459885,5406,,A,NC_001781.1
HM459885,5406,,G,NC_001781.1
HM459885,5406,,C,NC_001781.1
HM459885,5406,,A,NC_001781.1
HM459885,5406,,C,NC_001781.1
HM459885,5406,,C,NC_001781.1
HM459885,5406,,C,NC_001781.1
HM459885,5406,,C,NC_001781.1
HM459885,5406,,A,NC_001781.1
HM459885,5406,,C,NC_001781.1
HM459885,5406,,A,NC_001781.1
HM459885,5406,,A,NC_001781.1
HM459885,5406,,T,NC_001781.1
HM459885,5406,,C,NC_001781.1
HM459885,5406,,C,NC_001781.1
HM459885,5406,,A,NC_001781.1
HM459885,5406,,C,NC_001781.1
HM459885,5406,,T,NC_001781.1
HM459885,5406,,G,NC_001781.1
HM459885,5406,,T,NC_001781.1
HM459885,5406,,G,NC_001781.1
HM459885,5406,,C,NC_001781.1
HM459885,5406,,T,NC_001781.1
HM459885,5406,,C,NC_001781.1
HM459885,5406,,G,NC_001781.1
HM459885,5406,,A,NC_001781.1
HM459885,5406,,C,NC_001781.1
HM459885,5406,,A,NC_001781.1
HM459885,5406,,C,NC_001781.1
HM459885,5406,,A,NC_001781.1
HM459885,5406,,A,NC_001781.1
HM459885,5406,,C,NC_001781.1
HM459885,5406,,C,NC_001781.1
HM459885,5406,,A,NC_001781.1
HM459885,5406,,C,NC_001781.1
HM459885,5406,,A,NC_001781.1
HM459885,5406,,T,NC_001781.1
HM459885,5406,,C,NC_001781.1
HM459885,5406,,A,NC_001781.1
HM459885,5406,,A,NC_001781.1
HM459885,5406,,A,NC_001781.1
HM459885,5406,,A,NC_001781.1
HM459885,5406,,C,NC_001781.1
HM459885,5406,,A,NC_001781.1
HM459885,5436,C,T,NC_001781.1
HM459885,5438,C,T,NC_001781.1
HM459885,5459,T,C,NC_001781.1
HM459885,5461,G,A,NC_001781.1
HM459885,5495,C,T,NC_001781.1
HM459885,5504,A,G,NC_001781.1
HM459885,5550,T,C,NC_001781.1
HM459885,5566,C,T,NC_001781.1
HM459885,5571,T,,NC_001781.1
HM459885,5574,,T,NC_001781.1
HM459885,5577,A,G,NC_001781.1
HM459885,5581,C,T,NC_001781.1
HM459885,5595,,T,NC_001781.1
HM459881,5337,A,T,NC_001781.1
HM459881,5345,C,T,NC_001781.1
HM459881,5355,G,A,NC_001781.1
HM459881,5356,A,C,NC_001781.1
HM459881,5370,T,C,NC_001781.1
HM459881,5375,C,T,NC_001781.1
HM459881,5399,T,C,NC_001781.1
HM459881,5402,C,A,NC_001781.1
HM459881,5428,T,C,NC_001781.1
HM459881,5459,,C,NC_001781.1
HM459881,5459,,A,NC_001781.1
HM459881,5459,,A,NC_001781.1
HM459881,5459,,A,NC_001781.1
HM459881,5459,,A,NC_001781.1
HM459881,5459,,C,NC_001781.1
HM459881,5459,,A,NC_001781.1
HM459881,5459,,C,NC_001781.1
HM459881,5459,,A,NC_001781.1
HM459881,5459,,C,NC_001781.1
HM459881,5459,,A,NC_001781.1
HM459881,5459,,G,NC_001781.1
HM459881,5459,,A,NC_001781.1
HM459881,5459,,A,NC_001781.1
HM459881,5459,,A,NC_001781.1
HM459881,5459,,G,NC_001781.1
HM459881,5459,,A,NC_001781.1
HM459881,5459,,G,NC_001781.1
HM459881,5459,,A,NC_001781.1
HM459881,5459,,C,NC_001781.1
HM459881,5459,,A,NC_001781.1
HM459881,5459,,C,NC_001781.1
HM459881,5459,,C,NC_001781.1
HM459881,5459,,A,NC_001781.1
HM459881,5459,,G,NC_001781.1
HM459881,5459,,C,NC_001781.1
HM459881,5459,,A,NC_001781.1
HM459881,5459,,C,NC_001781.1
HM459881,5459,,C,NC_001781.1
HM459881,5459,,T,NC_001781.1
HM459881,5459,,T,NC_001781.1
HM459881,5459,,A,NC_001781.1
HM459881,5459,,C,NC_001781.1
HM459881,5459,,A,NC_001781.1
HM459881,5459,,A,NC_001781.1
HM459881,5459,,T,NC_001781.1
HM459881,5459,,T,NC_001781.1
HM459881,5459,,C,NC_001781.1
HM459881,5459,,A,NC_001781.1
HM459881,5459,,T,NC_001781.1
HM459881,5459,,T,NC_001781.1
HM459881,5459,,G,NC_001781.1
HM459881,5459,,C,NC_001781.1
HM459881,5459,,A,NC_001781.1
HM459881,5459,,C,NC_001781.1
HM459881,5459,,T,NC_001781.1
HM459881,5459,,T,NC_001781.1
HM459881,5459,,G,NC_001781.1
HM459881,5459,,A,NC_001781.1
HM459881,5459,,C,NC_001781.1
HM459881,5459,,A,NC_001781.1
HM459881,5459,,C,NC_001781.1
HM459881,5459,,A,NC_001781.1
HM459881,5459,,A,NC_001781.1
HM459881,5459,,C,NC_001781.1
HM459881,5459,,C,NC_001781.1
HM459881,5459,,A,NC_001781.1
HM459881,5459,,C,NC_001781.1
HM459881,5459,,AC,NC_001781.1
HM459881,5461,G,A,NC_001781.1
HM459881,5488,C,T,NC_001781.1
HM459881,5519,C,T,NC_001781.1
HM459881,5550,T,C,NC_001781.1
HM459881,5566,C,T,NC_001781.1
HM459881,5571,T,,NC_001781.1
HM459881,5574,,T,NC_001781.1
HM459881,5577,A,G,NC_001781.1
HM459881,5581,C,T,NC_001781.1
HM459881,5595,,T,NC_001781.1
HM459856,5330,,A,NC_001781.1
HM459856,5330,,G,NC_001781.1
HM459856,5330,,A,NC_001781.1
HM459856,5330,,G,NC_001781.1
HM459856,5350,A,,NC_001781.1
HM459856,5355,G,C,NC_001781.1
HM459856,5358,,T,NC_001781.1
HM459856,5370,T,C,NC_001781.1
HM459856,5375,C,T,NC_001781.1
HM459856,5399,T,C,NC_001781.1
HM459856,5402,C,G,NC_001781.1
HM459856,5405,C,T,NC_001781.1
HM459856,5408,,C,NC_001781.1
HM459856,5408,,A,NC_001781.1
HM459856,5408,,G,NC_001781.1
HM459856,5408,,A,NC_001781.1
HM459856,5408,,A,NC_001781.1
HM459856,5408,,A,NC_001781.1
HM459856,5408,,G,NC_001781.1
HM459856,5408,,A,NC_001781.1
HM459856,5408,,G,NC_001781.1
HM459856,5408,,A,NC_001781.1
HM459856,5408,,C,NC_001781.1
HM459856,5408,,A,NC_001781.1
HM459856,5408,,C,NC_001781.1
HM459856,5408,,C,NC_001781.1
HM459856,5408,,A,NC_001781.1
HM459856,5408,,A,NC_001781.1
HM459856,5408,,C,NC_001781.1
HM459856,5408,,A,NC_001781.1
HM459856,5408,,C,NC_001781.1
HM459856,5408,,C,NC_001781.1
HM459856,5408,,C,NC_001781.1
HM459856,5408,,C,NC_001781.1
HM459856,5408,,A,NC_001781.1
HM459856,5408,,C,NC_001781.1
HM459856,5408,,A,NC_001781.1
HM459856,5408,,A,NC_001781.1
HM459856,5408,,T,NC_001781.1
HM459856,5408,,C,NC_001781.1
HM459856,5408,,C,NC_001781.1
HM459856,5408,,A,NC_001781.1
HM459856,5408,,C,NC_001781.1
HM459856,5408,,T,NC_001781.1
HM459856,5408,,T,NC_001781.1
HM459856,5408,,T,NC_001781.1
HM459856,5408,,G,NC_001781.1
HM459856,5408,,C,NC_001781.1
HM459856,5408,,T,NC_001781.1
HM459856,5408,,C,NC_001781.1
HM459856,5408,,G,NC_001781.1
HM459856,5408,,A,NC_001781.1
HM459856,5408,,C,NC_001781.1
HM459856,5408,,A,NC_001781.1
HM459856,5408,,C,NC_001781.1
HM459856,5408,,A,NC_001781.1
HM459856,5408,,A,NC_001781.1
HM459856,5408,,C,NC_001781.1
HM459856,5408,,C,NC_001781.1
HM459856,5408,,A,NC_001781.1
HM459856,5408,,C,NC_001781.1
HM459856,5408,,A,NC_001781.1
HM459856,5408,,T,NC_001781.1
HM459856,5408,,C,NC_001781.1
HM459856,5408,,A,NC_001781.1
HM459856,5408,,A,NC_001781.1
HM459856,5408,,A,NC_001781.1
HM459856,5408,,A,NC_001781.1
HM459856,5408,,C,NC_001781.1
HM459856,5408,,A,NC_001781.1
HM459856,5408,,C,NC_001781.1
HM459856,5408,,G,NC_001781.1
HM459856,5428,T,C,NC_001781.1
HM459856,5459,T,C,NC_001781.1
HM459856,5461,G,A,NC_001781.1
HM459856,5474,A,G,NC_001781.1
HM459856,5488,C,T,NC_001781.1
HM459856,5550,T,C,NC_001781.1
HM459856,5559,T,C,NC_001781.1
HM459856,5564,C,A,NC_001781.1
HM459856,5566,C,T,NC_001781.1
HM459856,5571,T,,NC_001781.1
HM459856,5574,,T,NC_001781.1
HM459856,5575,C,T,NC_001781.1
HM459856,5577,A,G,NC_001781.1
HM459856,5581,C,T,NC_001781.1
HM459856,5583,T,C,NC_001781.1
HM459857,5330,,A,NC_001781.1
HM459857,5330,,G,NC_001781.1
HM459857,5330,,A,NC_001781.1
HM459857,5330,,G,NC_001781.1
HM459857,5350,A,,NC_001781.1
HM459857,5355,G,C,NC_001781.1
HM459857,5358,,T,NC_001781.1
HM459857,5370,T,C,NC_001781.1
HM459857,5375,C,T,NC_001781.1
HM459857,5399,T,C,NC_001781.1
HM459857,5402,C,G,NC_001781.1
HM459857,5405,C,T,NC_001781.1
HM459857,5408,,C,NC_001781.1
HM459857,5408,,A,NC_001781.1
HM459857,5408,,G,NC_001781.1
HM459857,5408,,A,NC_001781.1
HM459857,5408,,A,NC_001781.1
HM459857,5408,,A,NC_001781.1
HM459857,5408,,G,NC_001781.1
HM459857,5408,,A,NC_001781.1
HM459857,5408,,G,NC_001781.1
HM459857,5408,,A,NC_001781.1
HM459857,5408,,C,NC_001781.1
HM459857,5408,,A,NC_001781.1
HM459857,5408,,C,NC_001781.1
HM459857,5408,,C,NC_001781.1
HM459857,5408,,A,NC_001781.1
HM459857,5408,,A,NC_001781.1
HM459857,5408,,C,NC_001781.1
HM459857,5408,,A,NC_001781.1
HM459857,5408,,C,NC_001781.1
HM459857,5408,,C,NC_001781.1
HM459857,5408,,C,NC_001781.1
HM459857,5408,,C,NC_001781.1
HM459857,5408,,A,NC_001781.1
HM459857,5408,,C,NC_001781.1
HM459857,5408,,A,NC_001781.1
HM459857,5408,,A,NC_001781.1
HM459857,5408,,T,NC_001781.1
HM459857,5408,,C,NC_001781.1
HM459857,5408,,C,NC_001781.1
HM459857,5408,,A,NC_001781.1
HM459857,5408,,C,NC_001781.1
HM459857,5408,,T,NC_001781.1
HM459857,5408,,T,NC_001781.1
HM459857,5408,,T,NC_001781.1
HM459857,5408,,G,NC_001781.1
HM459857,5408,,C,NC_001781.1
HM459857,5408,,T,NC_001781.1
HM459857,5408,,C,NC_001781.1
HM459857,5408,,G,NC_001781.1
HM459857,5408,,A,NC_001781.1
HM459857,5408,,C,NC_001781.1
HM459857,5408,,A,NC_001781.1
HM459857,5408,,C,NC_001781.1
HM459857,5408,,A,NC_001781.1
HM459857,5408,,A,NC_001781.1
HM459857,5408,,C,NC_001781.1
HM459857,5408,,C,NC_001781.1
HM459857,5408,,A,NC_001781.1
HM459857,5408,,C,NC_001781.1
HM459857,5408,,A,NC_001781.1
HM459857,5408,,T,NC_001781.1
HM459857,5408,,C,NC_001781.1
HM459857,5408,,A,NC_001781.1
HM459857,5408,,A,NC_001781.1
HM459857,5408,,A,NC_001781.1
HM459857,5408,,A,NC_001781.1
HM459857,5408,,C,NC_001781.1
HM459857,5408,,A,NC_001781.1
HM459857,5408,,C,NC_001781.1
HM459857,5408,,G,NC_001781.1
HM459857,5428,T,C,NC_001781.1
HM459857,5459,T,C,NC_001781.1
HM459857,5461,G,A,NC_001781.1
HM459857,5474,A,G,NC_001781.1
HM459857,5488,C,T,NC_001781.1
HM459857,5550,T,C,NC_001781.1
HM459857,5559,T,C,NC_001781.1
HM459857,5564,C,A,NC_001781.1
HM459857,5566,C,T,NC_001781.1
HM459857,5571,T,,NC_001781.1
HM459857,5574,,T,NC_001781.1
HM459857,5575,C,T,NC_001781.1
HM459857,5577,A,G,NC_001781.1
HM459857,5581,C,T,NC_001781.1
HM459857,5583,T,C,NC_001781.1
HM459880,5337,A,T,NC_001781.1
HM459880,5345,C,T,NC_001781.1
HM459880,5355,G,A,NC_001781.1
HM459880,5356,A,C,NC_001781.1
HM459880,5370,T,C,NC_001781.1
HM459880,5375,C,T,NC_001781.1
HM459880,5399,T,C,NC_001781.1
HM459880,5402,C,A,NC_001781.1
HM459880,5428,T,C,NC_001781.1
HM459880,5459,,C,NC_001781.1
HM459880,5459,,A,NC_001781.1
HM459880,5459,,A,NC_001781.1
HM459880,5459,,A,NC_001781.1
HM459880,5459,,A,NC_001781.1
HM459880,5459,,C,NC_001781.1
HM459880,5459,,A,NC_001781.1
HM459880,5459,,C,NC_001781.1
HM459880,5459,,A,NC_001781.1
HM459880,5459,,C,NC_001781.1
HM459880,5459,,A,NC_001781.1
HM459880,5459,,G,NC_001781.1
HM459880,5459,,A,NC_001781.1
HM459880,5459,,A,NC_001781.1
HM459880,5459,,A,NC_001781.1
HM459880,5459,,G,NC_001781.1
HM459880,5459,,A,NC_001781.1
HM459880,5459,,G,NC_001781.1
HM459880,5459,,A,NC_001781.1
HM459880,5459,,C,NC_001781.1
HM459880,5459,,A,NC_001781.1
HM459880,5459,,C,NC_001781.1
HM459880,5459,,C,NC_001781.1
HM459880,5459,,A,NC_001781.1
HM459880,5459,,G,NC_001781.1
HM459880,5459,,C,NC_001781.1
HM459880,5459,,A,NC_001781.1
HM459880,5459,,C,NC_001781.1
HM459880,5459,,C,NC_001781.1
HM459880,5459,,T,NC_001781.1
HM459880,5459,,T,NC_001781.1
HM459880,5459,,A,NC_001781.1
HM459880,5459,,C,NC_001781.1
HM459880,5459,,A,NC_001781.1
HM459880,5459,,A,NC_001781.1
HM459880,5459,,T,NC_001781.1
HM459880,5459,,T,NC_001781.1
HM459880,5459,,C,NC_001781.1
HM459880,5459,,A,NC_001781.1
HM459880,5459,,T,NC_001781.1
HM459880,5459,,T,NC_001781.1
HM459880,5459,,G,NC_001781.1
HM459880,5459,,C,NC_001781.1
HM459880,5459,,A,NC_001781.1
HM459880,5459,,C,NC_001781.1
HM459880,5459,,T,NC_001781.1
HM459880,5459,,T,NC_001781.1
HM459880,5459,,G,NC_001781.1
HM459880,5459,,A,NC_001781.1
HM459880,5459,,C,NC_001781.1
HM459880,5459,,A,NC_001781.1
HM459880,5459,,C,NC_001781.1
HM459880,5459,,A,NC_001781.1
HM459880,5459,,A,NC_001781.1
HM459880,5459,,C,NC_001781.1
HM459880,5459,,C,NC_001781.1
HM459880,5459,,A,NC_001781.1
HM459880,5459,,C,NC_001781.1
HM459880,5459,,AC,NC_001781.1
HM459880,5461,G,A,NC_001781.1
HM459880,5488,C,T,NC_001781.1
HM459880,5519,C,T,NC_001781.1
HM459880,5550,T,C,NC_001781.1
HM459880,5566,C,T,NC_001781.1
HM459880,5571,T,,NC_001781.1
HM459880,5574,,T,NC_001781.1
HM459880,5577,A,G,NC_001781.1
HM459880,5581,C,T,NC_001781.1
HM459880,5595,,T,NC_001781.1
HM459882,5337,A,T,NC_001781.1
HM459882,5345,C,T,NC_001781.1
HM459882,5355,G,A,NC_001781.1
HM459882,5356,A,C,NC_001781.1
HM459882,5370,T,C,NC_001781.1
HM459882,5375,C,T,NC_001781.1
HM459882,5399,T,C,NC_001781.1
HM459882,5402,C,A,NC_001781.1
HM459882,5428,T,C,NC_001781.1
HM459882,5459,,C,NC_001781.1
HM459882,5459,,A,NC_001781.1
HM459882,5459,,A,NC_001781.1
HM459882,5459,,A,NC_001781.1
HM459882,5459,,A,NC_001781.1
HM459882,5459,,C,NC_001781.1
HM459882,5459,,A,NC_001781.1
HM459882,5459,,C,NC_001781.1
HM459882,5459,,A,NC_001781.1
HM459882,5459,,C,NC_001781.1
HM459882,5459,,A,NC_001781.1
HM459882,5459,,G,NC_001781.1
HM459882,5459,,A,NC_001781.1
HM459882,5459,,A,NC_001781.1
HM459882,5459,,A,NC_001781.1
HM459882,5459,,G,NC_001781.1
HM459882,5459,,A,NC_001781.1
HM459882,5459,,G,NC_001781.1
HM459882,5459,,A,NC_001781.1
HM459882,5459,,C,NC_001781.1
HM459882,5459,,A,NC_001781.1
HM459882,5459,,C,NC_001781.1
HM459882,5459,,C,NC_001781.1
HM459882,5459,,A,NC_001781.1
HM459882,5459,,G,NC_001781.1
HM459882,5459,,C,NC_001781.1
HM459882,5459,,A,NC_001781.1
HM459882,5459,,C,NC_001781.1
HM459882,5459,,C,NC_001781.1
HM459882,5459,,T,NC_001781.1
HM459882,5459,,T,NC_001781.1
HM459882,5459,,A,NC_001781.1
HM459882,5459,,C,NC_001781.1
HM459882,5459,,A,NC_001781.1
HM459882,5459,,A,NC_001781.1
HM459882,5459,,T,NC_001781.1
HM459882,5459,,T,NC_001781.1
HM459882,5459,,C,NC_001781.1
HM459882,5459,,A,NC_001781.1
HM459882,5459,,T,NC_001781.1
HM459882,5459,,T,NC_001781.1
HM459882,5459,,G,NC_001781.1
HM459882,5459,,C,NC_001781.1
HM459882,5459,,A,NC_001781.1
HM459882,5459,,C,NC_001781.1
HM459882,5459,,T,NC_001781.1
HM459882,5459,,T,NC_001781.1
HM459882,5459,,G,NC_001781.1
HM459882,5459,,A,NC_001781.1
HM459882,5459,,C,NC_001781.1
HM459882,5459,,A,NC_001781.1
HM459882,5459,,C,NC_001781.1
HM459882,5459,,A,NC_001781.1
HM459882,5459,,A,NC_001781.1
HM459882,5459,,C,NC_001781.1
HM459882,5459,,C,NC_001781.1
HM459882,5459,,A,NC_001781.1
HM459882,5459,,C,NC_001781.1
HM459882,5459,,AC,NC_001781.1
HM459882,5461,G,A,NC_001781.1
HM459882,5488,C,T,NC_001781.1
HM459882,5519,C,T,NC_001781.1
HM459882,5550,T,C,NC_001781.1
HM459882,5566,C,T,NC_001781.1
HM459882,5571,T,,NC_001781.1
HM459882,5574,,T,NC_001781.1
HM459882,5577,A,G,NC_001781.1
HM459882,5581,C,T,NC_001781.1
HM459882,5595,,T,NC_001781.1
HM459892,5329,,A,NC_001781.1
HM459892,5329,,G,NC_001781.1
HM459892,5329,,G,NC_001781.1
HM459892,5345,C,T,NC_001781.1
HM459892,5349,C,T,NC_001781.1
HM459892,5355,G,A,NC_001781.1
HM459892,5356,A,C,NC_001781.1
HM459892,5367,A,T,NC_001781.1
HM459892,5370,T,C,NC_001781.1
HM459892,5375,C,T,NC_001781.1
HM459892,5376,C,T,NC_001781.1
HM459892,5399,T,C,NC_001781.1
HM459892,5402,C,A,NC_001781.1
HM459892,5406,,C,NC_001781.1
HM459892,5406,,A,NC_001781.1
HM459892,5406,,C,NC_001781.1
HM459892,5406,,A,NC_001781.1
HM459892,5406,,G,NC_001781.1
HM459892,5406,,A,NC_001781.1
HM459892,5406,,A,NC_001781.1
HM459892,5406,,A,NC_001781.1
HM459892,5406,,G,NC_001781.1
HM459892,5406,,A,NC_001781.1
HM459892,5406,,G,NC_001781.1
HM459892,5406,,A,NC_001781.1
HM459892,5406,,C,NC_001781.1
HM459892,5406,,A,NC_001781.1
HM459892,5406,,C,NC_001781.1
HM459892,5406,,C,NC_001781.1
HM459892,5406,,A,NC_001781.1
HM459892,5406,,G,NC_001781.1
HM459892,5406,,C,NC_001781.1
HM459892,5406,,A,NC_001781.1
HM459892,5406,,C,NC_001781.1
HM459892,5406,,C,NC_001781.1
HM459892,5406,,C,NC_001781.1
HM459892,5406,,C,NC_001781.1
HM459892,5406,,A,NC_001781.1
HM459892,5406,,C,NC_001781.1
HM459892,5406,,A,NC_001781.1
HM459892,5406,,A,NC_001781.1
HM459892,5406,,T,NC_001781.1
HM459892,5406,,C,NC_001781.1
HM459892,5406,,T,NC_001781.1
HM459892,5406,,A,NC_001781.1
HM459892,5406,,C,NC_001781.1
HM459892,5406,,T,NC_001781.1
HM459892,5406,,G,NC_001781.1
HM459892,5406,,T,NC_001781.1
HM459892,5406,,G,NC_001781.1
HM459892,5406,,C,NC_001781.1
HM459892,5406,,T,NC_001781.1
HM459892,5406,,C,NC_001781.1
HM459892,5406,,G,NC_001781.1
HM459892,5406,,A,NC_001781.1
HM459892,5406,,C,NC_001781.1
HM459892,5406,,A,NC_001781.1
HM459892,5406,,C,NC_001781.1
HM459892,5406,,A,NC_001781.1
HM459892,5406,,A,NC_001781.1
HM459892,5406,,C,NC_001781.1
HM459892,5406,,C,NC_001781.1
HM459892,5406,,A,NC_001781.1
HM459892,5406,,C,NC_001781.1
HM459892,5406,,A,NC_001781.1
HM459892,5406,,T,NC_001781.1
HM459892,5406,,C,NC_001781.1
HM459892,5406,,A,NC_001781.1
HM459892,5406,,A,NC_001781.1
HM459892,5406,,A,NC_001781.1
HM459892,5406,,A,NC_001781.1
HM459892,5406,,C,NC_001781.1
HM459892,5406,,A,NC_001781.1
HM459892,5436,C,T,NC_001781.1
HM459892,5438,C,T,NC_001781.1
HM459892,5459,T,C,NC_001781.1
HM459892,5461,G,A,NC_001781.1
HM459892,5504,A,G,NC_001781.1
HM459892,5513,C,T,NC_001781.1
HM459892,5526,A,G,NC_001781.1
HM459892,5550,T,C,NC_001781.1
HM459892,5566,C,T,NC_001781.1
HM459892,5571,T,,NC_001781.1
HM459892,5574,,T,NC_001781.1
HM459892,5577,A,G,NC_001781.1
HM459892,5581,C,T,NC_001781.1
HM459892,5595,,T,NC_001781.1
