lineage,sum_counts,Africa count,Asia count,Europe count,North America count,Oceania count,South America count,Africa freq,Asia freq,Europe freq,North America freq,Oceania freq,South America freq
B.1,11170,337,298,1120,8853,419,143,37.52783964365256,14.326923076923077,21.9435736677116,18.47492643836474,3.303374329864396,39.07103825136612
D.2,10974,0,0,0,0,10974,0,0.0,0.0,0.0,0.0,86.51844843897824,0.0
B.1.2,10744,2,1,1,10738,2,0,0.22271714922048996,0.04807692307692308,0.01959247648902821,22.40864792670966,0.015767896562598548,0.0
B.1.1,2249,85,186,779,1021,139,39,9.465478841870825,8.942307692307692,15.262539184952978,2.1306788538992887,1.0958688111005992,10.655737704918032
A.1,2049,0,0,0,1951,98,0,0.0,0.0,0.0,4.071453911809511,0.772626931567329,0.0
B.1.429,1722,0,0,0,1722,0,0,0.0,0.0,0.0,3.5935641394853812,0.0,0.0
B.1.243,1298,1,0,0,1297,0,0,0.11135857461024498,0.0,0.0,2.7066508065694195,0.0,0.0
B.1.1.7,971,95,19,31,826,0,0,10.579064587973273,0.9134615384615385,0.6073667711598746,1.7237421482084352,0.0,0.0
B.1.1.291,806,0,0,0,806,0,0,0.0,0.0,0.0,1.6820050501888604,0.0,0.0
B.1.234,783,0,0,0,783,0,0,0.0,0.0,0.0,1.6340073874663494,0.0,0.0
B.1.596,782,1,0,0,781,0,0,0.11135857461024498,0.0,0.0,1.629833677664392,0.0,0.0
B,721,19,139,137,381,43,2,2.1158129175946545,6.6826923076923075,2.6841692789968654,0.7950917172728981,0.33900977609586885,0.546448087431694
B.1.595,647,0,0,0,646,1,0,0.0,0.0,0.0,1.3481082660322627,0.007883948281299274,0.0
B.1.371,633,0,0,0,633,0,0,0.0,0.0,0.0,1.320979152319539,0.0,0.0
B.1.427,601,0,0,0,601,0,0,0.0,0.0,0.0,1.2541997954882196,0.0,0.0
B.1.369,586,0,0,0,585,1,0,0.0,0.0,0.0,1.2208101170725598,0.007883948281299274,0.0
B.1.240,540,0,0,1,539,0,0,0.0,0.0,0.01959247648902821,1.1248147916275382,0.0,0.0
A,478,28,74,21,308,46,1,3.11804008908686,3.5576923076923075,0.41144200626959243,0.6427513095014503,0.3626616209397666,0.273224043715847
B.1.375,475,0,0,0,475,0,0,0.0,0.0,0.0,0.991256077964899,0.0,0.0
B.1.426,474,0,0,0,474,0,0,0.0,0.0,0.0,0.9891692230639204,0.0,0.0
B.1.564,401,0,0,0,401,0,0,0.0,0.0,0.0,0.8368288152924727,0.0,0.0
B.1.139,396,0,0,0,396,0,0,0.0,0.0,0.0,0.826394540787579,0.0,0.0
B.1.400,379,0,0,0,379,0,0,0.0,0.0,0.0,0.7909180074709405,0.0,0.0
B.1.320,350,0,1,0,344,5,0,0.0,0.04807692307692308,0.0,0.7178780859366849,0.03941974140649637,0.0
B.1.1.519,339,0,0,0,339,0,0,0.0,0.0,0.0,0.7074438114317911,0.0,0.0
B.1.509,331,0,0,0,331,0,0,0.0,0.0,0.0,0.6907489722239613,0.0,0.0
B.1.311,320,0,0,0,320,0,0,0.0,0.0,0.0,0.6677935683131951,0.0,0.0
B.1.1.25,317,0,300,0,10,7,0,0.0,14.423076923076922,0.0,0.020868549009787348,0.05518763796909492,0.0
B.1.1.222,311,0,0,0,311,0,0,0.0,0.0,0.0,0.6490118742043866,0.0,0.0
B.1.517,273,0,0,0,273,0,0,0.0,0.0,0.0,0.5697113879671947,0.0,0.0
B.1.22,236,0,0,226,2,8,0,0.0,0.0,4.427899686520377,0.00417370980195747,0.06307158625039419,0.0
B.1.384,224,0,0,0,224,0,0,0.0,0.0,0.0,0.4674554978192367,0.0,0.0
B.1.232,202,0,0,0,202,0,0,0.0,0.0,0.0,0.42154468999770445,0.0,0.0
B.1.36.8,202,0,190,0,12,0,0,0.0,9.134615384615383,0.0,0.02504225881174482,0.0,0.0
B.1.160,190,11,1,167,11,0,0,1.2249443207126949,0.04807692307692308,3.2719435736677114,0.022955403910766087,0.0,0.0
B.1.349,189,0,0,0,189,0,0,0.0,0.0,0.0,0.3944155762849809,0.0,0.0
B.1.177,188,17,1,154,16,0,0,1.893095768374165,0.04807692307692308,3.0172413793103448,0.03338967841565976,0.0,0.0
A.2.2,182,0,0,0,2,180,0,0.0,0.0,0.0,0.00417370980195747,1.4191106906338695,0.0
B.1.565,177,0,0,0,177,0,0,0.0,0.0,0.0,0.3693733174732361,0.0,0.0
B.1.8,172,0,2,134,33,3,0,0.0,0.09615384615384616,2.6253918495297808,0.06886621173229826,0.023651844843897825,0.0
B.1.110.3,171,0,0,0,171,0,0,0.0,0.0,0.0,0.3568521880673637,0.0,0.0
B.1.1.26,170,0,0,0,170,0,0,0.0,0.0,0.0,0.354765333166385,0.0,0.0
B.1.582,170,0,0,0,170,0,0,0.0,0.0,0.0,0.354765333166385,0.0,0.0
B.1.1.70,167,0,0,167,0,0,0,0.0,0.0,3.2719435736677114,0.0,0.0,0.0
A.3,166,0,1,0,164,1,0,0.0,0.04807692307692308,0.0,0.3422442037605125,0.007883948281299274,0.0
B.1.241,160,0,0,0,160,0,0,0.0,0.0,0.0,0.33389678415659757,0.0,0.0
B.1.425,159,0,0,0,159,0,0,0.0,0.0,0.0,0.33180992925561886,0.0,0.0
B.6,155,1,86,2,34,32,0,0.11135857461024498,4.134615384615384,0.03918495297805642,0.07095306663327698,0.25228634500157676,0.0
B.1.1.39,153,0,0,152,1,0,0,0.0,0.0,2.978056426332288,0.002086854900978735,0.0,0.0
B.1.503,151,0,0,0,151,0,0,0.0,0.0,0.0,0.315115090047789,0.0,0.0
B.1.577,148,0,0,0,148,0,0,0.0,0.0,0.0,0.30885452534485275,0.0,0.0
B.1.1.464,146,0,0,4,142,0,0,0.0,0.0,0.07836990595611285,0.29633339593898034,0.0,0.0
D.3,144,0,0,0,0,144,0,0.0,0.0,0.0,0.0,1.1352885525070955,0.0
B.40,142,1,4,39,71,27,0,0.11135857461024498,0.19230769230769232,0.7641065830721003,0.14816669796949017,0.21286660359508044,0.0
B.1.1.434,140,0,0,0,140,0,0,0.0,0.0,0.0,0.29215968613702287,0.0,0.0
B.1.305,138,0,0,0,138,0,0,0.0,0.0,0.0,0.2879859763350654,0.0,0.0
B.1.609,137,0,0,1,136,0,0,0.0,0.0,0.01959247648902821,0.2838122665331079,0.0,0.0
B.1.332,136,0,0,0,136,0,0,0.0,0.0,0.0,0.2838122665331079,0.0,0.0
B.1.1.316,131,0,0,0,131,0,0,0.0,0.0,0.0,0.2733779920282143,0.0,0.0
B.1.112,130,0,0,0,130,0,0,0.0,0.0,0.0,0.27129113712723557,0.0,0.0
C.36,124,120,0,1,3,0,0,13.3630289532294,0.0,0.01959247648902821,0.006260564702936205,0.0,0.0
B.1.561,124,0,0,0,124,0,0,0.0,0.0,0.0,0.25877000772136316,0.0,0.0
B.1.1.219,119,0,0,119,0,0,0,0.0,0.0,2.3315047021943576,0.0,0.0,0.0
B.1.396,119,0,0,0,119,0,0,0.0,0.0,0.0,0.24833573321646946,0.0,0.0
B.1.1.416,119,0,0,0,118,1,0,0.0,0.0,0.0,0.24624887831549072,0.007883948281299274,0.0
B.1.177.44,117,0,0,116,1,0,0,0.0,0.0,2.272727272727273,0.002086854900978735,0.0,0.0
B.1.453,115,0,0,0,115,0,0,0.0,0.0,0.0,0.23998831361255452,0.0,0.0
B.1.1.186,113,0,0,0,113,0,0,0.0,0.0,0.0,0.23581460381059705,0.0,0.0
B.1.110,112,0,0,0,43,3,66,0.0,0.0,0.0,0.08973476074208561,0.023651844843897825,18.0327868852459
B.1.366,109,0,0,0,109,0,0,0.0,0.0,0.0,0.2274671842066821,0.0,0.0
B.1.124,105,0,0,0,105,0,0,0.0,0.0,0.0,0.21911976460276716,0.0,0.0
B.1.162,104,0,0,0,104,0,0,0.0,0.0,0.0,0.21703290970178846,0.0,0.0
B.1.1.207,104,0,0,0,104,0,0,0.0,0.0,0.0,0.21703290970178846,0.0,0.0
B.1.199,103,0,0,0,102,0,1,0.0,0.0,0.0,0.212859199899831,0.0,0.273224043715847
B.1.346,99,0,0,0,99,0,0,0.0,0.0,0.0,0.20659863519689475,0.0,0.0
B.1.1.174,98,1,0,0,97,0,0,0.11135857461024498,0.0,0.0,0.20242492539493728,0.0,0.0
B.1.338,97,0,0,0,1,96,0,0.0,0.0,0.0,0.002086854900978735,0.7568590350047304,0.0
B.1.399,96,0,0,0,96,0,0,0.0,0.0,0.0,0.20033807049395855,0.0,0.0
B.11,92,0,0,89,3,0,0,0.0,0.0,1.7437304075235112,0.006260564702936205,0.0,0.0
B.1.433,92,0,0,0,92,0,0,0.0,0.0,0.0,0.1919906508900436,0.0,0.0
B.1.612,90,0,0,0,90,0,0,0.0,0.0,0.0,0.18781694108808616,0.0,0.0
B.1.1.228,90,0,0,0,90,0,0,0.0,0.0,0.0,0.18781694108808616,0.0,0.0
B.1.23,89,0,0,0,0,89,0,0.0,0.0,0.0,0.0,0.7016713970356354,0.0
B.1.568,89,0,0,0,89,0,0,0.0,0.0,0.0,0.18573008618710743,0.0,0.0
C.35,88,0,0,87,1,0,0,0.0,0.0,1.7045454545454544,0.002086854900978735,0.0,0.0
B.3,87,0,9,42,23,13,0,0.0,0.4326923076923077,0.8228840125391849,0.0479976627225109,0.10249132765689058,0.0
B.1.206,86,0,0,0,86,0,0,0.0,0.0,0.0,0.17946952148417122,0.0,0.0
B.1.177.23,86,0,0,86,0,0,0,0.0,0.0,1.6849529780564265,0.0,0.0,0.0
B.1.1.135,83,0,0,0,83,0,0,0.0,0.0,0.0,0.17320895678123502,0.0,0.0
B.1.409,83,0,0,0,83,0,0,0.0,0.0,0.0,0.17320895678123502,0.0,0.0
B.1.268,82,0,0,0,82,0,0,0.0,0.0,0.0,0.17112210188025626,0.0,0.0
B.1.1.180,80,0,0,0,80,0,0,0.0,0.0,0.0,0.16694839207829879,0.0,0.0
B.55,79,0,0,76,3,0,0,0.0,0.0,1.489028213166144,0.006260564702936205,0.0,0.0
P.2,79,0,0,0,79,0,0,0.0,0.0,0.0,0.16486153717732005,0.0,0.0
B.1.190,78,0,0,78,0,0,0,0.0,0.0,1.5282131661442007,0.0,0.0,0.0
B.1.265,77,0,0,0,77,0,0,0.0,0.0,0.0,0.16068782737536258,0.0,0.0
B.1.361,77,1,0,0,76,0,0,0.11135857461024498,0.0,0.0,0.15860097247438384,0.0,0.0
B.1.1.231,76,0,0,0,75,0,1,0.0,0.0,0.0,0.1565141175734051,0.0,0.273224043715847
B.4.5,75,0,0,0,0,75,0,0.0,0.0,0.0,0.0,0.5912961210974457,0.0
B.1.576,75,0,0,0,74,1,0,0.0,0.0,0.0,0.15442726267242637,0.007883948281299274,0.0
A.2,73,0,8,49,10,3,3,0.0,0.38461538461538464,0.9600313479623824,0.020868549009787348,0.023651844843897825,0.819672131147541
B.1.356,73,3,0,52,18,0,0,0.33407572383073497,0.0,1.018808777429467,0.037563388217617226,0.0,0.0
B.1.370,69,0,0,0,69,0,0,0.0,0.0,0.0,0.1439929881675327,0.0,0.0
B.1.1.192,68,0,0,0,68,0,0,0.0,0.0,0.0,0.14190613326655396,0.0,0.0
B.1.413,68,0,0,0,68,0,0,0.0,0.0,0.0,0.14190613326655396,0.0,0.0
B.1.1.376,67,0,0,0,67,0,0,0.0,0.0,0.0,0.13981927836557523,0.0,0.0
B.1.1.304,67,0,0,0,67,0,0,0.0,0.0,0.0,0.13981927836557523,0.0,0.0
B.1.324,67,0,0,0,67,0,0,0.0,0.0,0.0,0.13981927836557523,0.0,0.0
B.1.314,67,0,0,0,65,2,0,0.0,0.0,0.0,0.13564556856361779,0.015767896562598548,0.0
B.1.301,67,0,0,0,67,0,0,0.0,0.0,0.0,0.13981927836557523,0.0,0.0
B.1.404,66,0,0,0,66,0,0,0.0,0.0,0.0,0.13773242346459652,0.0,0.0
B.1.1.1,66,8,1,29,6,21,1,0.8908685968819599,0.04807692307692308,0.5681818181818182,0.01252112940587241,0.16556291390728478,0.273224043715847
B.1.36,65,5,39,3,4,14,0,0.5567928730512249,1.875,0.05877742946708464,0.00834741960391494,0.11037527593818984,0.0
B.1.588,63,0,0,0,63,0,0,0.0,0.0,0.0,0.13147185876166032,0.0,0.0
B.1.37,63,0,0,0,63,0,0,0.0,0.0,0.0,0.13147185876166032,0.0,0.0
B.1.1.432,62,0,0,0,62,0,0,0.0,0.0,0.0,0.12938500386068158,0.0,0.0
B.1.1.225,62,0,0,0,62,0,0,0.0,0.0,0.0,0.12938500386068158,0.0,0.0
B.4,61,0,28,3,12,18,0,0.0,1.3461538461538463,0.05877742946708464,0.02504225881174482,0.14191106906338694,0.0
B.1.367,61,0,0,61,0,0,0,0.0,0.0,1.1951410658307209,0.0,0.0,0.0
B.1.108,61,0,0,0,61,0,0,0.0,0.0,0.0,0.12729814895970284,0.0,0.0
B.1.1.453,60,0,0,0,60,0,0,0.0,0.0,0.0,0.1252112940587241,0.0,0.0
B.1.113,60,0,60,0,0,0,0,0.0,2.8846153846153846,0.0,0.0,0.0,0.0
B.1.1.486,59,0,0,0,59,0,0,0.0,0.0,0.0,0.12312443915774536,0.0,0.0
B.1.319,58,0,0,0,37,21,0,0.0,0.0,0.0,0.07721363133621319,0.16556291390728478,0.0
B.1.390,58,0,0,0,58,0,0,0.0,0.0,0.0,0.12103758425676664,0.0,0.0
B.1.264,58,0,0,0,57,1,0,0.0,0.0,0.0,0.1189507293557879,0.007883948281299274,0.0
B.1.336,57,0,0,0,57,0,0,0.0,0.0,0.0,0.1189507293557879,0.0,0.0
B.1.451,57,0,0,0,57,0,0,0.0,0.0,0.0,0.1189507293557879,0.0,0.0
B.1.439,56,0,0,0,56,0,0,0.0,0.0,0.0,0.11686387445480917,0.0,0.0
B.1.554,55,0,0,0,55,0,0,0.0,0.0,0.0,0.11477701955383043,0.0,0.0
B.1.298,55,0,0,0,55,0,0,0.0,0.0,0.0,0.11477701955383043,0.0,0.0
B.1.435,54,0,0,0,54,0,0,0.0,0.0,0.0,0.1126901646528517,0.0,0.0
B.1.551,54,0,0,0,54,0,0,0.0,0.0,0.0,0.1126901646528517,0.0,0.0
B.1.403,53,0,0,0,53,0,0,0.0,0.0,0.0,0.11060330975187296,0.0,0.0
B.1.1.61,51,0,0,0,51,0,0,0.0,0.0,0.0,0.1064295999499155,0.0,0.0
B.1.210,50,0,47,0,0,3,0,0.0,2.2596153846153846,0.0,0.0,0.023651844843897825,0.0
B.1.416.1,50,0,0,50,0,0,0,0.0,0.0,0.9796238244514107,0.0,0.0,0.0
B.1.377,49,0,0,0,49,0,0,0.0,0.0,0.0,0.102255890147958,0.0,0.0
B.1.1.33,49,0,0,2,23,3,21,0.0,0.0,0.03918495297805642,0.0479976627225109,0.023651844843897825,5.737704918032787
B.1.448,48,0,0,0,48,0,0,0.0,0.0,0.0,0.10016903524697927,0.0,0.0
B.1.258,48,0,2,41,5,0,0,0.0,0.09615384615384616,0.8032915360501568,0.010434274504893674,0.0,0.0
B.1.595.1,48,0,0,0,48,0,0,0.0,0.0,0.0,0.10016903524697927,0.0,0.0
B.1.126,48,0,0,0,48,0,0,0.0,0.0,0.0,0.10016903524697927,0.0,0.0
B.1.521,48,0,0,0,48,0,0,0.0,0.0,0.0,0.10016903524697927,0.0,0.0
B.1.96,48,0,0,48,0,0,0,0.0,0.0,0.9404388714733543,0.0,0.0,0.0
B.1.239,48,0,0,0,48,0,0,0.0,0.0,0.0,0.10016903524697927,0.0,0.0
B.1.515,47,0,0,0,47,0,0,0.0,0.0,0.0,0.09808218034600054,0.0,0.0
A.5,47,0,3,30,9,3,2,0.0,0.14423076923076925,0.5877742946708464,0.018781694108808613,0.023651844843897825,0.546448087431694
B.1.492,46,0,0,0,46,0,0,0.0,0.0,0.0,0.0959953254450218,0.0,0.0
B.1.3,45,0,0,0,45,0,0,0.0,0.0,0.0,0.09390847054404308,0.0,0.0
B.1.280,44,0,0,0,44,0,0,0.0,0.0,0.0,0.09182161564306435,0.0,0.0
B.1.166,44,0,0,0,44,0,0,0.0,0.0,0.0,0.09182161564306435,0.0,0.0
B.1.14,44,0,0,0,44,0,0,0.0,0.0,0.0,0.09182161564306435,0.0,0.0
B.1.385,42,0,0,0,42,0,0,0.0,0.0,0.0,0.08764790584110688,0.0,0.0
B.1.1.71,42,0,0,30,4,8,0,0.0,0.0,0.5877742946708464,0.00834741960391494,0.06307158625039419,0.0
B.1.236,42,0,0,42,0,0,0,0.0,0.0,0.8228840125391849,0.0,0.0,0.0
B.1.1.265,41,0,0,0,41,0,0,0.0,0.0,0.0,0.08556105094012813,0.0,0.0
B.1.1.132,41,0,0,0,41,0,0,0.0,0.0,0.0,0.08556105094012813,0.0,0.0
B.1.93,40,0,0,34,6,0,0,0.0,0.0,0.6661442006269592,0.01252112940587241,0.0,0.0
B.1.340,40,0,0,0,40,0,0,0.0,0.0,0.0,0.08347419603914939,0.0,0.0
B.1.391,40,0,0,1,38,1,0,0.0,0.0,0.01959247648902821,0.07930048623719192,0.007883948281299274,0.0
B.1.1.205,39,0,0,0,39,0,0,0.0,0.0,0.0,0.08138734113817066,0.0,0.0
B.1.1.306,38,0,35,0,3,0,0,0.0,1.6826923076923077,0.0,0.006260564702936205,0.0,0.0
B.1.78,38,0,0,38,0,0,0,0.0,0.0,0.744514106583072,0.0,0.0,0.0
B.1.1.368,37,0,0,0,37,0,0,0.0,0.0,0.0,0.07721363133621319,0.0,0.0
B.1.1.290,36,0,0,0,36,0,0,0.0,0.0,0.0,0.07512677643523445,0.0,0.0
B.1.1.136,36,0,0,0,0,36,0,0.0,0.0,0.0,0.0,0.28382213812677387,0.0
B.1.247,36,0,36,0,0,0,0,0.0,1.7307692307692308,0.0,0.0,0.0,0.0
B.1.567,36,0,0,0,36,0,0,0.0,0.0,0.0,0.07512677643523445,0.0,0.0
B.1.382,36,0,0,0,36,0,0,0.0,0.0,0.0,0.07512677643523445,0.0,0.0
B.20,36,0,0,0,36,0,0,0.0,0.0,0.0,0.07512677643523445,0.0,0.0
B.1.306,36,0,0,0,36,0,0,0.0,0.0,0.0,0.07512677643523445,0.0,0.0
B.1.281,36,0,35,1,0,0,0,0.0,1.6826923076923077,0.01959247648902821,0.0,0.0,0.0
C.23,36,0,4,0,32,0,0,0.0,0.19230769230769232,0.0,0.06677935683131953,0.0,0.0
B.1.119,35,0,0,0,35,0,0,0.0,0.0,0.0,0.07303992153425572,0.0,0.0
B.1.91,34,0,0,32,2,0,0,0.0,0.0,0.6269592476489028,0.00417370980195747,0.0,0.0
B.1.402,34,0,0,0,34,0,0,0.0,0.0,0.0,0.07095306663327698,0.0,0.0
B.1.1.63,33,0,32,0,1,0,0,0.0,1.5384615384615385,0.0,0.002086854900978735,0.0,0.0
B.1.558,33,0,0,0,33,0,0,0.0,0.0,0.0,0.06886621173229826,0.0,0.0
B.1.437,33,0,0,0,33,0,0,0.0,0.0,0.0,0.06886621173229826,0.0,0.0
B.43,33,0,33,0,0,0,0,0.0,1.5865384615384615,0.0,0.0,0.0,0.0
B.1.1.229,32,0,0,32,0,0,0,0.0,0.0,0.6269592476489028,0.0,0.0,0.0
B.1.220,32,1,0,31,0,0,0,0.11135857461024498,0.0,0.6073667711598746,0.0,0.0,0.0
B.46,32,0,0,0,32,0,0,0.0,0.0,0.0,0.06677935683131953,0.0,0.0
B.1.111,32,0,0,2,28,0,2,0.0,0.0,0.03918495297805642,0.058431937227404585,0.0,0.546448087431694
B.1.1.337,32,0,0,0,32,0,0,0.0,0.0,0.0,0.06677935683131953,0.0,0.0
B.1.452,32,0,0,0,32,0,0,0.0,0.0,0.0,0.06677935683131953,0.0,0.0
B.1.9,31,1,3,25,2,0,0,0.11135857461024498,0.14423076923076925,0.48981191222570536,0.00417370980195747,0.0,0.0
B.1.213,31,0,0,31,0,0,0,0.0,0.0,0.6073667711598746,0.0,0.0,0.0
B.1.287,30,0,0,0,30,0,0,0.0,0.0,0.0,0.06260564702936205,0.0,0.0
B.1.258.23,30,0,0,0,30,0,0,0.0,0.0,0.0,0.06260564702936205,0.0,0.0
B.1.1.10,30,0,1,14,11,4,0,0.0,0.04807692307692308,0.274294670846395,0.022955403910766087,0.031535793125197095,0.0
B.1.274,29,0,0,0,29,0,0,0.0,0.0,0.0,0.06051879212838332,0.0,0.0
B.1.38,29,0,0,0,29,0,0,0.0,0.0,0.0,0.06051879212838332,0.0,0.0
B.1.599,29,0,0,0,29,0,0,0.0,0.0,0.0,0.06051879212838332,0.0,0.0
B.1.428.1,29,0,29,0,0,0,0,0.0,1.3942307692307694,0.0,0.0,0.0,0.0
B.1.328,29,0,0,0,29,0,0,0.0,0.0,0.0,0.06051879212838332,0.0,0.0
B.31,28,0,0,1,2,24,1,0.0,0.0,0.01959247648902821,0.00417370980195747,0.1892147587511826,0.273224043715847
B.1.1.158,28,0,0,0,28,0,0,0.0,0.0,0.0,0.058431937227404585,0.0,0.0
B.1.415,28,0,0,0,26,0,2,0.0,0.0,0.0,0.054258227425447114,0.0,0.546448087431694
A.4,28,0,0,0,28,0,0,0.0,0.0,0.0,0.058431937227404585,0.0,0.0
B.1.436,28,0,0,0,28,0,0,0.0,0.0,0.0,0.058431937227404585,0.0,0.0
B.1.1.111,28,26,0,2,0,0,0,2.89532293986637,0.0,0.03918495297805642,0.0,0.0,0.0
B.1.544,28,0,0,0,28,0,0,0.0,0.0,0.0,0.058431937227404585,0.0,0.0
B.1.337,27,0,0,0,27,0,0,0.0,0.0,0.0,0.05634508232642585,0.0,0.0
B.1.187,27,0,0,27,0,0,0,0.0,0.0,0.5289968652037618,0.0,0.0,0.0
B.1.1.277,27,0,0,23,4,0,0,0.0,0.0,0.4506269592476489,0.00834741960391494,0.0,0.0
B.1.498,26,0,0,0,26,0,0,0.0,0.0,0.0,0.054258227425447114,0.0,0.0
B.1.1.348,26,0,0,0,26,0,0,0.0,0.0,0.0,0.054258227425447114,0.0,0.0
B.1.143,25,0,25,0,0,0,0,0.0,1.201923076923077,0.0,0.0,0.0,0.0
B.1.201,25,2,0,22,1,0,0,0.22271714922048996,0.0,0.43103448275862066,0.002086854900978735,0.0,0.0
B.1.1.329,25,0,0,0,25,0,0,0.0,0.0,0.0,0.05217137252446838,0.0,0.0
B.1.580,25,0,0,0,25,0,0,0.0,0.0,0.0,0.05217137252446838,0.0,0.0
B.1.442,25,0,0,0,25,0,0,0.0,0.0,0.0,0.05217137252446838,0.0,0.0
B.19,25,0,0,0,25,0,0,0.0,0.0,0.0,0.05217137252446838,0.0,0.0
N.1,25,0,0,0,25,0,0,0.0,0.0,0.0,0.05217137252446838,0.0,0.0
B.1.36.16,24,0,22,0,1,1,0,0.0,1.0576923076923077,0.0,0.002086854900978735,0.007883948281299274,0.0
B.1.1.47,24,0,0,24,0,0,0,0.0,0.0,0.4702194357366771,0.0,0.0,0.0
B.1.170,24,12,0,0,12,0,0,1.3363028953229399,0.0,0.0,0.02504225881174482,0.0,0.0
AE.6,24,0,24,0,0,0,0,0.0,1.153846153846154,0.0,0.0,0.0,0.0
B.1.330,23,0,0,0,23,0,0,0.0,0.0,0.0,0.0479976627225109,0.0,0.0
B.1.1.282,23,0,0,23,0,0,0,0.0,0.0,0.4506269592476489,0.0,0.0,0.0
B.4.4,23,0,0,0,22,1,0,0.0,0.0,0.0,0.045910807821532174,0.007883948281299274,0.0
B.1.360,22,0,0,0,22,0,0,0.0,0.0,0.0,0.045910807821532174,0.0,0.0
B.1.146,22,0,1,21,0,0,0,0.0,0.04807692307692308,0.41144200626959243,0.0,0.0,0.0
B.1.294,22,0,0,0,22,0,0,0.0,0.0,0.0,0.045910807821532174,0.0,0.0
B.1.508,22,0,0,0,22,0,0,0.0,0.0,0.0,0.045910807821532174,0.0,0.0
B.1.1.244,22,0,0,0,22,0,0,0.0,0.0,0.0,0.045910807821532174,0.0,0.0
B.59,22,0,0,4,18,0,0,0.0,0.0,0.07836990595611285,0.037563388217617226,0.0,0.0
B.1.1.284,22,0,22,0,0,0,0,0.0,1.0576923076923077,0.0,0.0,0.0,0.0
B.1.471,22,0,18,0,1,3,0,0.0,0.8653846153846154,0.0,0.002086854900978735,0.023651844843897825,0.0
B.13,21,0,0,0,21,0,0,0.0,0.0,0.0,0.04382395292055344,0.0,0.0
B.1.1.50,21,0,16,1,4,0,0,0.0,0.7692307692307693,0.01959247648902821,0.00834741960391494,0.0,0.0
B.1.189,21,0,0,0,21,0,0,0.0,0.0,0.0,0.04382395292055344,0.0,0.0
B.1.181,21,0,0,0,21,0,0,0.0,0.0,0.0,0.04382395292055344,0.0,0.0
B.39,21,0,2,1,12,6,0,0.0,0.09615384615384616,0.01959247648902821,0.02504225881174482,0.04730368968779565,0.0
B.1.106,21,0,0,0,21,0,0,0.0,0.0,0.0,0.04382395292055344,0.0,0.0
N.4,21,0,0,0,0,0,21,0.0,0.0,0.0,0.0,0.0,5.737704918032787
B.1.9.5,21,0,16,5,0,0,0,0.0,0.7692307692307693,0.09796238244514105,0.0,0.0,0.0
B.1.1.181,21,0,21,0,0,0,0,0.0,1.0096153846153846,0.0,0.0,0.0,0.0
B.1.421,20,0,0,0,20,0,0,0.0,0.0,0.0,0.041737098019574696,0.0,0.0
B.1.1.172,20,0,0,0,20,0,0,0.0,0.0,0.0,0.041737098019574696,0.0,0.0
B.1.323,20,0,0,0,20,0,0,0.0,0.0,0.0,0.041737098019574696,0.0,0.0
B.1.1.362,20,0,0,0,20,0,0,0.0,0.0,0.0,0.041737098019574696,0.0,0.0
B.1.318,20,0,0,0,20,0,0,0.0,0.0,0.0,0.041737098019574696,0.0,0.0
B.1.1.128,20,0,0,0,20,0,0,0.0,0.0,0.0,0.041737098019574696,0.0,0.0
R.1,20,6,0,0,14,0,0,0.6681514476614699,0.0,0.0,0.029215968613702292,0.0,0.0
B.1.610,20,0,0,9,2,6,3,0.0,0.0,0.17633228840125392,0.00417370980195747,0.04730368968779565,0.819672131147541
B.1.507,20,0,0,0,20,0,0,0.0,0.0,0.0,0.041737098019574696,0.0,0.0
B.1.494,19,0,0,0,19,0,0,0.0,0.0,0.0,0.03965024311859596,0.0,0.0
B.1.501,19,0,0,0,19,0,0,0.0,0.0,0.0,0.03965024311859596,0.0,0.0
B.1.1.344,19,0,0,0,19,0,0,0.0,0.0,0.0,0.03965024311859596,0.0,0.0
B.1.602,19,0,0,0,19,0,0,0.0,0.0,0.0,0.03965024311859596,0.0,0.0
B.1.378,19,0,0,0,19,0,0,0.0,0.0,0.0,0.03965024311859596,0.0,0.0
B.1.546,18,0,0,0,18,0,0,0.0,0.0,0.0,0.037563388217617226,0.0,0.0
B.1.1.139,18,0,0,0,18,0,0,0.0,0.0,0.0,0.037563388217617226,0.0,0.0
B.1.574,18,0,0,0,18,0,0,0.0,0.0,0.0,0.037563388217617226,0.0,0.0
B.1.575,18,0,0,0,18,0,0,0.0,0.0,0.0,0.037563388217617226,0.0,0.0
B.30,18,0,0,0,18,0,0,0.0,0.0,0.0,0.037563388217617226,0.0,0.0
B.1.1.251,18,0,0,0,18,0,0,0.0,0.0,0.0,0.037563388217617226,0.0,0.0
B.51,18,0,0,0,18,0,0,0.0,0.0,0.0,0.037563388217617226,0.0,0.0
B.1.478,18,0,0,0,18,0,0,0.0,0.0,0.0,0.037563388217617226,0.0,0.0
B.1.594,18,0,0,0,18,0,0,0.0,0.0,0.0,0.037563388217617226,0.0,0.0
B.28,18,0,1,2,10,5,0,0.0,0.04807692307692308,0.03918495297805642,0.020868549009787348,0.03941974140649637,0.0
B.1.160.14,18,0,0,18,0,0,0,0.0,0.0,0.35266457680250785,0.0,0.0,0.0
B.1.335,17,0,0,0,17,0,0,0.0,0.0,0.0,0.03547653331663849,0.0,0.0
B.1.104,17,0,0,0,17,0,0,0.0,0.0,0.0,0.03547653331663849,0.0,0.0
B.1.221,17,0,0,16,1,0,0,0.0,0.0,0.3134796238244514,0.002086854900978735,0.0,0.0
B.1.1.28,17,0,2,0,13,0,2,0.0,0.09615384615384616,0.0,0.027129113712723557,0.0,0.546448087431694
B.1.348,17,0,0,0,17,0,0,0.0,0.0,0.0,0.03547653331663849,0.0,0.0
B.1.1.214,17,0,17,0,0,0,0,0.0,0.8173076923076924,0.0,0.0,0.0,0.0
B.1.1.8,17,0,0,0,11,6,0,0.0,0.0,0.0,0.022955403910766087,0.04730368968779565,0.0
B.1.225,16,0,0,16,0,0,0,0.0,0.0,0.3134796238244514,0.0,0.0,0.0
B.1.310,16,0,0,16,0,0,0,0.0,0.0,0.3134796238244514,0.0,0.0,0.0
B.1.1.77,16,0,0,0,16,0,0,0.0,0.0,0.0,0.03338967841565976,0.0,0.0
B.1.591,15,0,0,0,15,0,0,0.0,0.0,0.0,0.03130282351468103,0.0,0.0
AE.7,15,0,15,0,0,0,0,0.0,0.7211538461538461,0.0,0.0,0.0,0.0
A.2.5,15,0,0,0,15,0,0,0.0,0.0,0.0,0.03130282351468103,0.0,0.0
B.1.1.285,15,0,0,0,15,0,0,0.0,0.0,0.0,0.03130282351468103,0.0,0.0
B.29,15,0,0,1,1,13,0,0.0,0.0,0.01959247648902821,0.002086854900978735,0.10249132765689058,0.0
B.1.1.450,15,0,0,0,15,0,0,0.0,0.0,0.0,0.03130282351468103,0.0,0.0
B.1.293,15,0,0,0,15,0,0,0.0,0.0,0.0,0.03130282351468103,0.0,0.0
B.1.1.485,15,14,0,0,1,0,0,1.55902004454343,0.0,0.0,0.002086854900978735,0.0,0.0
B.1.267,14,0,0,0,14,0,0,0.0,0.0,0.0,0.029215968613702292,0.0,0.0
B.1.1.198,14,2,0,11,0,1,0,0.22271714922048996,0.0,0.21551724137931033,0.0,0.007883948281299274,0.0
B.1.595.4,14,0,0,0,14,0,0,0.0,0.0,0.0,0.029215968613702292,0.0,0.0
B.1.493,14,0,0,0,14,0,0,0.0,0.0,0.0,0.029215968613702292,0.0,0.0
B.1.479,14,0,0,0,14,0,0,0.0,0.0,0.0,0.029215968613702292,0.0,0.0
B.6.6,14,0,9,0,0,5,0,0.0,0.4326923076923077,0.0,0.0,0.03941974140649637,0.0
B.1.1.239,14,0,0,0,14,0,0,0.0,0.0,0.0,0.029215968613702292,0.0,0.0
N.6,14,0,0,0,0,0,14,0.0,0.0,0.0,0.0,0.0,3.825136612021858
AE.4,14,0,14,0,0,0,0,0.0,0.6730769230769231,0.0,0.0,0.0,0.0
B.35,14,0,4,1,4,5,0,0.0,0.19230769230769232,0.01959247648902821,0.00834741960391494,0.03941974140649637,0.0
B.1.444,14,0,0,0,14,0,0,0.0,0.0,0.0,0.029215968613702292,0.0,0.0
B.1.605,14,0,0,0,14,0,0,0.0,0.0,0.0,0.029215968613702292,0.0,0.0
B.1.351,14,5,0,2,7,0,0,0.5567928730512249,0.0,0.03918495297805642,0.014607984306851146,0.0,0.0
B.1.36.31,14,0,2,0,12,0,0,0.0,0.09615384615384616,0.0,0.02504225881174482,0.0,0.0
B.1.1.518,14,0,0,0,14,0,0,0.0,0.0,0.0,0.029215968613702292,0.0,0.0
B.1.160.16,14,0,0,14,0,0,0,0.0,0.0,0.274294670846395,0.0,0.0,0.0
B.1.1.380,14,0,0,0,14,0,0,0.0,0.0,0.0,0.029215968613702292,0.0,0.0
B.1.184,14,0,14,0,0,0,0,0.0,0.6730769230769231,0.0,0.0,0.0,0.0
B.1.128,13,0,0,11,2,0,0,0.0,0.0,0.21551724137931033,0.00417370980195747,0.0,0.0
B.1.1.144,13,0,0,13,0,0,0,0.0,0.0,0.25470219435736674,0.0,0.0,0.0
B.1.595.3,13,0,0,0,13,0,0,0.0,0.0,0.0,0.027129113712723557,0.0,0.0
B.1.304,13,0,0,0,13,0,0,0.0,0.0,0.0,0.027129113712723557,0.0,0.0
B.1.590,13,0,0,0,13,0,0,0.0,0.0,0.0,0.027129113712723557,0.0,0.0
B.1.587,13,0,0,0,13,0,0,0.0,0.0,0.0,0.027129113712723557,0.0,0.0
B.1.586,13,0,0,0,13,0,0,0.0,0.0,0.0,0.027129113712723557,0.0,0.0
B.1.389,13,0,0,13,0,0,0,0.0,0.0,0.25470219435736674,0.0,0.0,0.0
B.1.397,13,0,0,0,13,0,0,0.0,0.0,0.0,0.027129113712723557,0.0,0.0
AE.2,13,0,13,0,0,0,0,0.0,0.625,0.0,0.0,0.0,0.0
B.1.313,13,0,0,0,12,1,0,0.0,0.0,0.0,0.02504225881174482,0.007883948281299274,0.0
B.1.541,13,0,0,0,13,0,0,0.0,0.0,0.0,0.027129113712723557,0.0,0.0
B.1.499,13,0,2,0,1,0,10,0.0,0.09615384615384616,0.0,0.002086854900978735,0.0,2.73224043715847
B.12,12,0,12,0,0,0,0,0.0,0.576923076923077,0.0,0.0,0.0,0.0
B.1.325,12,0,0,0,12,0,0,0.0,0.0,0.0,0.02504225881174482,0.0,0.0
A.6,12,0,12,0,0,0,0,0.0,0.576923076923077,0.0,0.0,0.0,0.0
B.1.359,12,0,0,0,12,0,0,0.0,0.0,0.0,0.02504225881174482,0.0,0.0
B.1.1.269,12,0,0,12,0,0,0,0.0,0.0,0.23510971786833856,0.0,0.0,0.0
B.1.1.418,12,0,0,0,12,0,0,0.0,0.0,0.0,0.02504225881174482,0.0,0.0
B.1.485,12,0,0,0,12,0,0,0.0,0.0,0.0,0.02504225881174482,0.0,0.0
B.1.13,12,0,0,1,0,11,0,0.0,0.0,0.01959247648902821,0.0,0.08672343109429202,0.0
B.1.1.463,12,0,0,0,12,0,0,0.0,0.0,0.0,0.02504225881174482,0.0,0.0
W.1,12,0,0,0,12,0,0,0.0,0.0,0.0,0.02504225881174482,0.0,0.0
B.1.1.258,12,0,0,0,12,0,0,0.0,0.0,0.0,0.02504225881174482,0.0,0.0
B.1.441,12,1,2,0,9,0,0,0.11135857461024498,0.09615384615384616,0.0,0.018781694108808613,0.0,0.0
B.4.7,12,0,10,0,2,0,0,0.0,0.4807692307692308,0.0,0.00417370980195747,0.0,0.0
B.1.1.113,12,0,0,0,12,0,0,0.0,0.0,0.0,0.02504225881174482,0.0,0.0
L.2,11,0,0,11,0,0,0,0.0,0.0,0.21551724137931033,0.0,0.0,0.0
B.1.523,11,0,2,0,5,4,0,0.0,0.09615384615384616,0.0,0.010434274504893674,0.031535793125197095,0.0
B.1.539,11,0,0,0,11,0,0,0.0,0.0,0.0,0.022955403910766087,0.0,0.0
R.2,11,0,0,0,11,0,0,0.0,0.0,0.0,0.022955403910766087,0.0,0.0
B.1.223,11,0,0,11,0,0,0,0.0,0.0,0.21551724137931033,0.0,0.0,0.0
B.1.570,11,0,0,0,11,0,0,0.0,0.0,0.0,0.022955403910766087,0.0,0.0
B.1.160.15,11,0,0,11,0,0,0,0.0,0.0,0.21551724137931033,0.0,0.0,0.0
B.1.606,11,0,0,0,11,0,0,0.0,0.0,0.0,0.022955403910766087,0.0,0.0
B.1.443,11,0,0,0,11,0,0,0.0,0.0,0.0,0.022955403910766087,0.0,0.0
B.1.1.351,11,0,0,0,11,0,0,0.0,0.0,0.0,0.022955403910766087,0.0,0.0
B.1.1.482,11,0,0,0,11,0,0,0.0,0.0,0.0,0.022955403910766087,0.0,0.0
B.1.603,11,0,0,0,11,0,0,0.0,0.0,0.0,0.022955403910766087,0.0,0.0
B.1.145,10,0,10,0,0,0,0,0.0,0.4807692307692308,0.0,0.0,0.0,0.0
B.1.157,10,0,0,7,3,0,0,0.0,0.0,0.1371473354231975,0.006260564702936205,0.0,0.0
B.1.552,10,0,0,0,10,0,0,0.0,0.0,0.0,0.020868549009787348,0.0,0.0
B.1.1.168,10,0,0,0,10,0,0,0.0,0.0,0.0,0.020868549009787348,0.0,0.0
B.1.334,10,0,0,0,10,0,0,0.0,0.0,0.0,0.020868549009787348,0.0,0.0
B.1.423,10,0,0,0,10,0,0,0.0,0.0,0.0,0.020868549009787348,0.0,0.0
B.1.103,10,0,0,0,10,0,0,0.0,0.0,0.0,0.020868549009787348,0.0,0.0
B.1.525,10,5,0,0,5,0,0,0.5567928730512249,0.0,0.0,0.010434274504893674,0.0,0.0
B.1.302,10,0,0,0,10,0,0,0.0,0.0,0.0,0.020868549009787348,0.0,0.0
B.1.9.2,10,0,0,0,10,0,0,0.0,0.0,0.0,0.020868549009787348,0.0,0.0
B.58,9,0,1,3,5,0,0,0.0,0.04807692307692308,0.05877742946708464,0.010434274504893674,0.0,0.0
B.1.1.241,9,0,1,6,2,0,0,0.0,0.04807692307692308,0.11755485893416928,0.00417370980195747,0.0,0.0
C.17,9,9,0,0,0,0,0,1.0022271714922049,0.0,0.0,0.0,0.0,0.0
B.1.309,9,0,0,0,9,0,0,0.0,0.0,0.0,0.018781694108808613,0.0,0.0
B.1.450,9,0,0,0,9,0,0,0.0,0.0,0.0,0.018781694108808613,0.0,0.0
C.26,9,0,0,0,0,0,9,0.0,0.0,0.0,0.0,0.0,2.459016393442623
B.61,9,0,0,0,0,9,0,0.0,0.0,0.0,0.0,0.07095553453169347,0.0
B.1.589,9,0,0,0,9,0,0,0.0,0.0,0.0,0.018781694108808613,0.0,0.0
B.1.1.226,9,0,1,0,8,0,0,0.0,0.04807692307692308,0.0,0.01669483920782988,0.0,0.0
B.1.1.189,9,2,0,6,1,0,0,0.22271714922048996,0.0,0.11755485893416928,0.002086854900978735,0.0,0.0
B.1.1.423,9,0,0,0,9,0,0,0.0,0.0,0.0,0.018781694108808613,0.0,0.0
B.1.466,9,9,0,0,0,0,0,1.0022271714922049,0.0,0.0,0.0,0.0,0.0
B.1.502,8,0,0,0,8,0,0,0.0,0.0,0.0,0.01669483920782988,0.0,0.0
B.1.258.17,8,0,0,6,2,0,0,0.0,0.0,0.11755485893416928,0.00417370980195747,0.0,0.0
B.1.1.521,8,0,0,8,0,0,0,0.0,0.0,0.1567398119122257,0.0,0.0,0.0
B.1.500,8,0,0,0,8,0,0,0.0,0.0,0.0,0.01669483920782988,0.0,0.0
B.1.1.298,8,0,0,8,0,0,0,0.0,0.0,0.1567398119122257,0.0,0.0,0.0
B.1.1.116,8,0,0,0,8,0,0,0.0,0.0,0.0,0.01669483920782988,0.0,0.0
B.1.434,8,0,0,0,1,7,0,0.0,0.0,0.0,0.002086854900978735,0.05518763796909492,0.0
B.1.543,8,0,0,0,8,0,0,0.0,0.0,0.0,0.01669483920782988,0.0,0.0
B.1.276,8,0,0,0,8,0,0,0.0,0.0,0.0,0.01669483920782988,0.0,0.0
B.1.1.322,8,0,0,0,8,0,0,0.0,0.0,0.0,0.01669483920782988,0.0,0.0
B.1.1.58,8,0,0,8,0,0,0,0.0,0.0,0.1567398119122257,0.0,0.0,0.0
B.1.520,8,0,0,0,8,0,0,0.0,0.0,0.0,0.01669483920782988,0.0,0.0
C.31,8,0,0,0,8,0,0,0.0,0.0,0.0,0.01669483920782988,0.0,0.0
A.11,8,8,0,0,0,0,0,0.8908685968819599,0.0,0.0,0.0,0.0,0.0
B.23,7,0,0,0,7,0,0,0.0,0.0,0.0,0.014607984306851146,0.0,0.0
B.1.1.441,7,0,0,0,7,0,0,0.0,0.0,0.0,0.014607984306851146,0.0,0.0
B.1.1.175,7,0,7,0,0,0,0,0.0,0.33653846153846156,0.0,0.0,0.0,0.0
C.5,7,0,0,7,0,0,0,0.0,0.0,0.1371473354231975,0.0,0.0,0.0
B.1.1.372,7,0,0,7,0,0,0,0.0,0.0,0.1371473354231975,0.0,0.0,0.0
B.1.578,7,0,0,0,7,0,0,0.0,0.0,0.0,0.014607984306851146,0.0,0.0
N.3,7,0,0,0,0,0,7,0.0,0.0,0.0,0.0,0.0,1.912568306010929
B.1.446,7,0,0,0,4,3,0,0.0,0.0,0.0,0.00834741960391494,0.023651844843897825,0.0
B.1.556,7,0,0,0,7,0,0,0.0,0.0,0.0,0.014607984306851146,0.0,0.0
B.1.398,7,6,0,1,0,0,0,0.6681514476614699,0.0,0.01959247648902821,0.0,0.0,0.0
B.1.1.216,7,0,2,0,3,2,0,0.0,0.09615384615384616,0.0,0.006260564702936205,0.015767896562598548,0.0
B.1.1.512,7,0,0,0,7,0,0,0.0,0.0,0.0,0.014607984306851146,0.0,0.0
A.28,7,6,0,0,1,0,0,0.6681514476614699,0.0,0.0,0.002086854900978735,0.0,0.0
B.1.341,7,0,0,0,7,0,0,0.0,0.0,0.0,0.014607984306851146,0.0,0.0
B.1.1.257,7,0,0,7,0,0,0,0.0,0.0,0.1371473354231975,0.0,0.0,0.0
N.7,7,0,0,0,0,0,7,0.0,0.0,0.0,0.0,0.0,1.912568306010929
B.1.1.185,6,0,0,6,0,0,0,0.0,0.0,0.11755485893416928,0.0,0.0,0.0
B.1.1.317,6,0,1,2,3,0,0,0.0,0.04807692307692308,0.03918495297805642,0.006260564702936205,0.0,0.0
P.1,6,0,0,3,3,0,0,0.0,0.0,0.05877742946708464,0.006260564702936205,0.0,0.0
B.1.1.268,6,0,0,0,6,0,0,0.0,0.0,0.0,0.01252112940587241,0.0,0.0
B.1.1.320,6,0,0,0,6,0,0,0.0,0.0,0.0,0.01252112940587241,0.0,0.0
L.3,6,3,0,0,3,0,0,0.33407572383073497,0.0,0.0,0.006260564702936205,0.0,0.0
B.1.355,6,0,0,0,6,0,0,0.0,0.0,0.0,0.01252112940587241,0.0,0.0
B.1.526,6,0,0,0,6,0,0,0.0,0.0,0.0,0.01252112940587241,0.0,0.0
B.1.429.1,6,0,0,0,6,0,0,0.0,0.0,0.0,0.01252112940587241,0.0,0.0
B.1.188,6,0,0,0,6,0,0,0.0,0.0,0.0,0.01252112940587241,0.0,0.0
B.1.438.4,6,0,0,0,6,0,0,0.0,0.0,0.0,0.01252112940587241,0.0,0.0
B.1.160.31,6,0,0,6,0,0,0,0.0,0.0,0.11755485893416928,0.0,0.0,0.0
B.1.483,6,0,0,0,6,0,0,0.0,0.0,0.0,0.01252112940587241,0.0,0.0
B.1.153,6,1,0,4,0,1,0,0.11135857461024498,0.0,0.07836990595611285,0.0,0.007883948281299274,0.0
B.1.1.359,6,6,0,0,0,0,0,0.6681514476614699,0.0,0.0,0.0,0.0,0.0
B.1.1.514,6,0,0,0,6,0,0,0.0,0.0,0.0,0.01252112940587241,0.0,0.0
B.1.1.3,6,0,0,6,0,0,0,0.0,0.0,0.11755485893416928,0.0,0.0,0.0
B.41,6,0,4,0,2,0,0,0.0,0.19230769230769232,0.0,0.00417370980195747,0.0,0.0
B.1.571,5,0,0,0,5,0,0,0.0,0.0,0.0,0.010434274504893674,0.0,0.0
B.1.147,5,0,0,4,1,0,0,0.0,0.0,0.07836990595611285,0.002086854900978735,0.0,0.0
B.1.428.2,5,5,0,0,0,0,0,0.5567928730512249,0.0,0.0,0.0,0.0,0.0
B.1.1.392,5,0,0,0,5,0,0,0.0,0.0,0.0,0.010434274504893674,0.0,0.0
B.1.1.101,5,0,2,0,3,0,0,0.0,0.09615384615384616,0.0,0.006260564702936205,0.0,0.0
B.1.383,5,0,0,3,2,0,0,0.0,0.0,0.05877742946708464,0.00417370980195747,0.0,0.0
B.1.105,5,0,0,5,0,0,0,0.0,0.0,0.09796238244514105,0.0,0.0,0.0
B.1.465,5,0,4,1,0,0,0,0.0,0.19230769230769232,0.01959247648902821,0.0,0.0,0.0
B.1.1.323,5,0,0,5,0,0,0,0.0,0.0,0.09796238244514105,0.0,0.0,0.0
B.1.1.305,5,0,0,3,2,0,0,0.0,0.0,0.05877742946708464,0.00417370980195747,0.0,0.0
B.1.1.437,5,0,0,0,5,0,0,0.0,0.0,0.0,0.010434274504893674,0.0,0.0
B.1.1.218,5,0,0,5,0,0,0,0.0,0.0,0.09796238244514105,0.0,0.0,0.0
C.14,5,0,0,0,0,0,5,0.0,0.0,0.0,0.0,0.0,1.366120218579235
A.12,5,5,0,0,0,0,0,0.5567928730512249,0.0,0.0,0.0,0.0,0.0
B.1.218,5,0,0,5,0,0,0,0.0,0.0,0.09796238244514105,0.0,0.0,0.0
B.37,5,0,0,0,5,0,0,0.0,0.0,0.0,0.010434274504893674,0.0,0.0
B.1.1.517,5,0,0,0,5,0,0,0.0,0.0,0.0,0.010434274504893674,0.0,0.0
B.1.1.403,5,0,0,0,5,0,0,0.0,0.0,0.0,0.010434274504893674,0.0,0.0
B.1.1.169,5,0,0,0,5,0,0,0.0,0.0,0.0,0.010434274504893674,0.0,0.0
B.1.36.38,5,0,0,0,5,0,0,0.0,0.0,0.0,0.010434274504893674,0.0,0.0
B.1.1.254,4,0,0,2,0,2,0,0.0,0.0,0.03918495297805642,0.0,0.015767896562598548,0.0
B.1.1.461,4,0,0,0,4,0,0,0.0,0.0,0.0,0.00834741960391494,0.0,0.0
B.1.1.467,4,0,0,0,4,0,0,0.0,0.0,0.0,0.00834741960391494,0.0,0.0
B.1.1.274,4,0,0,2,2,0,0,0.0,0.0,0.03918495297805642,0.00417370980195747,0.0,0.0
B.1.550,4,0,0,0,4,0,0,0.0,0.0,0.0,0.00834741960391494,0.0,0.0
B.1.1.459,4,4,0,0,0,0,0,0.4454342984409799,0.0,0.0,0.0,0.0,0.0
B.1.1.37,4,0,0,4,0,0,0,0.0,0.0,0.07836990595611285,0.0,0.0,0.0
B.42,4,0,4,0,0,0,0,0.0,0.19230769230769232,0.0,0.0,0.0,0.0
B.1.504,4,0,4,0,0,0,0,0.0,0.19230769230769232,0.0,0.0,0.0,0.0
B.1.1.232,4,0,0,4,0,0,0,0.0,0.0,0.07836990595611285,0.0,0.0,0.0
B.1.1.406,4,0,0,4,0,0,0,0.0,0.0,0.07836990595611285,0.0,0.0,0.0
B.1.1.433,4,0,0,4,0,0,0,0.0,0.0,0.07836990595611285,0.0,0.0,0.0
B.1.513,4,0,0,0,4,0,0,0.0,0.0,0.0,0.00834741960391494,0.0,0.0
B.1.164,4,0,0,0,0,4,0,0.0,0.0,0.0,0.0,0.031535793125197095,0.0
B.1.163,4,0,0,0,4,0,0,0.0,0.0,0.0,0.00834741960391494,0.0,0.0
B.1.350,4,0,0,1,3,0,0,0.0,0.0,0.01959247648902821,0.006260564702936205,0.0,0.0
B.1.1.210,4,0,0,0,4,0,0,0.0,0.0,0.0,0.00834741960391494,0.0,0.0
B.1.601,4,0,0,0,4,0,0,0.0,0.0,0.0,0.00834741960391494,0.0,0.0
C.11,4,0,0,3,0,1,0,0.0,0.0,0.05877742946708464,0.0,0.007883948281299274,0.0
B.1.160.26,4,0,0,4,0,0,0,0.0,0.0,0.07836990595611285,0.0,0.0,0.0
B.1.1.440,4,0,0,0,4,0,0,0.0,0.0,0.0,0.00834741960391494,0.0,0.0
B.1.1.356,4,0,0,0,4,0,0,0.0,0.0,0.0,0.00834741960391494,0.0,0.0
B.1.466.1,4,1,0,0,3,0,0,0.11135857461024498,0.0,0.0,0.006260564702936205,0.0,0.0
B.1.487,4,0,0,0,4,0,0,0.0,0.0,0.0,0.00834741960391494,0.0,0.0
B.1.1.153,4,0,0,4,0,0,0,0.0,0.0,0.07836990595611285,0.0,0.0,0.0
B.1.495,4,0,0,0,4,0,0,0.0,0.0,0.0,0.00834741960391494,0.0,0.0
B.1.1.161,4,0,0,3,0,1,0,0.0,0.0,0.05877742946708464,0.0,0.007883948281299274,0.0
B.1.1.335,4,0,0,0,4,0,0,0.0,0.0,0.0,0.00834741960391494,0.0,0.0
B.1.401,4,0,0,0,4,0,0,0.0,0.0,0.0,0.00834741960391494,0.0,0.0
B.1.405,4,0,0,0,4,0,0,0.0,0.0,0.0,0.00834741960391494,0.0,0.0
B.1.516,3,0,0,0,3,0,0,0.0,0.0,0.0,0.006260564702936205,0.0,0.0
B.1.9.4,3,0,0,3,0,0,0,0.0,0.0,0.05877742946708464,0.0,0.0,0.0
B.1.527,3,0,0,1,2,0,0,0.0,0.0,0.01959247648902821,0.00417370980195747,0.0,0.0
B.1.499.1,3,0,0,0,3,0,0,0.0,0.0,0.0,0.006260564702936205,0.0,0.0
B.1.1.487,3,3,0,0,0,0,0,0.33407572383073497,0.0,0.0,0.0,0.0,0.0
B.1.1.263,3,0,2,0,1,0,0,0.0,0.09615384615384616,0.0,0.002086854900978735,0.0,0.0
B.1.496,3,0,0,0,3,0,0,0.0,0.0,0.0,0.006260564702936205,0.0,0.0
B.1.497,3,0,3,0,0,0,0,0.0,0.14423076923076925,0.0,0.0,0.0,0.0
B.1.468,3,0,3,0,0,0,0,0.0,0.14423076923076925,0.0,0.0,0.0,0.0
B.1.473,3,0,0,0,3,0,0,0.0,0.0,0.0,0.006260564702936205,0.0,0.0
B.1.597,3,3,0,0,0,0,0,0.33407572383073497,0.0,0.0,0.0,0.0,0.0
B.1.467,3,0,0,3,0,0,0,0.0,0.0,0.05877742946708464,0.0,0.0,0.0
B.1.160.11,3,0,0,3,0,0,0,0.0,0.0,0.05877742946708464,0.0,0.0,0.0
C.37,3,0,0,0,3,0,0,0.0,0.0,0.0,0.006260564702936205,0.0,0.0
B.1.1.230,3,0,0,0,3,0,0,0.0,0.0,0.0,0.006260564702936205,0.0,0.0
B.1.1.428,3,0,0,0,3,0,0,0.0,0.0,0.0,0.006260564702936205,0.0,0.0
B.1.333,3,0,0,0,2,1,0,0.0,0.0,0.0,0.00417370980195747,0.007883948281299274,0.0
B.1.177.26,3,0,0,3,0,0,0,0.0,0.0,0.05877742946708464,0.0,0.0,0.0
B.1.177.60,3,0,0,3,0,0,0,0.0,0.0,0.05877742946708464,0.0,0.0,0.0
B.1.585,3,0,0,0,3,0,0,0.0,0.0,0.0,0.006260564702936205,0.0,0.0
B.1.581,3,0,0,0,3,0,0,0.0,0.0,0.0,0.006260564702936205,0.0,0.0
A.21,3,1,0,0,2,0,0,0.11135857461024498,0.0,0.0,0.00417370980195747,0.0,0.0
B.1.36.9,3,0,0,3,0,0,0,0.0,0.0,0.05877742946708464,0.0,0.0,0.0
B.1.160.22,3,0,0,3,0,0,0,0.0,0.0,0.05877742946708464,0.0,0.0,0.0
B.1.363,3,0,0,0,3,0,0,0.0,0.0,0.0,0.006260564702936205,0.0,0.0
B.1.1.426,3,0,0,0,3,0,0,0.0,0.0,0.0,0.006260564702936205,0.0,0.0
B.1.362,3,0,2,0,1,0,0,0.0,0.09615384615384616,0.0,0.002086854900978735,0.0,0.0
A.23.1,3,1,0,0,2,0,0,0.11135857461024498,0.0,0.0,0.00417370980195747,0.0,0.0
B.1.1.326,3,0,2,1,0,0,0,0.0,0.09615384615384616,0.01959247648902821,0.0,0.0,0.0
B.1.1.164,3,0,0,2,0,1,0,0.0,0.0,0.03918495297805642,0.0,0.007883948281299274,0.0
B.1.1.89,3,0,0,0,0,3,0,0.0,0.0,0.0,0.0,0.023651844843897825,0.0
B.5,3,0,0,0,2,1,0,0.0,0.0,0.0,0.00417370980195747,0.007883948281299274,0.0
B.1.572,3,0,0,0,3,0,0,0.0,0.0,0.0,0.006260564702936205,0.0,0.0
B.1.1.148,3,0,0,0,3,0,0,0.0,0.0,0.0,0.006260564702936205,0.0,0.0
N.5,3,0,0,0,3,0,0,0.0,0.0,0.0,0.006260564702936205,0.0,0.0
B.1.416,3,0,0,2,1,0,0,0.0,0.0,0.03918495297805642,0.002086854900978735,0.0,0.0
B.1.566,3,0,0,0,3,0,0,0.0,0.0,0.0,0.006260564702936205,0.0,0.0
B.1.1.431,2,0,0,0,0,2,0,0.0,0.0,0.0,0.0,0.015767896562598548,0.0
B.1.1.411,2,0,0,0,2,0,0,0.0,0.0,0.0,0.00417370980195747,0.0,0.0
B.1.530,2,0,0,0,2,0,0,0.0,0.0,0.0,0.00417370980195747,0.0,0.0
AD.2,2,0,0,2,0,0,0,0.0,0.0,0.03918495297805642,0.0,0.0,0.0
B.1.1.447,2,0,0,0,2,0,0,0.0,0.0,0.0,0.00417370980195747,0.0,0.0
B.1.1.44,2,0,0,2,0,0,0,0.0,0.0,0.03918495297805642,0.0,0.0,0.0
B.1.1.389,2,0,0,0,2,0,0,0.0,0.0,0.0,0.00417370980195747,0.0,0.0
B.1.1.420,2,1,0,0,1,0,0,0.11135857461024498,0.0,0.0,0.002086854900978735,0.0,0.0
B.1.579,2,0,0,0,1,1,0,0.0,0.0,0.0,0.002086854900978735,0.007883948281299274,0.0
B.1.623,2,0,0,0,2,0,0,0.0,0.0,0.0,0.00417370980195747,0.0,0.0
B.1.1.328,2,0,0,0,2,0,0,0.0,0.0,0.0,0.00417370980195747,0.0,0.0
B.1.535,2,2,0,0,0,0,0,0.22271714922048996,0.0,0.0,0.0,0.0,0.0
B.1.116,2,0,0,0,2,0,0,0.0,0.0,0.0,0.00417370980195747,0.0,0.0
B.1.518,2,0,0,0,2,0,0,0.0,0.0,0.0,0.00417370980195747,0.0,0.0
B.1.177.7,2,1,0,0,1,0,0,0.11135857461024498,0.0,0.0,0.002086854900978735,0.0,0.0
B.1.36.26,2,0,0,0,2,0,0,0.0,0.0,0.0,0.00417370980195747,0.0,0.0
B.1.36.2,2,0,0,2,0,0,0,0.0,0.0,0.03918495297805642,0.0,0.0,0.0
B.1.36.1,2,0,1,0,1,0,0,0.0,0.04807692307692308,0.0,0.002086854900978735,0.0,0.0
B.1.160.32,2,0,0,2,0,0,0,0.0,0.0,0.03918495297805642,0.0,0.0,0.0
C.16,2,0,0,0,2,0,0,0.0,0.0,0.0,0.00417370980195747,0.0,0.0
B.1.1.221,2,0,1,1,0,0,0,0.0,0.04807692307692308,0.01959247648902821,0.0,0.0,0.0
B.1.177.33,2,0,0,2,0,0,0,0.0,0.0,0.03918495297805642,0.0,0.0,0.0
A.2.5.2,2,0,0,0,2,0,0,0.0,0.0,0.0,0.00417370980195747,0.0,0.0
B.1.177.43,2,0,0,2,0,0,0,0.0,0.0,0.03918495297805642,0.0,0.0,0.0
B.1.177.50,2,0,0,2,0,0,0,0.0,0.0,0.03918495297805642,0.0,0.0,0.0
B.1.1.240,2,0,0,2,0,0,0,0.0,0.0,0.03918495297805642,0.0,0.0,0.0
B.1.177.57,2,0,0,2,0,0,0,0.0,0.0,0.03918495297805642,0.0,0.0,0.0
B.1.284,2,0,0,0,2,0,0,0.0,0.0,0.0,0.00417370980195747,0.0,0.0
B.1.1.283,2,0,2,0,0,0,0,0.0,0.09615384615384616,0.0,0.0,0.0,0.0
L.4,2,0,0,0,2,0,0,0.0,0.0,0.0,0.00417370980195747,0.0,0.0
B.1.177.86,2,0,0,2,0,0,0,0.0,0.0,0.03918495297805642,0.0,0.0,0.0
B.1.1.242,2,0,0,2,0,0,0,0.0,0.0,0.03918495297805642,0.0,0.0,0.0
B.1.1.243,2,0,0,2,0,0,0,0.0,0.0,0.03918495297805642,0.0,0.0,0.0
B.1.260,2,0,2,0,0,0,0,0.0,0.09615384615384616,0.0,0.0,0.0,0.0
B.1.1.345,2,0,0,0,2,0,0,0.0,0.0,0.0,0.00417370980195747,0.0,0.0
B.1.182,2,0,0,0,2,0,0,0.0,0.0,0.0,0.00417370980195747,0.0,0.0
B.1.243.1,2,0,0,0,2,0,0,0.0,0.0,0.0,0.00417370980195747,0.0,0.0
B.1.233,2,0,0,0,2,0,0,0.0,0.0,0.0,0.00417370980195747,0.0,0.0
B.1.195,2,0,1,1,0,0,0,0.0,0.04807692307692308,0.01959247648902821,0.0,0.0,0.0
B.1.1.266,2,0,0,2,0,0,0,0.0,0.0,0.03918495297805642,0.0,0.0,0.0
B.1.215,2,0,0,0,2,0,0,0.0,0.0,0.0,0.00417370980195747,0.0,0.0
B.1.1.334,2,0,0,0,2,0,0,0.0,0.0,0.0,0.00417370980195747,0.0,0.0
B.1.36.27,2,0,2,0,0,0,0,0.0,0.09615384615384616,0.0,0.0,0.0,0.0
B.1.1.404,2,2,0,0,0,0,0,0.22271714922048996,0.0,0.0,0.0,0.0,0.0
B.1.428,2,0,0,0,2,0,0,0.0,0.0,0.0,0.00417370980195747,0.0,0.0
B.1.438.3,2,0,0,0,2,0,0,0.0,0.0,0.0,0.00417370980195747,0.0,0.0
B.1.1.133,2,0,0,0,0,2,0,0.0,0.0,0.0,0.0,0.015767896562598548,0.0
B.1.1.98,2,0,0,0,2,0,0,0.0,0.0,0.0,0.00417370980195747,0.0,0.0
B.1.1.370,2,0,0,0,2,0,0,0.0,0.0,0.0,0.00417370980195747,0.0,0.0
B.1.1.67,2,0,0,0,2,0,0,0.0,0.0,0.0,0.00417370980195747,0.0,0.0
B.1.474,2,0,0,2,0,0,0,0.0,0.0,0.03918495297805642,0.0,0.0,0.0
B.1.214.2,2,0,0,0,2,0,0,0.0,0.0,0.0,0.00417370980195747,0.0,0.0
B.1.1.57,2,1,0,0,1,0,0,0.11135857461024498,0.0,0.0,0.002086854900978735,0.0,0.0
B.1.110.1,2,0,0,0,1,0,1,0.0,0.0,0.0,0.002086854900978735,0.0,0.273224043715847
B.1.1.142,2,0,0,1,1,0,0,0.0,0.0,0.01959247648902821,0.002086854900978735,0.0,0.0
B.1.420,2,0,0,0,2,0,0,0.0,0.0,0.0,0.00417370980195747,0.0,0.0
B.1.1.369,2,0,0,0,1,1,0,0.0,0.0,0.0,0.002086854900978735,0.007883948281299274,0.0
B.1.1.513,2,0,0,0,2,0,0,0.0,0.0,0.0,0.00417370980195747,0.0,0.0
B.1.1.121,2,0,0,0,2,0,0,0.0,0.0,0.0,0.00417370980195747,0.0,0.0
B.1.1.159,2,0,0,0,2,0,0,0.0,0.0,0.0,0.00417370980195747,0.0,0.0
B.1.511,2,0,0,0,2,0,0,0.0,0.0,0.0,0.00417370980195747,0.0,0.0
B.1.1.118,2,0,0,0,2,0,0,0.0,0.0,0.0,0.00417370980195747,0.0,0.0
B.1.151,2,0,0,0,2,0,0,0.0,0.0,0.0,0.00417370980195747,0.0,0.0
B.38,1,0,0,1,0,0,0,0.0,0.0,0.01959247648902821,0.0,0.0,0.0
B.1.1.391,1,0,0,0,1,0,0,0.0,0.0,0.0,0.002086854900978735,0.0,0.0
B.4.1,1,0,1,0,0,0,0,0.0,0.04807692307692308,0.0,0.0,0.0,0.0
B.3.1,1,0,0,0,1,0,0,0.0,0.0,0.0,0.002086854900978735,0.0,0.0
B.1.1.342,1,0,0,0,1,0,0,0.0,0.0,0.0,0.002086854900978735,0.0,0.0
B.1.1.367,1,0,0,0,1,0,0,0.0,0.0,0.0,0.002086854900978735,0.0,0.0
A.19,1,0,0,0,1,0,0,0.0,0.0,0.0,0.002086854900978735,0.0,0.0
B.1.1.353,1,1,0,0,0,0,0,0.11135857461024498,0.0,0.0,0.0,0.0,0.0
B.57,1,0,0,0,1,0,0,0.0,0.0,0.0,0.002086854900978735,0.0,0.0
B.6.3,1,0,0,0,1,0,0,0.0,0.0,0.0,0.002086854900978735,0.0,0.0
B.1.1.381,1,0,0,0,1,0,0,0.0,0.0,0.0,0.002086854900978735,0.0,0.0
B.1.1.398,1,0,0,0,1,0,0,0.0,0.0,0.0,0.002086854900978735,0.0,0.0
B.1.1.401,1,0,1,0,0,0,0,0.0,0.04807692307692308,0.0,0.0,0.0,0.0
B.1.94,1,0,0,1,0,0,0,0.0,0.0,0.01959247648902821,0.0,0.0,0.0
A.25,1,0,0,0,0,1,0,0.0,0.0,0.0,0.0,0.007883948281299274,0.0
C.4,1,0,0,1,0,0,0,0.0,0.0,0.01959247648902821,0.0,0.0,0.0
C.30,1,0,0,1,0,0,0,0.0,0.0,0.01959247648902821,0.0,0.0,0.0
B.4.6,1,0,0,0,0,1,0,0.0,0.0,0.0,0.0,0.007883948281299274,0.0
B.1.1.402,1,0,0,0,1,0,0,0.0,0.0,0.0,0.002086854900978735,0.0,0.0
B.27,1,0,0,0,1,0,0,0.0,0.0,0.0,0.002086854900978735,0.0,0.0
B.1.1.393,1,0,0,0,1,0,0,0.0,0.0,0.0,0.002086854900978735,0.0,0.0
B.53,1,0,1,0,0,0,0,0.0,0.04807692307692308,0.0,0.0,0.0,0.0
B.1.1.352,1,0,0,0,1,0,0,0.0,0.0,0.0,0.002086854900978735,0.0,0.0
B.1.211,1,0,0,1,0,0,0,0.0,0.0,0.01959247648902821,0.0,0.0,0.0
B.1.1.41,1,0,0,1,0,0,0,0.0,0.0,0.01959247648902821,0.0,0.0,0.0
B.1.177.18,1,0,0,0,1,0,0,0.0,0.0,0.0,0.002086854900978735,0.0,0.0
B.1.315,1,0,0,0,1,0,0,0.0,0.0,0.0,0.002086854900978735,0.0,0.0
B.1.177.46,1,0,0,0,1,0,0,0.0,0.0,0.0,0.002086854900978735,0.0,0.0
B.1.321,1,0,0,0,0,0,1,0.0,0.0,0.0,0.0,0.0,0.273224043715847
B.1.177.31,1,0,0,1,0,0,0,0.0,0.0,0.01959247648902821,0.0,0.0,0.0
B.1.177.28,1,0,0,1,0,0,0,0.0,0.0,0.01959247648902821,0.0,0.0,0.0
B.1.1.279,1,0,0,1,0,0,0,0.0,0.0,0.01959247648902821,0.0,0.0,0.0
B.1.169,1,0,0,0,1,0,0,0.0,0.0,0.0,0.002086854900978735,0.0,0.0
B.1.36.7,1,0,0,0,1,0,0,0.0,0.0,0.0,0.002086854900978735,0.0,0.0
B.1.343,1,0,0,0,1,0,0,0.0,0.0,0.0,0.002086854900978735,0.0,0.0
B.1.357,1,0,0,0,1,0,0,0.0,0.0,0.0,0.002086854900978735,0.0,0.0
B.1.36.10,1,0,1,0,0,0,0,0.0,0.04807692307692308,0.0,0.0,0.0,0.0
B.1.36.18,1,0,1,0,0,0,0,0.0,0.04807692307692308,0.0,0.0,0.0,0.0
B.1.36.29,1,0,1,0,0,0,0,0.0,0.04807692307692308,0.0,0.0,0.0,0.0
B.1.36.35,1,0,1,0,0,0,0,0.0,0.04807692307692308,0.0,0.0,0.0,0.0
B.1.177.51,1,0,0,1,0,0,0,0.0,0.0,0.01959247648902821,0.0,0.0,0.0
B.1.177.53,1,0,0,0,1,0,0,0.0,0.0,0.0,0.002086854900978735,0.0,0.0
B.1.177.54,1,0,0,1,0,0,0,0.0,0.0,0.01959247648902821,0.0,0.0,0.0
B.1.177.6,1,1,0,0,0,0,0,0.11135857461024498,0.0,0.0,0.0,0.0,0.0
B.1.177.8,1,0,0,1,0,0,0,0.0,0.0,0.01959247648902821,0.0,0.0,0.0
B.1.177.81,1,1,0,0,0,0,0,0.11135857461024498,0.0,0.0,0.0,0.0,0.0
B.1.279,1,0,0,0,1,0,0,0.0,0.0,0.0,0.002086854900978735,0.0,0.0
B.1.178,1,0,0,1,0,0,0,0.0,0.0,0.01959247648902821,0.0,0.0,0.0
B.1.180,1,0,0,1,0,0,0,0.0,0.0,0.01959247648902821,0.0,0.0,0.0
B.1.258.9,1,0,0,1,0,0,0,0.0,0.0,0.01959247648902821,0.0,0.0,0.0
B.1.258.7,1,0,0,1,0,0,0,0.0,0.0,0.01959247648902821,0.0,0.0,0.0
B.1.258.21,1,1,0,0,0,0,0,0.11135857461024498,0.0,0.0,0.0,0.0,0.0
B.1.192,1,0,0,0,1,0,0,0.0,0.0,0.0,0.002086854900978735,0.0,0.0
B.1.194,1,0,0,0,1,0,0,0.0,0.0,0.0,0.002086854900978735,0.0,0.0
B.1.235,1,0,0,0,1,0,0,0.0,0.0,0.0,0.002086854900978735,0.0,0.0
B.1.1.27,1,0,1,0,0,0,0,0.0,0.04807692307692308,0.0,0.0,0.0,0.0
B.1.219,1,0,0,1,0,0,0,0.0,0.0,0.01959247648902821,0.0,0.0,0.0
B.1.36.36,1,0,0,0,1,0,0,0.0,0.0,0.0,0.002086854900978735,0.0,0.0
B.1.1.203,1,0,0,0,0,0,1,0.0,0.0,0.0,0.0,0.0,0.273224043715847
B.1.6,1,0,0,0,0,1,0,0.0,0.0,0.0,0.0,0.007883948281299274,0.0
B.1.560,1,0,0,0,1,0,0,0.0,0.0,0.0,0.002086854900978735,0.0,0.0
B.1.506,1,0,0,0,1,0,0,0.0,0.0,0.0,0.002086854900978735,0.0,0.0
B.1.528,1,1,0,0,0,0,0,0.11135857461024498,0.0,0.0,0.0,0.0,0.0
B.1.533,1,0,1,0,0,0,0,0.0,0.04807692307692308,0.0,0.0,0.0,0.0
B.1.547,1,0,0,0,1,0,0,0.0,0.0,0.0,0.002086854900978735,0.0,0.0
B.1.1.319,1,0,0,1,0,0,0,0.0,0.0,0.01959247648902821,0.0,0.0,0.0
B.1.557,1,0,0,1,0,0,0,0.0,0.0,0.01959247648902821,0.0,0.0,0.0
B.1.1.117,1,0,0,0,1,0,0,0.0,0.0,0.0,0.002086854900978735,0.0,0.0
B.1.160.20,1,0,0,1,0,0,0,0.0,0.0,0.01959247648902821,0.0,0.0,0.0
B.1.563,1,0,0,0,1,0,0,0.0,0.0,0.0,0.002086854900978735,0.0,0.0
B.1.1.46,1,0,0,0,1,0,0,0.0,0.0,0.0,0.002086854900978735,0.0,0.0
AN.1,1,0,0,1,0,0,0,0.0,0.0,0.01959247648902821,0.0,0.0,0.0
AE.8,1,0,0,0,1,0,0,0.0,0.0,0.0,0.002086854900978735,0.0,0.0
B.1.595.2,1,0,0,0,1,0,0,0.0,0.0,0.0,0.002086854900978735,0.0,0.0
B.1.596.1,1,0,0,0,1,0,0,0.0,0.0,0.0,0.002086854900978735,0.0,0.0
B.1.1.312,1,0,0,0,1,0,0,0.0,0.0,0.0,0.002086854900978735,0.0,0.0
B.1.482,1,1,0,0,0,0,0,0.11135857461024498,0.0,0.0,0.0,0.0,0.0
B.1.456,1,0,1,0,0,0,0,0.0,0.04807692307692308,0.0,0.0,0.0,0.0
B.1.1.74,1,0,0,1,0,0,0,0.0,0.0,0.01959247648902821,0.0,0.0,0.0
B.1.1.75,1,0,0,0,0,1,0,0.0,0.0,0.0,0.0,0.007883948281299274,0.0
B.1.445,1,0,0,0,1,0,0,0.0,0.0,0.0,0.002086854900978735,0.0,0.0
B.1.432,1,0,0,0,1,0,0,0.0,0.0,0.0,0.002086854900978735,0.0,0.0
B.1.1.297,1,0,0,1,0,0,0,0.0,0.0,0.01959247648902821,0.0,0.0,0.0
B.1.1.294,1,0,0,0,1,0,0,0.0,0.0,0.0,0.002086854900978735,0.0,0.0
B.1.424,1,0,0,0,1,0,0,0.0,0.0,0.0,0.002086854900978735,0.0,0.0
B.1.12,1,0,0,0,1,0,0,0.0,0.0,0.0,0.002086854900978735,0.0,0.0
B.1.406,1,0,0,1,0,0,0,0.0,0.0,0.01959247648902821,0.0,0.0,0.0
B.1.134,1,0,0,0,1,0,0,0.0,0.0,0.0,0.002086854900978735,0.0,0.0
B.1.1.16,1,0,0,1,0,0,0,0.0,0.0,0.01959247648902821,0.0,0.0,0.0
B.1.159,1,0,1,0,0,0,0,0.0,0.04807692307692308,0.0,0.0,0.0,0.0
B.1.379,1,1,0,0,0,0,0,0.11135857461024498,0.0,0.0,0.0,0.0,0.0
B.1.1.177,1,0,0,0,1,0,0,0.0,0.0,0.0,0.002086854900978735,0.0,0.0
B.1.1.59,1,0,1,0,0,0,0,0.0,0.04807692307692308,0.0,0.0,0.0,0.0
