mutation_name,gene,pos,ref,alt,sum_counts,Africa count,Asia count,Europe count,North America count,Oceania count,South America count,Africa freq,Asia freq,Europe freq,North America freq,Oceania freq,South America freq
D614G,S,614,D,G,64063,822,1632,4596,44589,12070,354,91.53674832962137,78.46153846153847,90.04702194357367,93.05077317974082,95.15925575528225,96.72131147540983
S477N,S,477,S,N,10334,17,2,253,116,9946,0,1.893095768374165,0.09615384615384616,4.956896551724138,0.24207516851353328,78.41374960580258,0.0
P681H,S,681,P,H,2476,99,29,33,2315,0,0,11.024498886414253,1.3942307692307694,0.646551724137931,4.831069095765772,0.0,0.0
L452R,S,452,L,R,2388,15,1,1,2371,0,0,1.670378619153675,0.04807692307692308,0.01959247648902821,4.94793297022058,0.0,0.0
S13I,S,13,S,I,2357,0,4,0,2351,2,0,0.0,0.19230769230769232,0.0,4.906195872201006,0.015767896562598548,0.0
W152C,S,152,W,C,2266,0,0,0,2266,0,0,0.0,0.0,0.0,4.728813205617813,0.0,0.0
HV69-,S,69,HV,-,1500,38,17,41,1403,1,0,4.231625835189309,0.8173076923076924,0.8032915360501568,2.927857426073165,0.007883948281299274,0.0
Q677H,S,677,Q,H,1474,117,22,11,1319,5,0,13.028953229398663,1.0576923076923077,0.21551724137931033,2.7525616143909515,0.03941974140649637,0.0
L5F,S,5,L,F,1076,13,21,27,965,50,0,1.447661469933185,1.0096153846153846,0.5289968652037618,2.0138149794444793,0.3941974140649638,0.0
N501Y,S,501,N,Y,1063,100,19,36,872,36,0,11.1358574610245,0.9134615384615385,0.7053291536050157,1.8197374736534568,0.28382213812677387,0.0
Y144-,S,144,Y,-,1040,35,20,36,944,5,0,3.8975501113585747,0.9615384615384616,0.7053291536050157,1.9699910265239258,0.03941974140649637,0.0
T716I,S,716,T,I,1022,96,19,38,867,2,0,10.690423162583519,0.9134615384615385,0.744514106583072,1.8093031991485633,0.015767896562598548,0.0
A570D,S,570,A,D,973,97,19,31,826,0,0,10.801781737193764,0.9134615384615385,0.6073667711598746,1.7237421482084352,0.0,0.0
D1118H,S,1118,D,H,973,97,19,31,826,0,0,10.801781737193764,0.9134615384615385,0.6073667711598746,1.7237421482084352,0.0,0.0
S982A,S,982,S,A,972,96,19,31,826,0,0,10.690423162583519,0.9134615384615385,0.6073667711598746,1.7237421482084352,0.0,0.0
T732A,S,732,T,A,687,0,0,0,687,0,0,0.0,0.0,0.0,1.4336693169723909,0.0,0.0
A222V,S,222,A,V,572,21,3,360,158,30,0,2.338530066815145,0.14423076923076925,7.053291536050156,0.3297230743546401,0.23651844843897823,0.0
D253G,S,253,D,G,514,0,0,0,511,2,1,0.0,0.0,0.0,1.0663828544001335,0.015767896562598548,0.273224043715847
L54F,S,54,L,F,448,1,99,8,337,3,0,0.11135857461024498,4.759615384615384,0.1567398119122257,0.7032701016298336,0.023651844843897825,0.0
N501T,S,501,N,T,410,11,0,1,398,0,0,1.2249443207126949,0.0,0.01959247648902821,0.8305682505895365,0.0,0.0
E780Q,S,780,E,Q,389,1,0,1,386,1,0,0.11135857461024498,0.0,0.01959247648902821,0.8055259917777916,0.007883948281299274,0.0
Q677P,S,677,Q,P,359,0,0,0,359,0,0,0.0,0.0,0.0,0.7491809094513658,0.0,0.0
T478K,S,478,T,K,351,0,1,0,350,0,0,0.0,0.04807692307692308,0.0,0.7303992153425573,0.0,0.0
P26S,S,26,P,S,349,1,0,6,342,0,0,0.11135857461024498,0.0,0.11755485893416928,0.7137043761347274,0.0,0.0
K1191N,S,1191,K,N,342,3,2,1,333,1,2,0.33407572383073497,0.09615384615384616,0.01959247648902821,0.6949226820259187,0.007883948281299274,0.546448087431694
A520S,S,520,A,S,340,1,3,2,334,0,0,0.11135857461024498,0.14423076923076925,0.03918495297805642,0.6970095369268975,0.0,0.0
L18F,S,18,L,F,279,7,1,13,255,2,1,0.779510022271715,0.04807692307692308,0.25470219435736674,0.5321479997495774,0.015767896562598548,0.273224043715847
E484K,S,484,E,K,266,19,7,9,231,0,0,2.1158129175946545,0.33653846153846156,0.17633228840125392,0.4820634821260878,0.0,0.0
V1228L,S,1228,V,L,251,3,0,1,227,19,1,0.33407572383073497,0.0,0.01959247648902821,0.47371606252217285,0.14979501734468623,0.273224043715847
T632N,S,632,T,N,241,0,0,0,0,241,0,0.0,0.0,0.0,0.0,1.900031535793125,0.0
G1124V,S,1124,G,V,238,2,1,5,47,183,0,0.22271714922048996,0.04807692307692308,0.09796238244514105,0.09808218034600054,1.4427625354777671,0.0
D138Y,S,138,D,Y,237,4,6,3,224,0,0,0.4454342984409799,0.2884615384615385,0.05877742946708464,0.4674554978192367,0.0,0.0
Q675H,S,675,Q,H,228,6,5,4,212,1,0,0.6681514476614699,0.2403846153846154,0.07836990595611285,0.44241323900749185,0.007883948281299274,0.0
V1176F,S,1176,V,F,221,0,5,5,209,0,2,0.0,0.2403846153846154,0.09796238244514105,0.43615267430455557,0.0,0.546448087431694
S698L,S,698,S,L,206,1,0,0,50,155,0,0.11135857461024498,0.0,0.0,0.10434274504893676,1.2220119836013876,0.0
S939F,S,939,S,F,203,0,1,2,196,3,1,0.0,0.04807692307692308,0.03918495297805642,0.409023560591832,0.023651844843897825,0.273224043715847
H49Y,S,49,H,Y,199,3,5,9,176,4,2,0.33407572383073497,0.2403846153846154,0.17633228840125392,0.3672864625722574,0.031535793125197095,0.546448087431694
W258L,S,258,W,L,196,0,2,0,192,2,0,0.0,0.09615384615384616,0.0,0.4006761409879171,0.015767896562598548,0.0
P812L,S,812,P,L,194,2,37,1,152,1,1,0.22271714922048996,1.7788461538461537,0.01959247648902821,0.3172019449487677,0.007883948281299274,0.273224043715847
D80Y,S,80,D,Y,180,3,0,66,57,54,0,0.33407572383073497,0.0,1.293103448275862,0.1189507293557879,0.4257332071901609,0.0
D138H,S,138,D,H,170,5,2,0,158,5,0,0.5567928730512249,0.09615384615384616,0.0,0.3297230743546401,0.03941974140649637,0.0
Q173K,S,173,Q,K,162,0,0,0,162,0,0,0.0,0.0,0.0,0.33807049395855504,0.0,0.0
S494P,S,494,S,P,156,1,0,0,154,1,0,0.11135857461024498,0.0,0.0,0.32137565475072516,0.007883948281299274,0.0
S12F,S,12,S,F,155,33,32,0,88,2,0,3.6748329621380846,1.5384615384615385,0.0,0.1836432312861287,0.015767896562598548,0.0
T572I,S,572,T,I,154,2,10,3,137,2,0,0.22271714922048996,0.4807692307692308,0.05877742946708464,0.2858991214340867,0.015767896562598548,0.0
E583D,S,583,E,D,153,2,23,2,110,16,0,0.22271714922048996,1.1057692307692308,0.03918495297805642,0.22955403910766087,0.12614317250078838,0.0
M153I,S,153,M,I,152,0,3,5,142,2,0,0.0,0.14423076923076925,0.09796238244514105,0.29633339593898034,0.015767896562598548,0.0
T732S,S,732,T,S,146,0,0,0,146,0,0,0.0,0.0,0.0,0.3046808155428953,0.0,0.0
S254F,S,254,S,F,145,1,0,9,82,53,0,0.11135857461024498,0.0,0.17633228840125392,0.17112210188025626,0.41784925890886154,0.0
T859I,S,859,T,I,139,2,0,3,133,1,0,0.22271714922048996,0.0,0.05877742946708464,0.27755170183017175,0.007883948281299274,0.0
G769V,S,769,G,V,137,7,2,5,120,3,0,0.779510022271715,0.09615384615384616,0.09796238244514105,0.2504225881174482,0.023651844843897825,0.0
T20I,S,20,T,I,134,1,0,0,132,1,0,0.11135857461024498,0.0,0.0,0.27546484692919304,0.007883948281299274,0.0
T95I,S,95,T,I,129,5,9,7,102,6,0,0.5567928730512249,0.4326923076923077,0.1371473354231975,0.212859199899831,0.04730368968779565,0.0
A845S,S,845,A,S,127,0,0,8,115,4,0,0.0,0.0,0.1567398119122257,0.23998831361255452,0.031535793125197095,0.0
A930V,S,930,A,V,122,0,1,0,2,119,0,0.0,0.04807692307692308,0.0,0.00417370980195747,0.9381898454746136,0.0
T29I,S,29,T,I,120,1,0,11,101,7,0,0.11135857461024498,0.0,0.21551724137931033,0.21077234499885222,0.05518763796909492,0.0
D936Y,S,936,D,Y,115,4,2,8,99,2,0,0.4454342984409799,0.09615384615384616,0.1567398119122257,0.20659863519689475,0.015767896562598548,0.0
A688V,S,688,A,V,115,5,3,4,100,3,0,0.5567928730512249,0.14423076923076925,0.07836990595611285,0.20868549009787352,0.023651844843897825,0.0
E1202Q,S,1202,E,Q,114,0,1,0,112,1,0,0.0,0.04807692307692308,0.0,0.23372774890961834,0.007883948281299274,0.0
S98F,S,98,S,F,112,0,3,17,88,4,0,0.0,0.14423076923076925,0.3330721003134796,0.1836432312861287,0.031535793125197095,0.0
E1144Q,S,1144,E,Q,111,1,0,0,36,74,0,0.11135857461024498,0.0,0.0,0.07512677643523445,0.5834121728161463,0.0
P681R,S,681,P,R,107,27,8,0,72,0,0,3.0066815144766146,0.38461538461538464,0.0,0.1502535528704689,0.0,0.0
V382L,S,382,V,L,107,0,1,0,105,1,0,0.0,0.04807692307692308,0.0,0.21911976460276716,0.007883948281299274,0.0
V1264L,S,1264,V,L,106,10,3,2,88,3,0,1.1135857461024499,0.14423076923076925,0.03918495297805642,0.1836432312861287,0.023651844843897825,0.0
S640F,S,640,S,F,106,3,2,1,99,1,0,0.33407572383073497,0.09615384615384616,0.01959247648902821,0.20659863519689475,0.007883948281299274,0.0
N679K,S,679,N,K,102,1,1,0,100,0,0,0.11135857461024498,0.04807692307692308,0.0,0.20868549009787352,0.0,0.0
G142D,S,142,G,D,101,0,0,0,101,0,0,0.0,0.0,0.0,0.21077234499885222,0.0,0.0
L176F,S,176,L,F,92,3,1,2,84,2,0,0.33407572383073497,0.04807692307692308,0.03918495297805642,0.17529581168221375,0.015767896562598548,0.0
M1229I,S,1229,M,I,92,5,0,7,77,1,2,0.5567928730512249,0.0,0.1371473354231975,0.16068782737536258,0.007883948281299274,0.546448087431694
G72R,S,72,G,R,91,0,0,0,91,0,0,0.0,0.0,0.0,0.18990379598906487,0.0,0.0
N439K,S,439,N,K,89,3,2,44,40,0,0,0.33407572383073497,0.09615384615384616,0.8620689655172413,0.08347419603914939,0.0,0.0
E180V,S,180,E,V,88,0,0,0,88,0,0,0.0,0.0,0.0,0.1836432312861287,0.0,0.0
G142S,S,142,G,S,84,0,0,0,84,0,0,0.0,0.0,0.0,0.17529581168221375,0.0,0.0
T1117I,S,1117,T,I,83,0,0,1,56,26,0,0.0,0.0,0.01959247648902821,0.11686387445480917,0.20498265531378115,0.0
P1263L,S,1263,P,L,83,0,3,8,66,6,0,0.0,0.14423076923076925,0.1567398119122257,0.13773242346459652,0.04730368968779565,0.0
G252V,S,252,G,V,82,0,0,0,82,0,0,0.0,0.0,0.0,0.17112210188025626,0.0,0.0
T778I,S,778,T,I,82,0,1,0,17,64,0,0.0,0.04807692307692308,0.0,0.03547653331663849,0.5045726900031535,0.0
P681L,S,681,P,L,81,1,1,0,78,1,0,0.11135857461024498,0.04807692307692308,0.0,0.16277468227634131,0.007883948281299274,0.0
P26L,S,26,P,L,81,0,2,3,76,0,0,0.0,0.09615384615384616,0.05877742946708464,0.15860097247438384,0.0,0.0
M1237I,S,1237,M,I,79,4,1,2,70,1,1,0.4454342984409799,0.04807692307692308,0.03918495297805642,0.14607984306851143,0.007883948281299274,0.273224043715847
A1078S,S,1078,A,S,79,3,0,2,64,2,8,0.33407572383073497,0.0,0.03918495297805642,0.13355871366263905,0.015767896562598548,2.185792349726776
T307I,S,307,T,I,79,0,1,2,74,2,0,0.0,0.04807692307692308,0.03918495297805642,0.15442726267242637,0.015767896562598548,0.0
A701V,S,701,A,V,78,5,2,2,69,0,0,0.5567928730512249,0.09615384615384616,0.03918495297805642,0.1439929881675327,0.0,0.0
D215Y,S,215,D,Y,78,0,0,3,74,1,0,0.0,0.0,0.05877742946708464,0.15442726267242637,0.007883948281299274,0.0
D111N,S,111,D,N,77,1,0,0,76,0,0,0.11135857461024498,0.0,0.0,0.15860097247438384,0.0,0.0
V1104L,S,1104,V,L,76,0,2,8,66,0,0,0.0,0.09615384615384616,0.1567398119122257,0.13773242346459652,0.0,0.0
P272L,S,272,P,L,76,0,1,68,7,0,0,0.0,0.04807692307692308,1.3322884012539185,0.014607984306851146,0.0,0.0
P251S,S,251,P,S,75,0,0,0,75,0,0,0.0,0.0,0.0,0.1565141175734051,0.0,0.0
A522S,S,522,A,S,73,0,0,2,70,1,0,0.0,0.0,0.03918495297805642,0.14607984306851143,0.007883948281299274,0.0
H146Y,S,146,H,Y,72,4,3,3,61,1,0,0.4454342984409799,0.14423076923076925,0.05877742946708464,0.12729814895970284,0.007883948281299274,0.0
A879S,S,879,A,S,72,0,4,2,66,0,0,0.0,0.19230769230769232,0.03918495297805642,0.13773242346459652,0.0,0.0
H655Y,S,655,H,Y,72,11,5,4,50,2,0,1.2249443207126949,0.2403846153846154,0.07836990595611285,0.10434274504893676,0.015767896562598548,0.0
S221L,S,221,S,L,71,0,0,2,64,5,0,0.0,0.0,0.03918495297805642,0.13355871366263905,0.03941974140649637,0.0
V90F,S,90,V,F,68,0,0,49,19,0,0,0.0,0.0,0.9600313479623824,0.03965024311859596,0.0,0.0
Q613H,S,613,Q,H,67,1,3,1,60,2,0,0.11135857461024498,0.14423076923076925,0.01959247648902821,0.1252112940587241,0.015767896562598548,0.0
K1073N,S,1073,K,N,66,0,0,2,62,2,0,0.0,0.0,0.03918495297805642,0.12938500386068158,0.015767896562598548,0.0
T22N,S,22,T,N,66,0,0,0,66,0,0,0.0,0.0,0.0,0.13773242346459652,0.0,0.0
W152L,S,152,W,L,65,7,4,0,53,1,0,0.779510022271715,0.19230769230769232,0.0,0.11060330975187296,0.007883948281299274,0.0
A263S,S,263,A,S,64,0,0,0,64,0,0,0.0,0.0,0.0,0.13355871366263905,0.0,0.0
D178N,S,178,D,N,64,0,0,0,62,2,0,0.0,0.0,0.0,0.12938500386068158,0.015767896562598548,0.0
N1187Y,S,1187,N,Y,63,0,0,0,63,0,0,0.0,0.0,0.0,0.13147185876166032,0.0,0.0
A845D,S,845,A,D,62,0,0,0,62,0,0,0.0,0.0,0.0,0.12938500386068158,0.0,0.0
M177I,S,177,M,I,62,0,3,0,58,1,0,0.0,0.14423076923076925,0.0,0.12103758425676664,0.007883948281299274,0.0
D936N,S,936,D,N,60,0,0,0,60,0,0,0.0,0.0,0.0,0.1252112940587241,0.0,0.0
A1070S,S,1070,A,S,60,4,0,0,56,0,0,0.4454342984409799,0.0,0.0,0.11686387445480917,0.0,0.0
G1167V,S,1167,G,V,59,1,1,1,56,0,0,0.11135857461024498,0.04807692307692308,0.01959247648902821,0.11686387445480917,0.0,0.0
F220L,S,220,F,L,59,0,0,2,57,0,0,0.0,0.0,0.03918495297805642,0.1189507293557879,0.0,0.0
Q675R,S,675,Q,R,59,0,2,1,55,1,0,0.0,0.09615384615384616,0.01959247648902821,0.11477701955383043,0.007883948281299274,0.0
A475S,S,475,A,S,58,0,0,0,58,0,0,0.0,0.0,0.0,0.12103758425676664,0.0,0.0
G1219C,S,1219,G,C,58,1,1,6,50,0,0,0.11135857461024498,0.04807692307692308,0.11755485893416928,0.10434274504893676,0.0,0.0
V308L,S,308,V,L,57,0,0,1,55,1,0,0.0,0.0,0.01959247648902821,0.11477701955383043,0.007883948281299274,0.0
T22I,S,22,T,I,57,1,3,3,47,3,0,0.11135857461024498,0.14423076923076925,0.05877742946708464,0.09808218034600054,0.023651844843897825,0.0
S1252F,S,1252,S,F,57,0,0,0,57,0,0,0.0,0.0,0.0,0.1189507293557879,0.0,0.0
C1236S,S,1236,C,S,57,0,0,0,57,0,0,0.0,0.0,0.0,0.1189507293557879,0.0,0.0
L822F,S,822,L,F,57,0,0,2,26,29,0,0.0,0.0,0.03918495297805642,0.054258227425447114,0.228634500157679,0.0
P809S,S,809,P,S,55,0,1,1,52,1,0,0.0,0.04807692307692308,0.01959247648902821,0.10851645485089423,0.007883948281299274,0.0
D215G,S,215,D,G,55,5,0,39,11,0,0,0.5567928730512249,0.0,0.7641065830721003,0.022955403910766087,0.0,0.0
V320I,S,320,V,I,55,0,0,0,0,55,0,0.0,0.0,0.0,0.0,0.4336171554714601,0.0
S477R,S,477,S,R,54,0,0,3,51,0,0,0.0,0.0,0.05877742946708464,0.1064295999499155,0.0,0.0
L189F,S,189,L,F,54,0,0,8,46,0,0,0.0,0.0,0.1567398119122257,0.0959953254450218,0.0,0.0
F486L,S,486,F,L,54,0,0,1,53,0,0,0.0,0.0,0.01959247648902821,0.11060330975187296,0.0,0.0
A522V,S,522,A,V,53,6,29,0,17,1,0,0.6681514476614699,1.3942307692307694,0.0,0.03547653331663849,0.007883948281299274,0.0
H69Y,S,69,H,Y,53,0,0,3,35,14,1,0.0,0.0,0.05877742946708464,0.07303992153425572,0.11037527593818984,0.273224043715847
A1020V,S,1020,A,V,52,0,2,22,27,1,0,0.0,0.09615384615384616,0.43103448275862066,0.05634508232642585,0.007883948281299274,0.0
H1101Y,S,1101,H,Y,52,1,2,2,46,1,0,0.11135857461024498,0.09615384615384616,0.03918495297805642,0.0959953254450218,0.007883948281299274,0.0
T747I,S,747,T,I,51,0,0,0,51,0,0,0.0,0.0,0.0,0.1064295999499155,0.0,0.0
V483A,S,483,V,A,51,0,0,0,51,0,0,0.0,0.0,0.0,0.1064295999499155,0.0,0.0
G75V,S,75,G,V,51,1,4,4,42,0,0,0.11135857461024498,0.19230769230769232,0.07836990595611285,0.08764790584110688,0.0,0.0
P1162S,S,1162,P,S,50,1,2,1,44,2,0,0.11135857461024498,0.09615384615384616,0.01959247648902821,0.09182161564306435,0.015767896562598548,0.0
A1070V,S,1070,A,V,50,0,0,1,49,0,0,0.0,0.0,0.01959247648902821,0.102255890147958,0.0,0.0
V1164F,S,1164,V,F,48,0,0,0,48,0,0,0.0,0.0,0.0,0.10016903524697927,0.0,0.0
F157L,S,157,F,L,48,2,1,23,22,0,0,0.22271714922048996,0.04807692307692308,0.4506269592476489,0.045910807821532174,0.0,0.0
A27S,S,27,A,S,47,3,3,1,40,0,0,0.33407572383073497,0.14423076923076925,0.01959247648902821,0.08347419603914939,0.0,0.0
A67V,S,67,A,V,47,5,1,0,38,3,0,0.5567928730512249,0.04807692307692308,0.0,0.07930048623719192,0.023651844843897825,0.0
V1040F,S,1040,V,F,46,0,0,0,46,0,0,0.0,0.0,0.0,0.0959953254450218,0.0,0.0
A262S,S,262,A,S,46,2,2,7,35,0,0,0.22271714922048996,0.09615384615384616,0.1371473354231975,0.07303992153425572,0.0,0.0
P330S,S,330,P,S,45,0,0,0,45,0,0,0.0,0.0,0.0,0.09390847054404308,0.0,0.0
Q52H,S,52,Q,H,45,0,0,0,45,0,0,0.0,0.0,0.0,0.09390847054404308,0.0,0.0
F32L,S,32,F,L,44,0,1,0,42,1,0,0.0,0.04807692307692308,0.0,0.08764790584110688,0.007883948281299274,0.0
K558N,S,558,K,N,43,0,0,2,41,0,0,0.0,0.0,0.03918495297805642,0.08556105094012813,0.0,0.0
V143F,S,143,V,F,43,0,1,0,39,3,0,0.0,0.04807692307692308,0.0,0.08138734113817066,0.023651844843897825,0.0
A653V,S,653,A,V,42,8,3,0,29,2,0,0.8908685968819599,0.14423076923076925,0.0,0.06051879212838332,0.015767896562598548,0.0
V772I,S,772,V,I,42,0,1,7,34,0,0,0.0,0.04807692307692308,0.1371473354231975,0.07095306663327698,0.0,0.0
S256L,S,256,S,L,42,1,1,0,37,3,0,0.11135857461024498,0.04807692307692308,0.0,0.07721363133621319,0.023651844843897825,0.0
P384L,S,384,P,L,42,5,0,0,37,0,0,0.5567928730512249,0.0,0.0,0.07721363133621319,0.0,0.0
S673T,S,673,S,T,41,0,0,39,2,0,0,0.0,0.0,0.7641065830721003,0.00417370980195747,0.0,0.0
S255F,S,255,S,F,41,0,3,1,32,5,0,0.0,0.14423076923076925,0.01959247648902821,0.06677935683131953,0.03941974140649637,0.0
A1020S,S,1020,A,S,41,2,1,0,38,0,0,0.22271714922048996,0.04807692307692308,0.0,0.07930048623719192,0.0,0.0
L938F,S,938,L,F,40,0,1,1,38,0,0,0.0,0.04807692307692308,0.01959247648902821,0.07930048623719192,0.0,0.0
A771S,S,771,A,S,40,0,2,0,38,0,0,0.0,0.09615384615384616,0.0,0.07930048623719192,0.0,0.0
V1122L,S,1122,V,L,40,1,1,4,23,11,0,0.11135857461024498,0.04807692307692308,0.07836990595611285,0.0479976627225109,0.08672343109429202,0.0
D1163Y,S,1163,D,Y,40,1,1,7,31,0,0,0.11135857461024498,0.04807692307692308,0.1371473354231975,0.06469250193034079,0.0,0.0
V622F,S,622,V,F,40,2,2,0,36,0,0,0.22271714922048996,0.09615384615384616,0.0,0.07512677643523445,0.0,0.0
A27V,S,27,A,V,39,0,1,0,37,1,0,0.0,0.04807692307692308,0.0,0.07721363133621319,0.007883948281299274,0.0
A243S,S,243,A,S,39,0,0,0,39,0,0,0.0,0.0,0.0,0.08138734113817066,0.0,0.0
T478R,S,478,T,R,39,0,0,0,39,0,0,0.0,0.0,0.0,0.08138734113817066,0.0,0.0
D936H,S,936,D,H,38,0,1,1,36,0,0,0.0,0.04807692307692308,0.01959247648902821,0.07512677643523445,0.0,0.0
P631S,S,631,P,S,38,3,0,0,35,0,0,0.33407572383073497,0.0,0.0,0.07303992153425572,0.0,0.0
P812S,S,812,P,S,38,2,0,3,25,8,0,0.22271714922048996,0.0,0.05877742946708464,0.05217137252446838,0.06307158625039419,0.0
A67S,S,67,A,S,38,1,2,0,35,0,0,0.11135857461024498,0.09615384615384616,0.0,0.07303992153425572,0.0,0.0
D1084Y,S,1084,D,Y,38,0,7,11,19,1,0,0.0,0.33653846153846156,0.21551724137931033,0.03965024311859596,0.007883948281299274,0.0
D1153Y,S,1153,D,Y,37,0,1,0,35,1,0,0.0,0.04807692307692308,0.0,0.07303992153425572,0.007883948281299274,0.0
Q677R,S,677,Q,R,37,0,0,0,37,0,0,0.0,0.0,0.0,0.07721363133621319,0.0,0.0
T76I,S,76,T,I,37,1,4,3,27,2,0,0.11135857461024498,0.19230769230769232,0.05877742946708464,0.05634508232642585,0.015767896562598548,0.0
Q14H,S,14,Q,H,36,0,1,1,34,0,0,0.0,0.04807692307692308,0.01959247648902821,0.07095306663327698,0.0,0.0
D839Y,S,839,D,Y,36,0,0,32,4,0,0,0.0,0.0,0.6269592476489028,0.00834741960391494,0.0,0.0
G485R,S,485,G,R,36,0,0,0,0,36,0,0.0,0.0,0.0,0.0,0.28382213812677387,0.0
D1260Y,S,1260,D,Y,36,0,0,0,36,0,0,0.0,0.0,0.0,0.07512677643523445,0.0,0.0
D215H,S,215,D,H,36,0,0,21,14,0,1,0.0,0.0,0.41144200626959243,0.029215968613702292,0.0,0.273224043715847
C1243F,S,1243,C,F,36,0,2,0,26,8,0,0.0,0.09615384615384616,0.0,0.054258227425447114,0.06307158625039419,0.0
P1112L,S,1112,P,L,36,0,0,1,6,29,0,0.0,0.0,0.01959247648902821,0.01252112940587241,0.228634500157679,0.0
H245Y,S,245,H,Y,35,0,0,2,32,1,0,0.0,0.0,0.03918495297805642,0.06677935683131953,0.007883948281299274,0.0
S704L,S,704,S,L,35,0,3,0,25,7,0,0.0,0.14423076923076925,0.0,0.05217137252446838,0.05518763796909492,0.0
V367F,S,367,V,F,35,1,6,9,16,3,0,0.11135857461024498,0.2884615384615385,0.17633228840125392,0.03338967841565976,0.023651844843897825,0.0
V622I,S,622,V,I,35,0,0,0,35,0,0,0.0,0.0,0.0,0.07303992153425572,0.0,0.0
C1235F,S,1235,C,F,35,1,0,0,34,0,0,0.11135857461024498,0.0,0.0,0.07095306663327698,0.0,0.0
T547I,S,547,T,I,35,0,1,5,27,2,0,0.0,0.04807692307692308,0.09796238244514105,0.05634508232642585,0.015767896562598548,0.0
S359N,S,359,S,N,34,0,0,0,34,0,0,0.0,0.0,0.0,0.07095306663327698,0.0,0.0
P251H,S,251,P,H,34,0,0,0,34,0,0,0.0,0.0,0.0,0.07095306663327698,0.0,0.0
A1078T,S,1078,A,T,34,1,0,0,29,3,1,0.11135857461024498,0.0,0.0,0.06051879212838332,0.023651844843897825,0.273224043715847
L8V,S,8,L,V,34,0,30,0,4,0,0,0.0,1.4423076923076923,0.0,0.00834741960391494,0.0,0.0
D198G,S,198,D,G,34,0,0,0,34,0,0,0.0,0.0,0.0,0.07095306663327698,0.0,0.0
T1027I,S,1027,T,I,32,0,0,3,28,1,0,0.0,0.0,0.05877742946708464,0.058431937227404585,0.007883948281299274,0.0
M731I,S,731,M,I,32,0,3,4,23,2,0,0.0,0.14423076923076925,0.07836990595611285,0.0479976627225109,0.015767896562598548,0.0
D1118Y,S,1118,D,Y,32,0,0,0,32,0,0,0.0,0.0,0.0,0.06677935683131953,0.0,0.0
E156V,S,156,E,V,31,0,0,0,31,0,0,0.0,0.0,0.0,0.06469250193034079,0.0,0.0
S689I,S,689,S,I,31,0,4,0,27,0,0,0.0,0.19230769230769232,0.0,0.05634508232642585,0.0,0.0
G1219V,S,1219,G,V,31,0,5,1,25,0,0,0.0,0.2403846153846154,0.01959247648902821,0.05217137252446838,0.0,0.0
C1250F,S,1250,C,F,31,0,3,4,23,1,0,0.0,0.14423076923076925,0.07836990595611285,0.0479976627225109,0.007883948281299274,0.0
Q1071L,S,1071,Q,L,31,0,1,0,30,0,0,0.0,0.04807692307692308,0.0,0.06260564702936205,0.0,0.0
F1052L,S,1052,F,L,31,0,0,0,31,0,0,0.0,0.0,0.0,0.06469250193034079,0.0,0.0
W152R,S,152,W,R,31,1,0,0,30,0,0,0.11135857461024498,0.0,0.0,0.06260564702936205,0.0,0.0
E309Q,S,309,E,Q,31,0,0,1,28,2,0,0.0,0.0,0.01959247648902821,0.058431937227404585,0.015767896562598548,0.0
V213L,S,213,V,L,30,0,5,1,24,0,0,0.0,0.2403846153846154,0.01959247648902821,0.05008451762348964,0.0,0.0
M153T,S,153,M,T,30,0,16,0,14,0,0,0.0,0.7692307692307693,0.0,0.029215968613702292,0.0,0.0
C136G,S,136,C,G,29,0,0,0,29,0,0,0.0,0.0,0.0,0.06051879212838332,0.0,0.0
V70F,S,70,V,F,29,2,0,1,26,0,0,0.22271714922048996,0.0,0.01959247648902821,0.054258227425447114,0.0,0.0
A344S,S,344,A,S,29,0,0,1,28,0,0,0.0,0.0,0.01959247648902821,0.058431937227404585,0.0,0.0
D1168G,S,1168,D,G,29,0,0,0,29,0,0,0.0,0.0,0.0,0.06051879212838332,0.0,0.0
E654Q,S,654,E,Q,29,0,1,0,24,0,4,0.0,0.04807692307692308,0.0,0.05008451762348964,0.0,1.092896174863388
G181R,S,181,G,R,29,0,0,0,29,0,0,0.0,0.0,0.0,0.06051879212838332,0.0,0.0
S940F,S,940,S,F,28,0,0,4,22,2,0,0.0,0.0,0.07836990595611285,0.045910807821532174,0.015767896562598548,0.0
L1063F,S,1063,L,F,28,2,3,3,20,0,0,0.22271714922048996,0.14423076923076925,0.05877742946708464,0.041737098019574696,0.0,0.0
G1167A,S,1167,G,A,27,0,0,0,27,0,0,0.0,0.0,0.0,0.05634508232642585,0.0,0.0
T604I,S,604,T,I,27,0,0,0,26,1,0,0.0,0.0,0.0,0.054258227425447114,0.007883948281299274,0.0
A899S,S,899,A,S,27,0,0,3,14,10,0,0.0,0.0,0.05877742946708464,0.029215968613702292,0.07883948281299274,0.0
Y453F,S,453,Y,F,26,1,0,16,9,0,0,0.11135857461024498,0.0,0.3134796238244514,0.018781694108808613,0.0,0.0
A1078V,S,1078,A,V,26,1,0,8,14,3,0,0.11135857461024498,0.0,0.1567398119122257,0.029215968613702292,0.023651844843897825,0.0
T723I,S,723,T,I,26,0,0,23,3,0,0,0.0,0.0,0.4506269592476489,0.006260564702936205,0.0,0.0
P1162L,S,1162,P,L,26,0,0,7,17,2,0,0.0,0.0,0.1371473354231975,0.03547653331663849,0.015767896562598548,0.0
M900I,S,900,M,I,26,0,22,0,4,0,0,0.0,1.0576923076923077,0.0,0.00834741960391494,0.0,0.0
R78M,S,78,R,M,26,1,17,0,7,1,0,0.11135857461024498,0.8173076923076924,0.0,0.014607984306851146,0.007883948281299274,0.0
A626S,S,626,A,S,26,0,0,12,13,0,1,0.0,0.0,0.23510971786833856,0.027129113712723557,0.0,0.273224043715847
LGVY141-,S,141,LGVY,-,26,0,2,3,18,3,0,0.0,0.09615384615384616,0.05877742946708464,0.037563388217617226,0.023651844843897825,0.0
G257S,S,257,G,S,25,0,0,1,24,0,0,0.0,0.0,0.01959247648902821,0.05008451762348964,0.0,0.0
F2L,S,2,F,L,25,0,1,0,24,0,0,0.0,0.04807692307692308,0.0,0.05008451762348964,0.0,0.0
F490S,S,490,F,S,25,0,1,0,24,0,0,0.0,0.04807692307692308,0.0,0.05008451762348964,0.0,0.0
D574Y,S,574,D,Y,24,1,2,3,16,2,0,0.11135857461024498,0.09615384615384616,0.05877742946708464,0.03338967841565976,0.015767896562598548,0.0
A684V,S,684,A,V,24,2,1,0,17,4,0,0.22271714922048996,0.04807692307692308,0.0,0.03547653331663849,0.031535793125197095,0.0
L455F,S,455,L,F,24,0,0,0,5,19,0,0.0,0.0,0.0,0.010434274504893674,0.14979501734468623,0.0
V1133A,S,1133,V,A,24,0,0,0,24,0,0,0.0,0.0,0.0,0.05008451762348964,0.0,0.0
D88H,S,88,D,H,24,0,1,0,23,0,0,0.0,0.04807692307692308,0.0,0.0479976627225109,0.0,0.0
D796Y,S,796,D,Y,24,1,0,3,20,0,0,0.11135857461024498,0.0,0.05877742946708464,0.041737098019574696,0.0,0.0
T791I,S,791,T,I,23,0,9,1,12,1,0,0.0,0.4326923076923077,0.01959247648902821,0.02504225881174482,0.007883948281299274,0.0
S929I,S,929,S,I,23,0,0,0,21,2,0,0.0,0.0,0.0,0.04382395292055344,0.015767896562598548,0.0
L216F,S,216,L,F,23,0,0,2,19,2,0,0.0,0.0,0.03918495297805642,0.03965024311859596,0.015767896562598548,0.0
E554D,S,554,E,D,23,0,0,0,23,0,0,0.0,0.0,0.0,0.0479976627225109,0.0,0.0
I569F,S,569,I,F,23,0,0,0,23,0,0,0.0,0.0,0.0,0.0479976627225109,0.0,0.0
V6F,S,6,V,F,23,0,0,1,22,0,0,0.0,0.0,0.01959247648902821,0.045910807821532174,0.0,0.0
V127F,S,127,V,F,23,0,2,1,20,0,0,0.0,0.09615384615384616,0.01959247648902821,0.041737098019574696,0.0,0.0
C1247F,S,1247,C,F,22,0,0,5,17,0,0,0.0,0.0,0.09796238244514105,0.03547653331663849,0.0,0.0
LGV141-,S,141,LGV,-,22,0,1,0,21,0,0,0.0,0.04807692307692308,0.0,0.04382395292055344,0.0,0.0
P26H,S,26,P,H,22,0,0,0,22,0,0,0.0,0.0,0.0,0.045910807821532174,0.0,0.0
T719I,S,719,T,I,22,0,0,0,16,6,0,0.0,0.0,0.0,0.03338967841565976,0.04730368968779565,0.0
R21I,S,21,R,I,22,0,0,2,19,1,0,0.0,0.0,0.03918495297805642,0.03965024311859596,0.007883948281299274,0.0
H1083Q,S,1083,H,Q,22,0,21,0,1,0,0,0.0,1.0096153846153846,0.0,0.002086854900978735,0.0,0.0
T299I,S,299,T,I,21,0,0,8,11,2,0,0.0,0.0,0.1567398119122257,0.022955403910766087,0.015767896562598548,0.0
A871V,S,871,A,V,21,0,1,0,20,0,0,0.0,0.04807692307692308,0.0,0.041737098019574696,0.0,0.0
V1164I,S,1164,V,I,21,0,0,0,21,0,0,0.0,0.0,0.0,0.04382395292055344,0.0,0.0
Q607H,S,607,Q,H,21,0,0,0,21,0,0,0.0,0.0,0.0,0.04382395292055344,0.0,0.0
L922F,S,922,L,F,21,0,0,0,21,0,0,0.0,0.0,0.0,0.04382395292055344,0.0,0.0
S71F,S,71,S,F,21,0,0,0,16,5,0,0.0,0.0,0.0,0.03338967841565976,0.03941974140649637,0.0
R408I,S,408,R,I,21,2,2,1,16,0,0,0.22271714922048996,0.09615384615384616,0.01959247648902821,0.03338967841565976,0.0,0.0
A672V,S,672,A,V,20,0,0,1,19,0,0,0.0,0.0,0.01959247648902821,0.03965024311859596,0.0,0.0
I584V,S,584,I,V,20,0,0,0,20,0,0,0.0,0.0,0.0,0.041737098019574696,0.0,0.0
A626V,S,626,A,V,20,0,0,0,9,11,0,0.0,0.0,0.0,0.018781694108808613,0.08672343109429202,0.0
N1192T,S,1192,N,T,20,0,0,0,4,16,0,0.0,0.0,0.0,0.00834741960391494,0.12614317250078838,0.0
E484Q,S,484,E,Q,20,0,3,2,15,0,0,0.0,0.14423076923076925,0.03918495297805642,0.03130282351468103,0.0,0.0
G257D,S,257,G,D,20,0,0,0,20,0,0,0.0,0.0,0.0,0.041737098019574696,0.0,0.0
A846V,S,846,A,V,20,0,0,1,18,1,0,0.0,0.0,0.01959247648902821,0.037563388217617226,0.007883948281299274,0.0
LLA241-,S,241,LLA,-,19,4,0,3,11,1,0,0.4454342984409799,0.0,0.05877742946708464,0.022955403910766087,0.007883948281299274,0.0
T678I,S,678,T,I,19,0,0,0,18,1,0,0.0,0.0,0.0,0.037563388217617226,0.007883948281299274,0.0
V687I,S,687,V,I,19,0,0,5,14,0,0,0.0,0.0,0.09796238244514105,0.029215968613702292,0.0,0.0
D808G,S,808,D,G,19,0,1,0,18,0,0,0.0,0.04807692307692308,0.0,0.037563388217617226,0.0,0.0
L1203F,S,1203,L,F,19,0,0,1,18,0,0,0.0,0.0,0.01959247648902821,0.037563388217617226,0.0,0.0
M153V,S,153,M,V,19,0,0,0,19,0,0,0.0,0.0,0.0,0.03965024311859596,0.0,0.0
G446V,S,446,G,V,19,0,0,0,14,5,0,0.0,0.0,0.0,0.029215968613702292,0.03941974140649637,0.0
A570V,S,570,A,V,19,0,1,0,18,0,0,0.0,0.04807692307692308,0.0,0.037563388217617226,0.0,0.0
A1174V,S,1174,A,V,19,0,0,0,19,0,0,0.0,0.0,0.0,0.03965024311859596,0.0,0.0
A892S,S,892,A,S,19,1,0,1,15,2,0,0.11135857461024498,0.0,0.01959247648902821,0.03130282351468103,0.015767896562598548,0.0
P384S,S,384,P,S,19,0,0,1,17,1,0,0.0,0.0,0.01959247648902821,0.03547653331663849,0.007883948281299274,0.0
G257V,S,257,G,V,18,0,0,0,18,0,0,0.0,0.0,0.0,0.037563388217617226,0.0,0.0
P479S,S,479,P,S,18,0,0,0,17,0,1,0.0,0.0,0.0,0.03547653331663849,0.0,0.273224043715847
N856S,S,856,N,S,18,0,0,3,15,0,0,0.0,0.0,0.05877742946708464,0.03130282351468103,0.0,0.0
Q52L,S,52,Q,L,18,0,0,1,17,0,0,0.0,0.0,0.01959247648902821,0.03547653331663849,0.0,0.0
A575S,S,575,A,S,18,0,0,7,11,0,0,0.0,0.0,0.1371473354231975,0.022955403910766087,0.0,0.0
D1139N,S,1139,D,N,17,0,0,0,17,0,0,0.0,0.0,0.0,0.03547653331663849,0.0,0.0
E1207D,S,1207,E,D,17,0,1,0,15,1,0,0.0,0.04807692307692308,0.0,0.03130282351468103,0.007883948281299274,0.0
Y674F,S,674,Y,F,17,0,0,0,17,0,0,0.0,0.0,0.0,0.03547653331663849,0.0,0.0
Y145H,S,145,Y,H,17,0,0,0,16,1,0,0.0,0.0,0.0,0.03338967841565976,0.007883948281299274,0.0
F643L,S,643,F,L,17,0,0,5,12,0,0,0.0,0.0,0.09796238244514105,0.02504225881174482,0.0,0.0
D178G,S,178,D,G,17,0,0,0,17,0,0,0.0,0.0,0.0,0.03547653331663849,0.0,0.0
S50L,S,50,S,L,17,2,1,1,4,9,0,0.22271714922048996,0.04807692307692308,0.01959247648902821,0.00834741960391494,0.07095553453169347,0.0
S477I,S,477,S,I,17,0,0,0,17,0,0,0.0,0.0,0.0,0.03547653331663849,0.0,0.0
G181V,S,181,G,V,17,0,0,1,15,1,0,0.0,0.0,0.01959247648902821,0.03130282351468103,0.007883948281299274,0.0
A701T,S,701,A,T,17,0,17,0,0,0,0,0.0,0.8173076923076924,0.0,0.0,0.0,0.0
R214L,S,214,R,L,16,0,0,0,15,1,0,0.0,0.0,0.0,0.03130282351468103,0.007883948281299274,0.0
E156D,S,156,E,D,16,0,8,0,8,0,0,0.0,0.38461538461538464,0.0,0.01669483920782988,0.0,0.0
I197V,S,197,I,V,16,0,1,7,6,0,2,0.0,0.04807692307692308,0.1371473354231975,0.01252112940587241,0.0,0.546448087431694
A263T,S,263,A,T,16,0,0,0,16,0,0,0.0,0.0,0.0,0.03338967841565976,0.0,0.0
P809L,S,809,P,L,16,0,0,0,16,0,0,0.0,0.0,0.0,0.03338967841565976,0.0,0.0
V227L,S,227,V,L,16,0,0,0,16,0,0,0.0,0.0,0.0,0.03338967841565976,0.0,0.0
A623S,S,623,A,S,16,1,0,0,15,0,0,0.11135857461024498,0.0,0.0,0.03130282351468103,0.0,0.0
S155I,S,155,S,I,15,0,2,0,13,0,0,0.0,0.09615384615384616,0.0,0.027129113712723557,0.0,0.0
S813I,S,813,S,I,15,1,0,1,13,0,0,0.11135857461024498,0.0,0.01959247648902821,0.027129113712723557,0.0,0.0
G181A,S,181,G,A,15,0,2,0,12,0,1,0.0,0.09615384615384616,0.0,0.02504225881174482,0.0,0.273224043715847
V3G,S,3,V,G,15,0,1,4,10,0,0,0.0,0.04807692307692308,0.07836990595611285,0.020868549009787348,0.0,0.0
I818V,S,818,I,V,15,0,0,0,15,0,0,0.0,0.0,0.0,0.03130282351468103,0.0,0.0
Q1201K,S,1201,Q,K,15,0,1,0,12,2,0,0.0,0.04807692307692308,0.0,0.02504225881174482,0.015767896562598548,0.0
V289I,S,289,V,I,15,0,0,0,15,0,0,0.0,0.0,0.0,0.03130282351468103,0.0,0.0
K854N,S,854,K,N,15,0,0,0,15,0,0,0.0,0.0,0.0,0.03130282351468103,0.0,0.0
D80A,S,80,D,A,15,5,0,2,8,0,0,0.5567928730512249,0.0,0.03918495297805642,0.01669483920782988,0.0,0.0
M1237V,S,1237,M,V,14,0,0,0,14,0,0,0.0,0.0,0.0,0.029215968613702292,0.0,0.0
T638A,S,638,T,A,14,0,0,0,14,0,0,0.0,0.0,0.0,0.029215968613702292,0.0,0.0
Q173P,S,173,Q,P,14,0,0,0,14,0,0,0.0,0.0,0.0,0.029215968613702292,0.0,0.0
F565L,S,565,F,L,14,0,0,1,13,0,0,0.0,0.0,0.01959247648902821,0.027129113712723557,0.0,0.0
T240I,S,240,T,I,14,0,0,1,11,2,0,0.0,0.0,0.01959247648902821,0.022955403910766087,0.015767896562598548,0.0
T1116N,S,1116,T,N,14,0,0,0,14,0,0,0.0,0.0,0.0,0.029215968613702292,0.0,0.0
Q1208H,S,1208,Q,H,14,0,0,0,13,1,0,0.0,0.0,0.0,0.027129113712723557,0.007883948281299274,0.0
L141F,S,141,L,F,14,0,0,0,13,1,0,0.0,0.0,0.0,0.027129113712723557,0.007883948281299274,0.0
T676I,S,676,T,I,14,0,0,2,12,0,0,0.0,0.0,0.03918495297805642,0.02504225881174482,0.0,0.0
R847T,S,847,R,T,14,0,0,0,1,13,0,0.0,0.0,0.0,0.002086854900978735,0.10249132765689058,0.0
R102S,S,102,R,S,14,0,2,0,12,0,0,0.0,0.09615384615384616,0.0,0.02504225881174482,0.0,0.0
A879V,S,879,A,V,14,0,0,0,14,0,0,0.0,0.0,0.0,0.029215968613702292,0.0,0.0
M1050I,S,1050,M,I,14,0,2,0,12,0,0,0.0,0.09615384615384616,0.0,0.02504225881174482,0.0,0.0
A1026S,S,1026,A,S,13,0,0,0,13,0,0,0.0,0.0,0.0,0.027129113712723557,0.0,0.0
E654K,S,654,E,K,13,0,0,0,13,0,0,0.0,0.0,0.0,0.027129113712723557,0.0,0.0
N657K,S,657,N,K,13,0,0,0,13,0,0,0.0,0.0,0.0,0.027129113712723557,0.0,0.0
S691F,S,691,S,F,13,0,0,0,3,10,0,0.0,0.0,0.0,0.006260564702936205,0.07883948281299274,0.0
G1251R,S,1251,G,R,13,0,0,0,13,0,0,0.0,0.0,0.0,0.027129113712723557,0.0,0.0
K1205N,S,1205,K,N,13,0,1,0,12,0,0,0.0,0.04807692307692308,0.0,0.02504225881174482,0.0,0.0
N641K,S,641,N,K,13,0,0,0,13,0,0,0.0,0.0,0.0,0.027129113712723557,0.0,0.0
D950N,S,950,D,N,13,0,0,0,13,0,0,0.0,0.0,0.0,0.027129113712723557,0.0,0.0
T323I,S,323,T,I,13,0,0,0,11,2,0,0.0,0.0,0.0,0.022955403910766087,0.015767896562598548,0.0
T19I,S,19,T,I,13,0,0,0,13,0,0,0.0,0.0,0.0,0.027129113712723557,0.0,0.0
T95A,S,95,T,A,13,0,0,0,13,0,0,0.0,0.0,0.0,0.027129113712723557,0.0,0.0
I210-,S,210,I,-,13,0,0,3,5,5,0,0.0,0.0,0.05877742946708464,0.010434274504893674,0.03941974140649637,0.0
R346K,S,346,R,K,13,0,0,1,12,0,0,0.0,0.0,0.01959247648902821,0.02504225881174482,0.0,0.0
V367I,S,367,V,I,13,0,0,0,13,0,0,0.0,0.0,0.0,0.027129113712723557,0.0,0.0
K417N,S,417,K,N,13,4,0,2,7,0,0,0.4454342984409799,0.0,0.03918495297805642,0.014607984306851146,0.0,0.0
P9L,S,9,P,L,13,0,0,2,8,3,0,0.0,0.0,0.03918495297805642,0.01669483920782988,0.023651844843897825,0.0
R1091H,S,1091,R,H,13,1,0,0,12,0,0,0.11135857461024498,0.0,0.0,0.02504225881174482,0.0,0.0
V1094I,S,1094,V,I,13,0,0,0,13,0,0,0.0,0.0,0.0,0.027129113712723557,0.0,0.0
E96D,S,96,E,D,13,0,0,0,13,0,0,0.0,0.0,0.0,0.027129113712723557,0.0,0.0
Q52R,S,52,Q,R,13,5,0,0,8,0,0,0.5567928730512249,0.0,0.0,0.01669483920782988,0.0,0.0
T573I,S,573,T,I,13,1,0,0,12,0,0,0.11135857461024498,0.0,0.0,0.02504225881174482,0.0,0.0
G476S,S,476,G,S,13,0,0,0,13,0,0,0.0,0.0,0.0,0.027129113712723557,0.0,0.0
R765L,S,765,R,L,12,0,1,3,7,1,0,0.0,0.04807692307692308,0.05877742946708464,0.014607984306851146,0.007883948281299274,0.0
D1259Y,S,1259,D,Y,12,0,1,2,9,0,0,0.0,0.04807692307692308,0.03918495297805642,0.018781694108808613,0.0,0.0
T1120I,S,1120,T,I,12,0,0,0,12,0,0,0.0,0.0,0.0,0.02504225881174482,0.0,0.0
V16F,S,16,V,F,12,0,0,0,12,0,0,0.0,0.0,0.0,0.02504225881174482,0.0,0.0
P174S,S,174,P,S,12,1,0,0,10,1,0,0.11135857461024498,0.0,0.0,0.020868549009787348,0.007883948281299274,0.0
D253Y,S,253,D,Y,12,1,0,0,11,0,0,0.11135857461024498,0.0,0.0,0.022955403910766087,0.0,0.0
G946V,S,946,G,V,12,2,0,0,10,0,0,0.22271714922048996,0.0,0.0,0.020868549009787348,0.0,0.0
Y28H,S,28,Y,H,12,0,1,2,9,0,0,0.0,0.04807692307692308,0.03918495297805642,0.018781694108808613,0.0,0.0
T299A,S,299,T,A,12,0,0,0,12,0,0,0.0,0.0,0.0,0.02504225881174482,0.0,0.0
D215AAGY,S,215,D,AAGY,12,0,0,0,12,0,0,0.0,0.0,0.0,0.02504225881174482,0.0,0.0
Q1201H,S,1201,Q,H,12,0,0,0,12,0,0,0.0,0.0,0.0,0.02504225881174482,0.0,0.0
I670L,S,670,I,L,12,0,0,12,0,0,0,0.0,0.0,0.23510971786833856,0.0,0.0,0.0
A647S,S,647,A,S,12,0,0,0,12,0,0,0.0,0.0,0.0,0.02504225881174482,0.0,0.0
H69Q,S,69,H,Q,12,0,0,0,12,0,0,0.0,0.0,0.0,0.02504225881174482,0.0,0.0
R21T,S,21,R,T,12,1,0,0,4,7,0,0.11135857461024498,0.0,0.0,0.00834741960391494,0.05518763796909492,0.0
R1014K,S,1014,R,K,12,0,0,0,12,0,0,0.0,0.0,0.0,0.02504225881174482,0.0,0.0
N149Y,S,149,N,Y,12,0,0,0,12,0,0,0.0,0.0,0.0,0.02504225881174482,0.0,0.0
F888L,S,888,F,L,12,5,0,0,7,0,0,0.5567928730512249,0.0,0.0,0.014607984306851146,0.0,0.0
P9S,S,9,P,S,11,0,0,5,6,0,0,0.0,0.0,0.09796238244514105,0.01252112940587241,0.0,0.0
A892V,S,892,A,V,11,0,1,0,10,0,0,0.0,0.04807692307692308,0.0,0.020868549009787348,0.0,0.0
Q957L,S,957,Q,L,11,0,0,0,11,0,0,0.0,0.0,0.0,0.022955403910766087,0.0,0.0
A829T,S,829,A,T,11,0,11,0,0,0,0,0.0,0.5288461538461539,0.0,0.0,0.0,0.0
S151I,S,151,S,I,11,0,0,1,10,0,0,0.0,0.0,0.01959247648902821,0.020868549009787348,0.0,0.0
V62L,S,62,V,L,11,0,0,0,11,0,0,0.0,0.0,0.0,0.022955403910766087,0.0,0.0
A348S,S,348,A,S,11,1,1,0,9,0,0,0.11135857461024498,0.04807692307692308,0.0,0.018781694108808613,0.0,0.0
N1023S,S,1023,N,S,11,2,0,0,9,0,0,0.22271714922048996,0.0,0.0,0.018781694108808613,0.0,0.0
S680F,S,680,S,F,11,0,0,0,10,1,0,0.0,0.0,0.0,0.020868549009787348,0.007883948281299274,0.0
R190M,S,190,R,M,11,0,0,10,1,0,0,0.0,0.0,0.1959247648902821,0.002086854900978735,0.0,0.0
Y144F,S,144,Y,F,11,0,0,0,11,0,0,0.0,0.0,0.0,0.022955403910766087,0.0,0.0
T638I,S,638,T,I,11,0,0,0,6,4,1,0.0,0.0,0.0,0.01252112940587241,0.031535793125197095,0.273224043715847
T51I,S,51,T,I,11,0,0,5,5,0,1,0.0,0.0,0.09796238244514105,0.010434274504893674,0.0,0.273224043715847
R403K,S,403,R,K,11,0,0,0,10,1,0,0.0,0.0,0.0,0.020868549009787348,0.007883948281299274,0.0
T1009I,S,1009,T,I,11,0,0,1,8,2,0,0.0,0.0,0.01959247648902821,0.01669483920782988,0.015767896562598548,0.0
N370S,S,370,N,S,11,0,0,0,11,0,0,0.0,0.0,0.0,0.022955403910766087,0.0,0.0
T385I,S,385,T,I,11,1,0,0,10,0,0,0.11135857461024498,0.0,0.0,0.020868549009787348,0.0,0.0
C15F,S,15,C,F,11,0,3,0,4,4,0,0.0,0.14423076923076925,0.0,0.00834741960391494,0.031535793125197095,0.0
V1068F,S,1068,V,F,11,0,1,0,9,1,0,0.0,0.04807692307692308,0.0,0.018781694108808613,0.007883948281299274,0.0
M740I,S,740,M,I,11,0,0,7,4,0,0,0.0,0.0,0.1371473354231975,0.00834741960391494,0.0,0.0
V1230L,S,1230,V,L,11,0,0,0,11,0,0,0.0,0.0,0.0,0.022955403910766087,0.0,0.0
AL243-,S,243,AL,-,11,0,0,2,5,4,0,0.0,0.0,0.03918495297805642,0.010434274504893674,0.031535793125197095,0.0
D796G,S,796,D,G,11,0,0,0,11,0,0,0.0,0.0,0.0,0.022955403910766087,0.0,0.0
V687L,S,687,V,L,11,0,0,0,11,0,0,0.0,0.0,0.0,0.022955403910766087,0.0,0.0
S1261F,S,1261,S,F,11,0,0,0,5,0,6,0.0,0.0,0.0,0.010434274504893674,0.0,1.639344262295082
G1251V,S,1251,G,V,11,0,0,4,6,1,0,0.0,0.0,0.07836990595611285,0.01252112940587241,0.007883948281299274,0.0
N717S,S,717,N,S,11,0,1,0,10,0,0,0.0,0.04807692307692308,0.0,0.020868549009787348,0.0,0.0
K1073T,S,1073,K,T,11,0,0,0,11,0,0,0.0,0.0,0.0,0.022955403910766087,0.0,0.0
P1079S,S,1079,P,S,10,0,0,0,7,3,0,0.0,0.0,0.0,0.014607984306851146,0.023651844843897825,0.0
T1006I,S,1006,T,I,10,0,0,0,6,4,0,0.0,0.0,0.0,0.01252112940587241,0.031535793125197095,0.0
V1122M,S,1122,V,M,10,0,0,0,9,1,0,0.0,0.0,0.0,0.018781694108808613,0.007883948281299274,0.0
R102I,S,102,R,I,10,0,2,0,8,0,0,0.0,0.09615384615384616,0.0,0.01669483920782988,0.0,0.0
A706V,S,706,A,V,10,0,0,0,8,2,0,0.0,0.0,0.0,0.01669483920782988,0.015767896562598548,0.0
V483F,S,483,V,F,10,0,0,0,9,1,0,0.0,0.0,0.0,0.018781694108808613,0.007883948281299274,0.0
T478I,S,478,T,I,10,0,0,6,4,0,0,0.0,0.0,0.11755485893416928,0.00834741960391494,0.0,0.0
S735L,S,735,S,L,10,0,0,0,8,2,0,0.0,0.0,0.0,0.01669483920782988,0.015767896562598548,0.0
Q414R,S,414,Q,R,10,2,0,0,8,0,0,0.22271714922048996,0.0,0.0,0.01669483920782988,0.0,0.0
V622A,S,622,V,A,10,0,0,0,10,0,0,0.0,0.0,0.0,0.020868549009787348,0.0,0.0
Q690R,S,690,Q,R,10,0,0,0,10,0,0,0.0,0.0,0.0,0.020868549009787348,0.0,0.0
L1224S,S,1224,L,S,10,0,0,0,10,0,0,0.0,0.0,0.0,0.020868549009787348,0.0,0.0
A222S,S,222,A,S,10,0,0,1,7,2,0,0.0,0.0,0.01959247648902821,0.014607984306851146,0.015767896562598548,0.0
T95N,S,95,T,N,10,0,0,0,10,0,0,0.0,0.0,0.0,0.020868549009787348,0.0,0.0
I210V,S,210,I,V,10,0,0,0,10,0,0,0.0,0.0,0.0,0.020868549009787348,0.0,0.0
V6I,S,6,V,I,10,0,0,0,10,0,0,0.0,0.0,0.0,0.020868549009787348,0.0,0.0
-4F,S,4,-,F,10,0,0,0,10,0,0,0.0,0.0,0.0,0.020868549009787348,0.0,0.0
E654V,S,654,E,V,10,0,0,0,10,0,0,0.0,0.0,0.0,0.020868549009787348,0.0,0.0
P25L,S,25,P,L,10,0,2,0,7,1,0,0.0,0.09615384615384616,0.0,0.014607984306851146,0.007883948281299274,0.0
Q779R,S,779,Q,R,10,0,0,0,10,0,0,0.0,0.0,0.0,0.020868549009787348,0.0,0.0
F140-,S,140,F,-,9,1,2,2,3,1,0,0.11135857461024498,0.09615384615384616,0.03918495297805642,0.006260564702936205,0.007883948281299274,0.0
G142V,S,142,G,V,9,2,2,0,5,0,0,0.22271714922048996,0.09615384615384616,0.0,0.010434274504893674,0.0,0.0
N679S,S,679,N,S,9,0,0,0,9,0,0,0.0,0.0,0.0,0.018781694108808613,0.0,0.0
S1242I,S,1242,S,I,9,0,0,0,9,0,0,0.0,0.0,0.0,0.018781694108808613,0.0,0.0
L585F,S,585,L,F,9,1,0,0,7,1,0,0.11135857461024498,0.0,0.0,0.014607984306851146,0.007883948281299274,0.0
E619G,S,619,E,G,9,0,0,0,0,9,0,0.0,0.0,0.0,0.0,0.07095553453169347,0.0
D1260N,S,1260,D,N,9,0,0,1,4,4,0,0.0,0.0,0.01959247648902821,0.00834741960391494,0.031535793125197095,0.0
A475V,S,475,A,V,9,1,0,0,6,2,0,0.11135857461024498,0.0,0.0,0.01252112940587241,0.015767896562598548,0.0
T547K,S,547,T,K,9,0,0,0,7,2,0,0.0,0.0,0.0,0.014607984306851146,0.015767896562598548,0.0
G261D,S,261,G,D,9,1,0,4,3,1,0,0.11135857461024498,0.0,0.07836990595611285,0.006260564702936205,0.007883948281299274,0.0
R190S,S,190,R,S,9,1,0,3,5,0,0,0.11135857461024498,0.0,0.05877742946708464,0.010434274504893674,0.0,0.0
R21K,S,21,R,K,9,5,3,0,1,0,0,0.5567928730512249,0.14423076923076925,0.0,0.002086854900978735,0.0,0.0
T250I,S,250,T,I,9,0,0,0,9,0,0,0.0,0.0,0.0,0.018781694108808613,0.0,0.0
D253V,S,253,D,V,9,0,0,0,9,0,0,0.0,0.0,0.0,0.018781694108808613,0.0,0.0
E156Q,S,156,E,Q,9,0,0,0,9,0,0,0.0,0.0,0.0,0.018781694108808613,0.0,0.0
V47I,S,47,V,I,9,0,0,1,8,0,0,0.0,0.0,0.01959247648902821,0.01669483920782988,0.0,0.0
Y508H,S,508,Y,H,9,1,0,2,6,0,0,0.11135857461024498,0.0,0.03918495297805642,0.01252112940587241,0.0,0.0
L518I,S,518,L,I,9,0,3,0,6,0,0,0.0,0.14423076923076925,0.0,0.01252112940587241,0.0,0.0
H146Q,S,146,H,Q,9,0,3,0,5,1,0,0.0,0.14423076923076925,0.0,0.010434274504893674,0.007883948281299274,0.0
I402V,S,402,I,V,9,0,0,0,9,0,0,0.0,0.0,0.0,0.018781694108808613,0.0,0.0
A163V,S,163,A,V,9,0,0,3,6,0,0,0.0,0.0,0.05877742946708464,0.01252112940587241,0.0,0.0
S884F,S,884,S,F,9,0,0,2,4,3,0,0.0,0.0,0.03918495297805642,0.00834741960391494,0.023651844843897825,0.0
S112L,S,112,S,L,9,0,1,0,7,1,0,0.0,0.04807692307692308,0.0,0.014607984306851146,0.007883948281299274,0.0
A845V,S,845,A,V,9,0,0,0,7,2,0,0.0,0.0,0.0,0.014607984306851146,0.015767896562598548,0.0
G838D,S,838,G,D,9,0,0,0,9,0,0,0.0,0.0,0.0,0.018781694108808613,0.0,0.0
A831V,S,831,A,V,9,1,0,1,6,1,0,0.11135857461024498,0.0,0.01959247648902821,0.01252112940587241,0.007883948281299274,0.0
D796H,S,796,D,H,9,1,0,0,8,0,0,0.11135857461024498,0.0,0.0,0.01669483920782988,0.0,0.0
T859N,S,859,T,N,9,0,0,3,6,0,0,0.0,0.0,0.05877742946708464,0.01252112940587241,0.0,0.0
S1239T,S,1239,S,T,9,0,0,0,9,0,0,0.0,0.0,0.0,0.018781694108808613,0.0,0.0
D1163G,S,1163,D,G,9,0,0,0,7,2,0,0.0,0.0,0.0,0.014607984306851146,0.015767896562598548,0.0
T1238I,S,1238,T,I,9,0,0,0,8,1,0,0.0,0.0,0.0,0.01669483920782988,0.007883948281299274,0.0
G35V,S,35,G,V,8,0,1,0,0,7,0,0.0,0.04807692307692308,0.0,0.0,0.05518763796909492,0.0
T22P,S,22,T,P,8,0,0,0,8,0,0,0.0,0.0,0.0,0.01669483920782988,0.0,0.0
A846G,S,846,A,G,8,0,0,0,8,0,0,0.0,0.0,0.0,0.01669483920782988,0.0,0.0
K356R,S,356,K,R,8,0,0,0,8,0,0,0.0,0.0,0.0,0.01669483920782988,0.0,0.0
L8F,S,8,L,F,8,0,0,0,8,0,0,0.0,0.0,0.0,0.01669483920782988,0.0,0.0
S247N,S,247,S,N,8,0,0,0,8,0,0,0.0,0.0,0.0,0.01669483920782988,0.0,0.0
L249S,S,249,L,S,8,0,0,0,8,0,0,0.0,0.0,0.0,0.01669483920782988,0.0,0.0
Q926H,S,926,Q,H,8,0,0,0,0,8,0,0.0,0.0,0.0,0.0,0.06307158625039419,0.0
R237S,S,237,R,S,8,0,0,0,8,0,0,0.0,0.0,0.0,0.01669483920782988,0.0,0.0
G261R,S,261,G,R,8,0,1,0,7,0,0,0.0,0.04807692307692308,0.0,0.014607984306851146,0.0,0.0
F59S,S,59,F,S,8,0,1,0,0,7,0,0.0,0.04807692307692308,0.0,0.0,0.05518763796909492,0.0
E583Q,S,583,E,Q,8,0,0,3,5,0,0,0.0,0.0,0.05877742946708464,0.010434274504893674,0.0,0.0
G72W,S,72,G,W,8,0,0,1,7,0,0,0.0,0.0,0.01959247648902821,0.014607984306851146,0.0,0.0
Q690H,S,690,Q,H,8,0,5,0,2,1,0,0.0,0.2403846153846154,0.0,0.00417370980195747,0.007883948281299274,0.0
I68T,S,68,I,T,8,0,0,0,8,0,0,0.0,0.0,0.0,0.01669483920782988,0.0,0.0
V642G,S,642,V,G,8,0,0,0,8,0,0,0.0,0.0,0.0,0.01669483920782988,0.0,0.0
E406Q,S,406,E,Q,8,0,0,0,8,0,0,0.0,0.0,0.0,0.01669483920782988,0.0,0.0
P521S,S,521,P,S,8,0,0,0,7,1,0,0.0,0.0,0.0,0.014607984306851146,0.007883948281299274,0.0
P479L,S,479,P,L,8,0,0,0,8,0,0,0.0,0.0,0.0,0.01669483920782988,0.0,0.0
P1069S,S,1069,P,S,8,0,0,0,7,1,0,0.0,0.0,0.0,0.014607984306851146,0.007883948281299274,0.0
R1091L,S,1091,R,L,8,0,2,0,5,1,0,0.0,0.09615384615384616,0.0,0.010434274504893674,0.007883948281299274,0.0
A1087S,S,1087,A,S,8,0,0,0,8,0,0,0.0,0.0,0.0,0.01669483920782988,0.0,0.0
N211Y,S,211,N,Y,8,0,7,0,1,0,0,0.0,0.33653846153846156,0.0,0.002086854900978735,0.0,0.0
F1103L,S,1103,F,L,8,0,0,0,8,0,0,0.0,0.0,0.0,0.01669483920782988,0.0,0.0
F1109I,S,1109,F,I,8,0,0,0,8,0,0,0.0,0.0,0.0,0.01669483920782988,0.0,0.0
T1231A,S,1231,T,A,8,0,0,0,8,0,0,0.0,0.0,0.0,0.01669483920782988,0.0,0.0
Y144H,S,144,Y,H,8,0,0,0,8,0,0,0.0,0.0,0.0,0.01669483920782988,0.0,0.0
I1232F,S,1232,I,F,8,0,0,0,8,0,0,0.0,0.0,0.0,0.01669483920782988,0.0,0.0
V171F,S,171,V,F,8,0,0,0,8,0,0,0.0,0.0,0.0,0.01669483920782988,0.0,0.0
C1248F,S,1248,C,F,8,0,0,0,8,0,0,0.0,0.0,0.0,0.01669483920782988,0.0,0.0
A163S,S,163,A,S,8,0,0,0,8,0,0,0.0,0.0,0.0,0.01669483920782988,0.0,0.0
V1133F,S,1133,V,F,8,0,0,0,4,4,0,0.0,0.0,0.0,0.00834741960391494,0.031535793125197095,0.0
Y660F,S,660,Y,F,7,0,2,0,5,0,0,0.0,0.09615384615384616,0.0,0.010434274504893674,0.0,0.0
Q1071H,S,1071,Q,H,7,0,0,0,7,0,0,0.0,0.0,0.0,0.014607984306851146,0.0,0.0
A647V,S,647,A,V,7,0,0,0,7,0,0,0.0,0.0,0.0,0.014607984306851146,0.0,0.0
N165H,S,165,N,H,7,0,0,0,0,7,0,0.0,0.0,0.0,0.0,0.05518763796909492,0.0
F157S,S,157,F,S,7,0,0,0,7,0,0,0.0,0.0,0.0,0.014607984306851146,0.0,0.0
M177T,S,177,M,T,7,0,0,0,7,0,0,0.0,0.0,0.0,0.014607984306851146,0.0,0.0
V367L,S,367,V,L,7,0,0,0,7,0,0,0.0,0.0,0.0,0.014607984306851146,0.0,0.0
T553I,S,553,T,I,7,0,0,0,7,0,0,0.0,0.0,0.0,0.014607984306851146,0.0,0.0
E154G,S,154,E,G,7,0,4,0,3,0,0,0.0,0.19230769230769232,0.0,0.006260564702936205,0.0,0.0
N148T,S,148,N,T,7,0,0,0,7,0,0,0.0,0.0,0.0,0.014607984306851146,0.0,0.0
L118F,S,118,L,F,7,0,0,2,5,0,0,0.0,0.0,0.03918495297805642,0.010434274504893674,0.0,0.0
I870V,S,870,I,V,7,0,0,1,6,0,0,0.0,0.0,0.01959247648902821,0.01252112940587241,0.0,0.0
F1121L,S,1121,F,L,7,0,0,0,7,0,0,0.0,0.0,0.0,0.014607984306851146,0.0,0.0
A893S,S,893,A,S,7,0,0,0,7,0,0,0.0,0.0,0.0,0.014607984306851146,0.0,0.0
D80N,S,80,D,N,7,0,0,0,7,0,0,0.0,0.0,0.0,0.014607984306851146,0.0,0.0
K814M,S,814,K,M,7,0,0,0,7,0,0,0.0,0.0,0.0,0.014607984306851146,0.0,0.0
I1114T,S,1114,I,T,7,0,0,2,5,0,0,0.0,0.0,0.03918495297805642,0.010434274504893674,0.0,0.0
I119V,S,119,I,V,7,0,0,0,6,1,0,0.0,0.0,0.0,0.01252112940587241,0.007883948281299274,0.0
V911I,S,911,V,I,7,0,0,0,7,0,0,0.0,0.0,0.0,0.014607984306851146,0.0,0.0
D1146Y,S,1146,D,Y,7,0,0,2,5,0,0,0.0,0.0,0.03918495297805642,0.010434274504893674,0.0,0.0
S1147L,S,1147,S,L,7,0,0,0,6,1,0,0.0,0.0,0.0,0.01252112940587241,0.007883948281299274,0.0
K97T,S,97,K,T,7,0,0,0,7,0,0,0.0,0.0,0.0,0.014607984306851146,0.0,0.0
D1153G,S,1153,D,G,7,0,1,0,6,0,0,0.0,0.04807692307692308,0.0,0.01252112940587241,0.0,0.0
E1150D,S,1150,E,D,7,0,0,2,5,0,0,0.0,0.0,0.03918495297805642,0.010434274504893674,0.0,0.0
D1163V,S,1163,D,V,7,0,0,0,7,0,0,0.0,0.0,0.0,0.014607984306851146,0.0,0.0
D1139H,S,1139,D,H,7,0,0,0,7,0,0,0.0,0.0,0.0,0.014607984306851146,0.0,0.0
T941A,S,941,T,A,7,0,1,0,6,0,0,0.0,0.04807692307692308,0.0,0.01252112940587241,0.0,0.0
A1087G,S,1087,A,G,7,0,0,0,7,0,0,0.0,0.0,0.0,0.014607984306851146,0.0,0.0
A694V,S,694,A,V,7,0,0,0,7,0,0,0.0,0.0,0.0,0.014607984306851146,0.0,0.0
R1107S,S,1107,R,S,7,0,0,0,7,0,0,0.0,0.0,0.0,0.014607984306851146,0.0,0.0
T791K,S,791,T,K,7,0,0,0,7,0,0,0.0,0.0,0.0,0.014607984306851146,0.0,0.0
E1111Q,S,1111,E,Q,7,0,0,0,7,0,0,0.0,0.0,0.0,0.014607984306851146,0.0,0.0
M1229L,S,1229,M,L,7,0,1,0,6,0,0,0.0,0.04807692307692308,0.0,0.01252112940587241,0.0,0.0
S1097L,S,1097,S,L,7,0,0,0,0,7,0,0.0,0.0,0.0,0.0,0.05518763796909492,0.0
G769R,S,769,G,R,7,0,0,0,4,3,0,0.0,0.0,0.0,0.00834741960391494,0.023651844843897825,0.0
K77M,S,77,K,M,7,0,7,0,0,0,0,0.0,0.33653846153846156,0.0,0.0,0.0,0.0
W258C,S,258,W,C,7,0,0,0,1,6,0,0.0,0.0,0.0,0.002086854900978735,0.04730368968779565,0.0
Q314K,S,314,Q,K,7,0,0,0,7,0,0,0.0,0.0,0.0,0.014607984306851146,0.0,0.0
L242F,S,242,L,F,7,1,0,0,6,0,0,0.11135857461024498,0.0,0.0,0.01252112940587241,0.0,0.0
A352S,S,352,A,S,7,0,0,5,2,0,0,0.0,0.0,0.09796238244514105,0.00417370980195747,0.0,0.0
Q239K,S,239,Q,K,7,0,0,7,0,0,0,0.0,0.0,0.1371473354231975,0.0,0.0,0.0
V341I,S,341,V,I,7,0,0,0,7,0,0,0.0,0.0,0.0,0.014607984306851146,0.0,0.0
A262T,S,262,A,T,7,1,0,0,2,4,0,0.11135857461024498,0.0,0.0,0.00417370980195747,0.031535793125197095,0.0
D253N,S,253,D,N,7,0,0,0,7,0,0,0.0,0.0,0.0,0.014607984306851146,0.0,0.0
G261V,S,261,G,V,7,0,0,5,2,0,0,0.0,0.0,0.09796238244514105,0.00417370980195747,0.0,0.0
V193L,S,193,V,L,7,0,0,0,7,0,0,0.0,0.0,0.0,0.014607984306851146,0.0,0.0
S256P,S,256,S,P,7,0,0,0,4,3,0,0.0,0.0,0.0,0.00834741960391494,0.023651844843897825,0.0
D80F,S,80,D,F,6,0,0,0,6,0,0,0.0,0.0,0.0,0.01252112940587241,0.0,0.0
R847K,S,847,R,K,6,0,0,0,6,0,0,0.0,0.0,0.0,0.01252112940587241,0.0,0.0
P621S,S,621,P,S,6,0,0,0,4,2,0,0.0,0.0,0.0,0.00834741960391494,0.015767896562598548,0.0
P589S,S,589,P,S,6,0,0,0,6,0,0,0.0,0.0,0.0,0.01252112940587241,0.0,0.0
L858F,S,858,L,F,6,0,0,1,5,0,0,0.0,0.0,0.01959247648902821,0.010434274504893674,0.0,0.0
D1199Y,S,1199,D,Y,6,0,0,0,6,0,0,0.0,0.0,0.0,0.01252112940587241,0.0,0.0
P82H,S,82,P,H,6,0,0,0,6,0,0,0.0,0.0,0.0,0.01252112940587241,0.0,0.0
G842D,S,842,G,D,6,0,0,0,6,0,0,0.0,0.0,0.0,0.01252112940587241,0.0,0.0
T20N,S,20,T,N,6,0,0,3,3,0,0,0.0,0.0,0.05877742946708464,0.006260564702936205,0.0,0.0
Q23L,S,23,Q,L,6,0,0,0,6,0,0,0.0,0.0,0.0,0.01252112940587241,0.0,0.0
P26Y,S,26,P,Y,6,0,0,0,6,0,0,0.0,0.0,0.0,0.01252112940587241,0.0,0.0
C1236F,S,1236,C,F,6,0,0,0,6,0,0,0.0,0.0,0.0,0.01252112940587241,0.0,0.0
G1085R,S,1085,G,R,6,0,0,0,6,0,0,0.0,0.0,0.0,0.01252112940587241,0.0,0.0
A783V,S,783,A,V,6,0,0,0,5,1,0,0.0,0.0,0.0,0.010434274504893674,0.007883948281299274,0.0
N751D,S,751,N,D,6,0,0,0,6,0,0,0.0,0.0,0.0,0.01252112940587241,0.0,0.0
L244S,S,244,L,S,6,0,0,0,6,0,0,0.0,0.0,0.0,0.01252112940587241,0.0,0.0
I1210V,S,1210,I,V,6,0,0,0,6,0,0,0.0,0.0,0.0,0.01252112940587241,0.0,0.0
L1244F,S,1244,L,F,6,0,0,0,6,0,0,0.0,0.0,0.0,0.01252112940587241,0.0,0.0
G261S,S,261,G,S,6,1,1,0,4,0,0,0.11135857461024498,0.04807692307692308,0.0,0.00834741960391494,0.0,0.0
A260S,S,260,A,S,6,0,0,0,6,0,0,0.0,0.0,0.0,0.01252112940587241,0.0,0.0
R246I,S,246,R,I,6,0,0,0,6,0,0,0.0,0.0,0.0,0.01252112940587241,0.0,0.0
N121D,S,121,N,D,6,0,0,0,6,0,0,0.0,0.0,0.0,0.01252112940587241,0.0,0.0
P25S,S,25,P,S,6,0,0,0,6,0,0,0.0,0.0,0.0,0.01252112940587241,0.0,0.0
I1081V,S,1081,I,V,6,0,0,0,6,0,0,0.0,0.0,0.0,0.01252112940587241,0.0,0.0
D936G,S,936,D,G,6,0,0,0,6,0,0,0.0,0.0,0.0,0.01252112940587241,0.0,0.0
P330A,S,330,P,A,6,0,0,0,1,5,0,0.0,0.0,0.0,0.002086854900978735,0.03941974140649637,0.0
R214H,S,214,R,H,6,0,0,0,5,0,1,0.0,0.0,0.0,0.010434274504893674,0.0,0.273224043715847
D1146H,S,1146,D,H,6,0,0,0,6,0,0,0.0,0.0,0.0,0.01252112940587241,0.0,0.0
S477G,S,477,S,G,6,0,1,0,5,0,0,0.0,0.04807692307692308,0.0,0.010434274504893674,0.0,0.0
H1159Y,S,1159,H,Y,6,0,0,4,2,0,0,0.0,0.0,0.07836990595611285,0.00417370980195747,0.0,0.0
Y1155F,S,1155,Y,F,6,3,0,0,3,0,0,0.33407572383073497,0.0,0.0,0.006260564702936205,0.0,0.0
L441I,S,441,L,I,6,0,0,0,6,0,0,0.0,0.0,0.0,0.01252112940587241,0.0,0.0
T33I,S,33,T,I,6,0,0,0,6,0,0,0.0,0.0,0.0,0.01252112940587241,0.0,0.0
A879T,S,879,A,T,6,0,0,1,5,0,0,0.0,0.0,0.01959247648902821,0.010434274504893674,0.0,0.0
A871S,S,871,A,S,6,0,0,0,6,0,0,0.0,0.0,0.0,0.01252112940587241,0.0,0.0
H1058Y,S,1058,H,Y,6,0,0,1,4,1,0,0.0,0.0,0.01959247648902821,0.00834741960391494,0.007883948281299274,0.0
L141V,S,141,L,V,6,0,0,0,6,0,0,0.0,0.0,0.0,0.01252112940587241,0.0,0.0
E96G,S,96,E,G,6,0,1,0,5,0,0,0.0,0.04807692307692308,0.0,0.010434274504893674,0.0,0.0
D1165Y,S,1165,D,Y,6,1,0,2,3,0,0,0.11135857461024498,0.0,0.03918495297805642,0.006260564702936205,0.0,0.0
K1045N,S,1045,K,N,6,0,1,0,5,0,0,0.0,0.04807692307692308,0.0,0.010434274504893674,0.0,0.0
T109A,S,109,T,A,5,0,0,0,5,0,0,0.0,0.0,0.0,0.010434274504893674,0.0,0.0
T95S,S,95,T,S,5,0,0,0,5,0,0,0.0,0.0,0.0,0.010434274504893674,0.0,0.0
R78K,S,78,R,K,5,0,0,0,3,2,0,0.0,0.0,0.0,0.006260564702936205,0.015767896562598548,0.0
Y248H,S,248,Y,H,5,0,1,0,4,0,0,0.0,0.04807692307692308,0.0,0.00834741960391494,0.0,0.0
S247R,S,247,S,R,5,0,0,1,0,4,0,0.0,0.0,0.01959247648902821,0.0,0.031535793125197095,0.0
G769A,S,769,G,A,5,0,0,2,3,0,0,0.0,0.0,0.03918495297805642,0.006260564702936205,0.0,0.0
S94F,S,94,S,F,5,0,0,0,3,2,0,0.0,0.0,0.0,0.006260564702936205,0.015767896562598548,0.0
K786N,S,786,K,N,5,0,2,0,3,0,0,0.0,0.09615384615384616,0.0,0.006260564702936205,0.0,0.0
D1168H,S,1168,D,H,5,0,0,0,5,0,0,0.0,0.0,0.0,0.010434274504893674,0.0,0.0
Q836L,S,836,Q,L,5,0,0,0,5,0,0,0.0,0.0,0.0,0.010434274504893674,0.0,0.0
I1130L,S,1130,I,L,5,0,0,0,5,0,0,0.0,0.0,0.0,0.010434274504893674,0.0,0.0
V83F,S,83,V,F,5,0,0,1,2,2,0,0.0,0.0,0.01959247648902821,0.00417370980195747,0.015767896562598548,0.0
K825R,S,825,K,R,5,0,0,4,1,0,0,0.0,0.0,0.07836990595611285,0.002086854900978735,0.0,0.0
K1181R,S,1181,K,R,5,0,1,0,4,0,0,0.0,0.04807692307692308,0.0,0.00834741960391494,0.0,0.0
A852V,S,852,A,V,5,0,0,4,1,0,0,0.0,0.0,0.07836990595611285,0.002086854900978735,0.0,0.0
R1185H,S,1185,R,H,5,0,1,1,3,0,0,0.0,0.04807692307692308,0.01959247648902821,0.006260564702936205,0.0,0.0
V1189I,S,1189,V,I,5,0,0,0,5,0,0,0.0,0.0,0.0,0.010434274504893674,0.0,0.0
G1171S,S,1171,G,S,5,0,0,0,5,0,0,0.0,0.0,0.0,0.010434274504893674,0.0,0.0
I233V,S,233,I,V,5,1,1,0,3,0,0,0.11135857461024498,0.04807692307692308,0.0,0.006260564702936205,0.0,0.0
L84I,S,84,L,I,5,0,0,0,5,0,0,0.0,0.0,0.0,0.010434274504893674,0.0,0.0
L7S,S,7,L,S,5,0,5,0,0,0,0,0.0,0.2403846153846154,0.0,0.0,0.0,0.0
H245N,S,245,H,N,5,0,1,0,4,0,0,0.0,0.04807692307692308,0.0,0.00834741960391494,0.0,0.0
D796N,S,796,D,N,5,0,0,0,5,0,0,0.0,0.0,0.0,0.010434274504893674,0.0,0.0
D80H,S,80,D,H,5,4,0,0,1,0,0,0.4454342984409799,0.0,0.0,0.002086854900978735,0.0,0.0
I1114L,S,1114,I,L,5,0,0,0,5,0,0,0.0,0.0,0.0,0.010434274504893674,0.0,0.0
I1130M,S,1130,I,M,5,0,0,0,5,0,0,0.0,0.0,0.0,0.010434274504893674,0.0,0.0
T618I,S,618,T,I,5,0,0,0,5,0,0,0.0,0.0,0.0,0.010434274504893674,0.0,0.0
G566S,S,566,G,S,5,0,0,0,2,3,0,0.0,0.0,0.0,0.00417370980195747,0.023651844843897825,0.0
A522P,S,522,A,P,5,0,0,0,5,0,0,0.0,0.0,0.0,0.010434274504893674,0.0,0.0
T1273I,S,1273,T,I,5,0,0,1,4,0,0,0.0,0.0,0.01959247648902821,0.00834741960391494,0.0,0.0
E619K,S,619,E,K,5,0,0,0,1,4,0,0.0,0.0,0.0,0.002086854900978735,0.031535793125197095,0.0
K1266R,S,1266,K,R,5,0,0,0,5,0,0,0.0,0.0,0.0,0.010434274504893674,0.0,0.0
D1260E,S,1260,D,E,5,0,0,0,5,0,0,0.0,0.0,0.0,0.010434274504893674,0.0,0.0
A623V,S,623,A,V,5,0,0,0,5,0,0,0.0,0.0,0.0,0.010434274504893674,0.0,0.0
V608I,S,608,V,I,5,0,0,0,5,0,0,0.0,0.0,0.0,0.010434274504893674,0.0,0.0
D287G,S,287,D,G,5,0,0,0,4,1,0,0.0,0.0,0.0,0.00834741960391494,0.007883948281299274,0.0
Q414K,S,414,Q,K,5,0,0,0,5,0,0,0.0,0.0,0.0,0.010434274504893674,0.0,0.0
N354D,S,354,N,D,5,0,0,3,2,0,0,0.0,0.0,0.05877742946708464,0.00417370980195747,0.0,0.0
N354K,S,354,N,K,5,0,0,1,4,0,0,0.0,0.0,0.01959247648902821,0.00834741960391494,0.0,0.0
T415A,S,415,T,A,5,0,0,0,5,0,0,0.0,0.0,0.0,0.010434274504893674,0.0,0.0
L452M,S,452,L,M,5,1,3,0,1,0,0,0.11135857461024498,0.14423076923076925,0.0,0.002086854900978735,0.0,0.0
N440K,S,440,N,K,5,1,1,0,3,0,0,0.11135857461024498,0.04807692307692308,0.0,0.006260564702936205,0.0,0.0
K417T,S,417,K,T,5,0,0,3,2,0,0,0.0,0.0,0.05877742946708464,0.00417370980195747,0.0,0.0
V36I,S,36,V,I,5,0,0,0,5,0,0,0.0,0.0,0.0,0.010434274504893674,0.0,0.0
F175S,S,175,F,S,5,0,0,0,5,0,0,0.0,0.0,0.0,0.010434274504893674,0.0,0.0
S155N,S,155,S,N,5,0,0,0,5,0,0,0.0,0.0,0.0,0.010434274504893674,0.0,0.0
Q493L,S,493,Q,L,5,0,0,0,5,0,0,0.0,0.0,0.0,0.010434274504893674,0.0,0.0
V327I,S,327,V,I,5,0,0,0,5,0,0,0.0,0.0,0.0,0.010434274504893674,0.0,0.0
Q321L,S,321,Q,L,5,0,0,0,5,0,0,0.0,0.0,0.0,0.010434274504893674,0.0,0.0
G339S,S,339,G,S,5,0,0,0,4,1,0,0.0,0.0,0.0,0.00834741960391494,0.007883948281299274,0.0
A688S,S,688,A,S,5,0,0,2,3,0,0,0.0,0.0,0.03918495297805642,0.006260564702936205,0.0,0.0
G72E,S,72,G,E,5,0,0,0,5,0,0,0.0,0.0,0.0,0.010434274504893674,0.0,0.0
T724A,S,724,T,A,5,0,0,0,5,0,0,0.0,0.0,0.0,0.010434274504893674,0.0,0.0
M1233L,S,1233,M,L,5,0,0,0,5,0,0,0.0,0.0,0.0,0.010434274504893674,0.0,0.0
G72V,S,72,G,V,5,0,0,0,5,0,0,0.0,0.0,0.0,0.010434274504893674,0.0,0.0
C1243S,S,1243,C,S,5,0,0,0,5,0,0,0.0,0.0,0.0,0.010434274504893674,0.0,0.0
P25T,S,25,P,T,5,0,0,0,5,0,0,0.0,0.0,0.0,0.010434274504893674,0.0,0.0
T259I,S,259,T,I,5,0,0,0,5,0,0,0.0,0.0,0.0,0.010434274504893674,0.0,0.0
S1239G,S,1239,S,G,5,0,0,0,5,0,0,0.0,0.0,0.0,0.010434274504893674,0.0,0.0
K1086E,S,1086,K,E,5,0,0,0,5,0,0,0.0,0.0,0.0,0.010434274504893674,0.0,0.0
W64R,S,64,W,R,5,0,0,0,4,1,0,0.0,0.0,0.0,0.00834741960391494,0.007883948281299274,0.0
T1076I,S,1076,T,I,5,0,0,0,4,1,0,0.0,0.0,0.0,0.00834741960391494,0.007883948281299274,0.0
N751K,S,751,N,K,5,0,0,0,5,0,0,0.0,0.0,0.0,0.010434274504893674,0.0,0.0
C1254F,S,1254,C,F,5,0,0,0,4,1,0,0.0,0.0,0.0,0.00834741960391494,0.007883948281299274,0.0
K1245N,S,1245,K,N,5,0,0,1,4,0,0,0.0,0.0,0.01959247648902821,0.00834741960391494,0.0,0.0
T732I,S,732,T,I,5,1,0,0,4,0,0,0.11135857461024498,0.0,0.0,0.00834741960391494,0.0,0.0
L1244P,S,1244,L,P,5,0,0,0,0,5,0,0.0,0.0,0.0,0.0,0.03941974140649637,0.0
T124I,S,124,T,I,5,0,0,2,1,2,0,0.0,0.0,0.03918495297805642,0.002086854900978735,0.015767896562598548,0.0
N74K,S,74,N,K,5,0,3,0,1,0,1,0.0,0.14423076923076925,0.0,0.002086854900978735,0.0,0.273224043715847
R190K,S,190,R,K,4,0,0,0,4,0,0,0.0,0.0,0.0,0.00834741960391494,0.0,0.0
A942V,S,942,A,V,4,1,1,1,1,0,0,0.11135857461024498,0.04807692307692308,0.01959247648902821,0.002086854900978735,0.0,0.0
A783S,S,783,A,S,4,0,1,1,2,0,0,0.0,0.04807692307692308,0.01959247648902821,0.00417370980195747,0.0,0.0
L1224F,S,1224,L,F,4,0,0,0,4,0,0,0.0,0.0,0.0,0.00834741960391494,0.0,0.0
G75A,S,75,G,A,4,0,0,0,4,0,0,0.0,0.0,0.0,0.00834741960391494,0.0,0.0
A958S,S,958,A,S,4,0,0,0,4,0,0,0.0,0.0,0.0,0.00834741960391494,0.0,0.0
R765C,S,765,R,C,4,0,0,0,2,1,1,0.0,0.0,0.0,0.00417370980195747,0.007883948281299274,0.273224043715847
L179I,S,179,L,I,4,0,0,0,4,0,0,0.0,0.0,0.0,0.00834741960391494,0.0,0.0
N703D,S,703,N,D,4,0,0,0,4,0,0,0.0,0.0,0.0,0.00834741960391494,0.0,0.0
E780D,S,780,E,D,4,0,2,0,2,0,0,0.0,0.09615384615384616,0.0,0.00417370980195747,0.0,0.0
E780A,S,780,E,A,4,0,0,0,4,0,0,0.0,0.0,0.0,0.00834741960391494,0.0,0.0
E1144A,S,1144,E,A,4,0,0,0,4,0,0,0.0,0.0,0.0,0.00834741960391494,0.0,0.0
N450K,S,450,N,K,4,0,1,0,3,0,0,0.0,0.04807692307692308,0.0,0.006260564702936205,0.0,0.0
T430I,S,430,T,I,4,0,0,0,4,0,0,0.0,0.0,0.0,0.00834741960391494,0.0,0.0
G1099S,S,1099,G,S,4,0,0,0,4,0,0,0.0,0.0,0.0,0.00834741960391494,0.0,0.0
E96Q,S,96,E,Q,4,0,0,0,4,0,0,0.0,0.0,0.0,0.00834741960391494,0.0,0.0
K97N,S,97,K,N,4,0,0,1,2,1,0,0.0,0.0,0.01959247648902821,0.00417370980195747,0.007883948281299274,0.0
Q779E,S,779,Q,E,4,0,0,0,4,0,0,0.0,0.0,0.0,0.00834741960391494,0.0,0.0
P1143L,S,1143,P,L,4,1,0,0,3,0,0,0.11135857461024498,0.0,0.0,0.006260564702936205,0.0,0.0
Q957R,S,957,Q,R,4,0,0,0,3,1,0,0.0,0.0,0.0,0.006260564702936205,0.007883948281299274,0.0
K1149R,S,1149,K,R,4,0,0,0,4,0,0,0.0,0.0,0.0,0.00834741960391494,0.0,0.0
L452Q,S,452,L,Q,4,0,0,0,4,0,0,0.0,0.0,0.0,0.00834741960391494,0.0,0.0
I1232L,S,1232,I,L,4,1,0,0,3,0,0,0.11135857461024498,0.0,0.0,0.006260564702936205,0.0,0.0
T19R,S,19,T,R,4,0,0,0,4,0,0,0.0,0.0,0.0,0.00834741960391494,0.0,0.0
A706S,S,706,A,S,4,0,2,0,2,0,0,0.0,0.09615384615384616,0.0,0.00417370980195747,0.0,0.0
S943I,S,943,S,I,4,0,0,0,4,0,0,0.0,0.0,0.0,0.00834741960391494,0.0,0.0
L1224V,S,1224,L,V,4,0,0,0,4,0,0,0.0,0.0,0.0,0.00834741960391494,0.0,0.0
T250N,S,250,T,N,4,0,0,2,2,0,0,0.0,0.0,0.03918495297805642,0.00417370980195747,0.0,0.0
T76S,S,76,T,S,4,0,0,0,4,0,0,0.0,0.0,0.0,0.00834741960391494,0.0,0.0
S46A,S,46,S,A,4,0,0,0,4,0,0,0.0,0.0,0.0,0.00834741960391494,0.0,0.0
I410V,S,410,I,V,4,0,0,0,0,4,0,0.0,0.0,0.0,0.0,0.031535793125197095,0.0
E1258D,S,1258,E,D,4,0,0,0,4,0,0,0.0,0.0,0.0,0.00834741960391494,0.0,0.0
E702Q,S,702,E,Q,4,0,0,0,4,0,0,0.0,0.0,0.0,0.00834741960391494,0.0,0.0
I670M,S,670,I,M,4,0,0,0,4,0,0,0.0,0.0,0.0,0.00834741960391494,0.0,0.0
P812Q,S,812,P,Q,4,0,0,0,0,4,0,0.0,0.0,0.0,0.0,0.031535793125197095,0.0
P1112S,S,1112,P,S,4,0,0,0,3,1,0,0.0,0.0,0.0,0.006260564702936205,0.007883948281299274,0.0
K811T,S,811,K,T,4,0,0,0,4,0,0,0.0,0.0,0.0,0.00834741960391494,0.0,0.0
V595I,S,595,V,I,4,0,0,0,4,0,0,0.0,0.0,0.0,0.00834741960391494,0.0,0.0
F186L,S,186,F,L,4,0,1,0,3,0,0,0.0,0.04807692307692308,0.0,0.006260564702936205,0.0,0.0
S659L,S,659,S,L,4,0,0,0,4,0,0,0.0,0.0,0.0,0.00834741960391494,0.0,0.0
K1245R,S,1245,K,R,4,0,0,0,4,0,0,0.0,0.0,0.0,0.00834741960391494,0.0,0.0
T1120S,S,1120,T,S,4,0,0,0,4,0,0,0.0,0.0,0.0,0.00834741960391494,0.0,0.0
A243V,S,243,A,V,4,0,0,0,4,0,0,0.0,0.0,0.0,0.00834741960391494,0.0,0.0
A570S,S,570,A,S,4,1,0,0,2,1,0,0.11135857461024498,0.0,0.0,0.00417370980195747,0.007883948281299274,0.0
Q675K,S,675,Q,K,4,0,0,0,3,1,0,0.0,0.0,0.0,0.006260564702936205,0.007883948281299274,0.0
I569V,S,569,I,V,4,0,0,0,4,0,0,0.0,0.0,0.0,0.00834741960391494,0.0,0.0
N1074D,S,1074,N,D,4,0,0,0,3,1,0,0.0,0.0,0.0,0.006260564702936205,0.007883948281299274,0.0
T883I,S,883,T,I,4,0,0,0,3,1,0,0.0,0.0,0.0,0.006260564702936205,0.007883948281299274,0.0
D808H,S,808,D,H,4,2,0,0,2,0,0,0.22271714922048996,0.0,0.0,0.00417370980195747,0.0,0.0
E132Q,S,132,E,Q,4,0,0,0,4,0,0,0.0,0.0,0.0,0.00834741960391494,0.0,0.0
V1129L,S,1129,V,L,4,0,0,0,4,0,0,0.0,0.0,0.0,0.00834741960391494,0.0,0.0
V826L,S,826,V,L,4,0,0,0,4,0,0,0.0,0.0,0.0,0.00834741960391494,0.0,0.0
Q836K,S,836,Q,K,4,0,0,0,4,0,0,0.0,0.0,0.0,0.00834741960391494,0.0,0.0
Q836E,S,836,Q,E,4,0,0,0,4,0,0,0.0,0.0,0.0,0.00834741960391494,0.0,0.0
I1114V,S,1114,I,V,4,0,0,0,4,0,0,0.0,0.0,0.0,0.00834741960391494,0.0,0.0
D627N,S,627,D,N,4,0,0,0,4,0,0,0.0,0.0,0.0,0.00834741960391494,0.0,0.0
Q23R,S,23,Q,R,4,0,2,0,2,0,0,0.0,0.09615384615384616,0.0,0.00417370980195747,0.0,0.0
R273S,S,273,R,S,4,0,0,0,4,0,0,0.0,0.0,0.0,0.00834741960391494,0.0,0.0
Q183H,S,183,Q,H,4,0,0,2,2,0,0,0.0,0.0,0.03918495297805642,0.00417370980195747,0.0,0.0
T827S,S,827,T,S,4,0,0,0,4,0,0,0.0,0.0,0.0,0.00834741960391494,0.0,0.0
V615F,S,615,V,F,4,0,0,0,4,0,0,0.0,0.0,0.0,0.00834741960391494,0.0,0.0
E1195Q,S,1195,E,Q,4,0,1,0,3,0,0,0.0,0.04807692307692308,0.0,0.006260564702936205,0.0,0.0
E281Q,S,281,E,Q,4,0,0,0,4,0,0,0.0,0.0,0.0,0.00834741960391494,0.0,0.0
A846F,S,846,A,F,4,4,0,0,0,0,0,0.4454342984409799,0.0,0.0,0.0,0.0,0.0
V1068I,S,1068,V,I,4,0,0,0,4,0,0,0.0,0.0,0.0,0.00834741960391494,0.0,0.0
A846S,S,846,A,S,4,0,0,1,3,0,0,0.0,0.0,0.01959247648902821,0.006260564702936205,0.0,0.0
K814T,S,814,K,T,4,0,0,2,2,0,0,0.0,0.0,0.03918495297805642,0.00417370980195747,0.0,0.0
I105L,S,105,I,L,4,0,0,0,4,0,0,0.0,0.0,0.0,0.00834741960391494,0.0,0.0
G184S,S,184,G,S,4,0,0,0,4,0,0,0.0,0.0,0.0,0.00834741960391494,0.0,0.0
V615I,S,615,V,I,4,0,0,0,4,0,0,0.0,0.0,0.0,0.00834741960391494,0.0,0.0
M1237T,S,1237,M,T,4,0,0,0,4,0,0,0.0,0.0,0.0,0.00834741960391494,0.0,0.0
S155T,S,155,S,T,4,0,0,0,4,0,0,0.0,0.0,0.0,0.00834741960391494,0.0,0.0
E154A,S,154,E,A,4,0,0,0,4,0,0,0.0,0.0,0.0,0.00834741960391494,0.0,0.0
S494L,S,494,S,L,4,0,0,1,2,1,0,0.0,0.0,0.01959247648902821,0.00417370980195747,0.007883948281299274,0.0
F490L,S,490,F,L,4,0,0,0,2,2,0,0.0,0.0,0.0,0.00417370980195747,0.015767896562598548,0.0
R78G,S,78,R,G,4,0,0,0,4,0,0,0.0,0.0,0.0,0.00834741960391494,0.0,0.0
H69R,S,69,H,R,4,0,0,0,4,0,0,0.0,0.0,0.0,0.00834741960391494,0.0,0.0
K786R,S,786,K,R,4,0,0,0,4,0,0,0.0,0.0,0.0,0.00834741960391494,0.0,0.0
E154Q,S,154,E,Q,4,0,0,0,4,0,0,0.0,0.0,0.0,0.00834741960391494,0.0,0.0
T1136I,S,1136,T,I,4,0,0,0,4,0,0,0.0,0.0,0.0,0.00834741960391494,0.0,0.0
E180K,S,180,E,K,4,0,0,0,1,3,0,0.0,0.0,0.0,0.002086854900978735,0.023651844843897825,0.0
G1223S,S,1223,G,S,4,0,0,1,3,0,0,0.0,0.0,0.01959247648902821,0.006260564702936205,0.0,0.0
H1083Y,S,1083,H,Y,4,0,0,0,4,0,0,0.0,0.0,0.0,0.00834741960391494,0.0,0.0
G339D,S,339,G,D,4,0,0,0,4,0,0,0.0,0.0,0.0,0.00834741960391494,0.0,0.0
A701S,S,701,A,S,4,0,1,1,2,0,0,0.0,0.04807692307692308,0.01959247648902821,0.00417370980195747,0.0,0.0
G219S,S,219,G,S,4,0,0,0,4,0,0,0.0,0.0,0.0,0.00834741960391494,0.0,0.0
E1111A,S,1111,E,A,4,0,0,0,4,0,0,0.0,0.0,0.0,0.00834741960391494,0.0,0.0
H245R,S,245,H,R,4,0,2,0,2,0,0,0.0,0.09615384615384616,0.0,0.00417370980195747,0.0,0.0
I805V,S,805,I,V,4,0,0,0,4,0,0,0.0,0.0,0.0,0.00834741960391494,0.0,0.0
P561T,S,561,P,T,4,0,0,0,4,0,0,0.0,0.0,0.0,0.00834741960391494,0.0,0.0
P561S,S,561,P,S,4,0,0,0,4,0,0,0.0,0.0,0.0,0.00834741960391494,0.0,0.0
I805M,S,805,I,M,4,2,0,0,2,0,0,0.22271714922048996,0.0,0.0,0.00417370980195747,0.0,0.0
R682Q,S,682,R,Q,4,1,2,0,1,0,0,0.11135857461024498,0.09615384615384616,0.0,0.002086854900978735,0.0,0.0
L552F,S,552,L,F,4,0,0,0,3,1,0,0.0,0.0,0.0,0.006260564702936205,0.007883948281299274,0.0
D88E,S,88,D,E,4,0,0,0,4,0,0,0.0,0.0,0.0,0.00834741960391494,0.0,0.0
V308I,S,308,V,I,4,0,0,0,4,0,0,0.0,0.0,0.0,0.00834741960391494,0.0,0.0
F79L,S,79,F,L,4,0,0,0,4,0,0,0.0,0.0,0.0,0.00834741960391494,0.0,0.0
N148S,S,148,N,S,4,0,0,0,4,0,0,0.0,0.0,0.0,0.00834741960391494,0.0,0.0
N30S,S,30,N,S,4,0,0,0,4,0,0,0.0,0.0,0.0,0.00834741960391494,0.0,0.0
R682W,S,682,R,W,4,0,1,1,2,0,0,0.0,0.04807692307692308,0.01959247648902821,0.00417370980195747,0.0,0.0
A893V,S,893,A,V,4,0,0,0,4,0,0,0.0,0.0,0.0,0.00834741960391494,0.0,0.0
A899V,S,899,A,V,4,0,0,0,4,0,0,0.0,0.0,0.0,0.00834741960391494,0.0,0.0
N532S,S,532,N,S,4,0,0,0,4,0,0,0.0,0.0,0.0,0.00834741960391494,0.0,0.0
H146R,S,146,H,R,4,0,1,0,3,0,0,0.0,0.04807692307692308,0.0,0.006260564702936205,0.0,0.0
R765H,S,765,R,H,4,0,0,0,3,1,0,0.0,0.0,0.0,0.006260564702936205,0.007883948281299274,0.0
P9T,S,9,P,T,4,0,0,0,4,0,0,0.0,0.0,0.0,0.00834741960391494,0.0,0.0
N556K,S,556,N,K,3,0,0,1,2,0,0,0.0,0.0,0.01959247648902821,0.00417370980195747,0.0,0.0
P1079T,S,1079,P,T,3,0,0,0,3,0,0,0.0,0.0,0.0,0.006260564702936205,0.0,0.0
