region,group,slope,r,pval,counts,max_percent
Africa,A1078S,-0.000997150997150997,-0.6084726888753267,0.0209418946576332,3,0.019230769230769232
Africa,A222V,-0.009991319302825135,-0.5622314012736294,0.004242206884290149,17,0.5
Africa,A570D,-0.053724256275368185,-0.7178850399213487,0.0017384727757570034,97,1.0
Africa,A688V,-0.0002747252747252748,-0.44721359549995776,0.10886430106296399,1,0.009615384615384616
Africa,A701V,-0.003247768491670931,-0.48614481315159813,0.10904523604012184,5,0.08333333333333333
Africa,D1118H,-0.042899092876675364,-0.6762558351643222,0.004024312589164069,97,1.0
Africa,D138H,-0.0015466015466015465,-0.5849616182167254,0.02799671187681519,5,0.038461538461538464
Africa,D138Y,-0.0002747252747252748,-0.44721359549995776,0.10886430106296399,1,0.009615384615384616
Africa,D614G,-0.02891053620302243,-0.5354643046228161,0.0019080826592756985,370,1.0
Africa,D936Y,-0.001309259845845212,-0.37256000600985967,0.09626335765957537,2,0.1
Africa,E484K,-0.005322026663490078,-0.41039952185490153,0.14496629991647156,19,0.19444444444444445
Africa,E583D,-0.0012987012987012987,-0.369274472937998,0.0994683572687258,1,0.1
Africa,G1167V,-0.0006105006105006106,-0.4629100498862758,0.11117295276905698,1,0.018518518518518517
Africa,G769V,-0.0020392209416599657,-0.37722361616608563,0.1836461625267649,7,0.08333333333333333
Africa,H49Y,-0.0007224257224257223,-0.5598192345577182,0.03736006545910576,2,0.018518518518518517
Africa,HV69-,-0.03372141800226448,-0.6354227770841975,0.0061231688536109805,38,1.0
Africa,K1191N,-0.006535947712418301,-0.40824829046386285,0.10377091535383612,1,0.3333333333333333
Africa,L176F,-0.0007224257224257223,-0.5598192345577182,0.03736006545910576,2,0.018518518518518517
Africa,L18F,-0.001506149676881384,-0.4979375711960361,0.06998902927782853,7,0.04065040650406504
Africa,L452R,-0.004603323505762529,-0.7593760178128289,0.001630822988042139,15,0.0673076923076923
Africa,L54F,-0.0002747252747252748,-0.44721359549995776,0.10886430106296399,1,0.009615384615384616
Africa,L5F,-0.0030628968062690223,-0.4905446568351189,0.020454233579513308,5,0.16666666666666666
Africa,M1229I,-0.0012597158938622355,-0.5095701377940212,0.06270125746884551,5,0.038461538461538464
Africa,M1237I,-0.0013573598939452599,-0.37580665964816057,0.09317144793163361,4,0.1
Africa,N439K,-0.006771618903971845,-0.42379240383345024,0.09003223286326653,3,0.3333333333333333
Africa,N501T,-0.0030770719795110034,-0.7382056317732028,0.00257224812586879,10,0.05555555555555555
Africa,N501Y,-0.05414459404775044,-0.7131419858117485,0.0019264664135024074,100,1.0
Africa,N679K,-0.0006105006105006106,-0.4629100498862758,0.11117295276905698,1,0.018518518518518517
Africa,P26S,-0.00031269543464665416,-0.4803844614152614,0.11393741215192038,1,0.008130081300813009
Africa,P681H,-0.05389164030214963,-0.7188367424212257,0.0017026132484552615,99,1.0
Africa,P681R,-0.007603214310531382,-0.703892021093888,0.004959804287340395,27,0.12962962962962962
Africa,Q613H,-0.00031269543464665416,-0.4803844614152614,0.11393741215192038,1,0.008130081300813009
Africa,Q675H,-0.0020305557821464503,-0.3505161199722317,0.09310101378488121,6,0.2
Africa,Q677H,-0.015604873660072632,-0.4743525307927155,0.040172877248328596,81,0.6666666666666666
Africa,S12F,-0.007061705232436939,-0.6853689301337411,0.0068239697325369175,24,0.125
Africa,S254F,-0.0006105006105006106,-0.4629100498862758,0.11117295276905698,1,0.018518518518518517
Africa,S477N,-0.014156628101484941,-0.6488822993487688,0.0010869106217009262,17,0.5
Africa,S494P,-0.0012626262626262627,-0.5,0.11730680301423815,1,0.027777777777777776
Africa,S982A,-0.04274354989025003,-0.6737274790596129,0.004217311720139044,96,1.0
Africa,T20I,-0.00031269543464665416,-0.4803844614152614,0.11393741215192038,1,0.008130081300813009
Africa,T572I,-0.0019808752576515034,-0.36240736625410985,0.09741432430929023,2,0.16666666666666666
Africa,T716I,-0.04253930152423696,-0.6767369805154195,0.003988401980462816,95,1.0
Africa,T859I,-0.0006253908692933083,-0.4803844614152614,0.11393741215192038,2,0.016260162601626018
Africa,T95I,-0.0010440553123479952,-0.6660461523863525,0.009306810651411236,4,0.018518518518518517
Africa,V1228L,-0.0014995167434191826,-0.6064118856002784,0.036578674820054974,3,0.027777777777777776
Africa,V1264L,-0.010817250547674163,-0.39917632460590063,0.09044303127236239,10,0.6666666666666666
Africa,W152L,-0.0020392209416599657,-0.37722361616608563,0.1836461625267649,7,0.08333333333333333
Africa,Y144-,-0.03505982599418754,-0.6166322869226267,0.010955615107856077,34,1.0
Asia,A222V,-0.000652651341822885,-0.0927517597206881,0.6259119954922426,3,0.3333333333333333
Asia,A520S,-0.005494505494505494,-0.4803844614152616,0.11393741215192023,2,0.14285714285714285
Asia,A570D,-0.036868593591282674,-0.414963486428718,0.14010862848786348,19,1.0
Asia,A701V,-0.0021929824561403503,-0.3973597071195131,0.10249476692360109,1,0.125
Asia,D1118H,-0.036868593591282674,-0.414963486428718,0.14010862848786348,19,1.0
Asia,D614G,-0.024532624633431085,-0.49672152459925056,0.004476593094854682,224,1.0
Asia,E484K,-0.0025734989648033128,-0.17542648040719974,0.4122621190485637,7,0.5
Asia,E583D,-0.10714285714285714,-0.6123724356957944,0.14381080871160384,1,1.0
Asia,H49Y,-0.00021739130434782604,-0.3464101615137756,0.09726417772963651,1,0.021739130434782608
Asia,HV69-,-0.03350724905346754,-0.38308583546927333,0.17637484280014504,17,1.0
Asia,L452R,-0.10714285714285714,-0.6123724356957944,0.14381080871160384,1,1.0
Asia,L54F,-0.008241758241758242,-0.4629100498862756,0.11117295276905718,1,0.25
Asia,L5F,-0.0010891523935002197,-0.4282390256075421,0.029066064515661565,3,0.09090909090909091
Asia,N439K,-0.0033613445378151263,-0.44721359549995776,0.10886430106296399,2,0.11764705882352941
Asia,N501Y,-0.036868593591282674,-0.414963486428718,0.14010862848786348,19,1.0
Asia,P681H,-0.019012713444510932,-0.2746352722312507,0.2700671376066927,29,1.0
Asia,P681R,-0.015359477124183006,-0.4675748994751115,0.05841500509624806,3,0.6666666666666666
Asia,Q675H,-0.0010790523105794043,-0.3321494443604367,0.07834557030752783,2,0.14285714285714285
Asia,Q677H,-0.0005729331364094627,-0.05140876899454691,0.7873210051994997,11,0.375
Asia,S12F,-0.004488287250384025,-0.4651706752138702,0.00836851350293583,4,0.3333333333333333
Asia,S13I,-0.012499999999999999,-0.4330127018922192,0.10690753957629585,1,0.5
Asia,S477N,-0.00048582995951417,-0.339683110243379,0.09665680981276117,1,0.05263157894736842
Asia,S982A,-0.036868593591282674,-0.414963486428718,0.14010862848786348,19,1.0
Asia,T478K,-0.027272727272727275,-0.5222329678670935,0.12150291881711318,1,0.5
Asia,T716I,-0.036868593591282674,-0.414963486428718,0.14010862848786348,19,1.0
Asia,T95I,-0.004329004329004328,-0.369274472937998,0.0994683572687258,1,0.3333333333333333
Asia,V1176F,-0.0033613445378151263,-0.44721359549995776,0.10886430106296399,2,0.11764705882352941
Asia,V1264L,-0.00021739130434782604,-0.3464101615137756,0.09726417772963651,1,0.021739130434782608
Asia,W152L,-0.002747252747252747,-0.4803844614152616,0.11393741215192023,1,0.07142857142857142
Asia,Y144-,-0.036868593591282674,-0.414963486428718,0.14010862848786348,19,1.0
Europe,A1070V,-0.002136752136752137,-0.5773502691896258,0.13397459621556113,1,0.02564102564102564
Europe,A222V,-0.004443120723362659,-0.16945515276832934,0.362121710668446,19,1.0
Europe,A570D,-0.004378762999452654,-0.09811647131017065,0.6193906029074348,31,1.0
Europe,A688V,-0.0013227513227513227,-0.32732683535398843,0.09558743550820094,1,0.16666666666666666
Europe,A701V,-0.015190365190365193,-0.58276932376949,0.07705318239078286,3,0.25
Europe,D1118H,-0.004378762999452654,-0.09811647131017065,0.6193906029074348,31,1.0
Europe,D138Y,-0.04090909090909091,-0.5222329678670935,0.12150291881711318,3,0.75
Europe,D614G,-0.01779233870967742,-0.3268593247156194,0.07269327752747246,127,1.0
Europe,D936Y,-0.0013227513227513227,-0.32732683535398843,0.09558743550820094,1,0.16666666666666666
Europe,E484K,-0.05687645687645687,-0.5476195481974878,0.10129882365456476,7,1.0
Europe,HV69-,-0.0037858055099434405,-0.08075468795035767,0.6829067894692689,41,1.0
Europe,K1073N,-0.0019332519332519327,-0.4346335603280938,0.023481904540296705,2,0.16666666666666666
Europe,L189F,-0.012820512820512822,-0.577350269189626,0.13397459621556104,6,0.15384615384615385
Europe,L18F,-0.001745405591559437,-0.0689412137323615,0.7325879332846408,13,1.0
Europe,L5F,-0.0008391608391608393,-0.33968311024337855,0.0966568098127616,2,0.09090909090909091
Europe,N439K,-0.0006887699195391501,-0.046782356414733654,0.8167615316264276,14,0.5
Europe,N501Y,-0.0017332603539500088,-0.03586201689729094,0.8562340151635215,37,1.0
Europe,P26L,-0.004273504273504274,-0.5773502691896258,0.13397459621556113,2,0.05128205128205128
Europe,P26S,-0.04090909090909091,-0.5222329678670935,0.12150291881711318,3,0.75
Europe,P681H,-0.004378762999452654,-0.09811647131017065,0.6193906029074348,31,1.0
Europe,Q677H,-0.002136752136752137,-0.5773502691896258,0.13397459621556113,1,0.02564102564102564
Europe,S477N,-0.004398735167965937,-0.17705191139930357,0.37698503702449515,7,1.0
Europe,S982A,-0.004378762999452654,-0.09811647131017065,0.6193906029074348,31,1.0
Europe,S98F,-0.0055147058823529415,-0.420084025208403,0.10522805798352192,1,0.25
Europe,T1117I,-0.002136752136752137,-0.5773502691896258,0.13397459621556113,1,0.02564102564102564
Europe,T716I,-0.004378762999452654,-0.09811647131017065,0.6193906029074348,31,1.0
Europe,V1176F,-0.04090909090909091,-0.5222329678670935,0.12150291881711318,3,0.75
Europe,Y144-,-0.005062944718117132,-0.12355872692658142,0.5310458642158357,30,1.0
North America,A1070V,1.6890062901757244e-05,0.0922155547653532,0.634239677779068,52,0.004545454545454545
North America,A1078S,-4.705394051342361e-05,-0.20423810783491944,0.27899190772324856,53,0.007619047619047619
North America,A222V,3.0143290814929825e-05,0.07909651693552575,0.6777957687412328,145,0.010570824524312896
North America,A263S,-0.0003283427178873789,-0.24984051267569035,0.21835150593796193,63,0.0513595166163142
North America,A475S,-0.0011341379470279204,-0.6023761139050983,0.006345789358349673,58,0.03832752613240418
North America,A520S,-0.0002041809046445547,-0.17438286385632837,0.35671735867956744,219,0.048109965635738834
North America,A522S,-0.0005129938004882673,-0.37052074705960686,0.043844304925857225,63,0.06576402321083172
North America,A570D,-0.002021130294924025,-0.20285699185373052,0.4683938820254848,846,0.16666666666666666
North America,A688V,-4.235413091606427e-05,-0.15958981473783437,0.3995721723420842,73,0.008710801393728223
North America,A701V,-4.40576562911736e-05,-0.19120800403937666,0.31145856354467333,52,0.00684931506849315
North America,A845S,3.761092122095784e-05,0.15385194334273855,0.4169496119651359,86,0.00562429696287964
North America,A879S,-0.00010231832448749446,-0.33035642770848433,0.09929096299988037,52,0.0087527352297593
North America,C1236S,-0.00011405419698172464,-0.23989320971826114,0.25886462440522057,58,0.012867647058823529
North America,D1118H,-0.00200720727004183,-0.20143436093990053,0.4715854488457708,845,0.16666666666666666
North America,D138H,-0.0007664491291046227,-0.31226842243433084,0.09911005831747927,136,0.09043927648578812
North America,D138Y,2.9320283452140057e-06,0.005568073250410459,0.9767035971977533,204,0.014423076923076924
North America,D178N,4.8794658738643034e-05,0.19133570119527885,0.3491019183122631,61,0.007022023619533993
North America,D215Y,-0.00016615345473741238,-0.43115214195805684,0.01545327244925022,64,0.013937282229965157
North America,D614G,-0.020705079725989676,-0.47577557408037235,0.006825065619996543,25634,1.0
North America,D936N,-4.619272536692176e-05,-0.13960250971035634,0.5571981518809781,60,0.0066760365425158116
North America,D936Y,-0.0002682095256014052,-0.6663831224300278,0.00014769294685642865,63,0.01312910284463895
North America,E1202Q,-3.8065694040246324e-05,-0.10581457511140283,0.5993815175068429,109,0.00986378581493659
North America,E180V,-9.61819391779264e-05,-0.2843424584944334,0.224360143465576,65,0.0059732958538299364
North America,E484K,0.00036450386400237167,0.30126333848559067,0.10570301575980058,232,0.05555555555555555
North America,E583D,-0.00018311452293461272,-0.27760927905189403,0.13746652608148335,65,0.030942334739803096
North America,E780Q,-0.0020631524868892225,-0.40139840302106705,0.025213326314130813,366,0.2495164410058027
North America,F486L,-0.0011572052401746726,-0.34641016151377535,0.09726417772963673,53,0.11572052401746726
North America,G1167V,-8.09252058767789e-05,-0.2421994760830956,0.19721987143522227,54,0.014064697609001406
North America,G142D,-0.002205240174672489,-0.3464101615137753,0.09726417772963673,101,0.2205240174672489
North America,G142S,3.470553822993839e-05,0.14543901291356673,0.4783821823304585,68,0.006324666198172874
North America,G252V,-8.717514844808707e-05,-0.23963611110022898,0.2383617944276119,82,0.011029411764705883
North America,G72R,-9.974918096014709e-06,-0.025529223263715956,0.9102121463076374,91,0.007515265382808831
North America,G769V,0.0002501789588382212,0.2193997755480356,0.24405920845326795,111,0.05555555555555555
North America,H49Y,-0.00025086240341800465,-0.599926685508901,0.0003607055824687945,131,0.012455516014234875
North America,HV69-,0.0016655250950179752,0.2843555575386127,0.1425016716563684,1432,0.19444444444444445
North America,K1073N,-3.7095563220867503e-05,-0.19180431493981698,0.32818401233799066,54,0.00437636761487965
North America,K1191N,7.728162186981369e-06,0.006442344692302806,0.9756182011111023,333,0.033833386530481964
North America,L176F,5.528869886469153e-05,0.24538416089400542,0.19121132771699748,78,0.005751258087706686
North America,L189F,-0.0005930237100542911,-0.483911677816918,0.04904574215505623,45,0.025735294117647058
North America,L18F,3.2770901501308623e-06,0.005168898029987054,0.97837331489812,229,0.01916376306620209
North America,L452R,0.0022949856616174247,0.2563077167122768,0.2161928556285058,2411,0.21987315010570824
North America,L54F,-0.0004562137223148787,-0.36701007441890865,0.04604119729528046,196,0.044673539518900345
North America,L5F,-0.0007856502426722284,-0.46333568728668795,0.008663508325268809,715,0.05523809523809524
North America,M1229I,-9.292913263852101e-05,-0.3409916709307774,0.09529690706789495,54,0.006872852233676976
North America,M1237I,-7.684004842353665e-05,-0.2481235669226246,0.22163662976594084,63,0.0087527352297593
North America,M153I,-0.00010765222237834727,-0.2578968307585053,0.16883907625970976,83,0.014705882352941176
North America,M177I,-0.0004018327397815781,-0.3644173274441189,0.07329861549218601,56,0.041237113402061855
North America,N439K,-0.0005918800851485361,-0.5160885339750421,0.040709825663394046,38,0.022058823529411766
North America,N501T,-0.000723249911441042,-0.16249900987552238,0.39092139576982154,393,0.2183406113537118
North America,N501Y,-0.0021379347011743557,-0.21308970150381132,0.44575108113140816,903,0.16666666666666666
North America,N679K,6.241836798033208e-05,0.13917286078449723,0.4977365006701694,102,0.013742071881606765
North America,P251S,-6.332131524920748e-05,-0.12758336460604033,0.5345326309724963,75,0.016826923076923076
North America,P26L,-8.81382258287564e-05,-0.27349452746770825,0.1436348136512351,74,0.0136986301369863
North America,P26S,7.911000974419848e-06,0.006353204505957049,0.9759554664809984,344,0.027777777777777776
North America,P681H,0.003035422717311062,0.3375695362291208,0.06809888041620907,2300,0.3888888888888889
North America,P681R,0.00017277008460708746,0.07852172946451755,0.7493278807861683,75,0.05555555555555555
North America,P809S,-7.002255384091901e-05,-0.3493104541757649,0.058484710708101684,50,0.00684931506849315
North America,P812L,-0.0001371597311516104,-0.28157108980940054,0.15478508688631692,150,0.012195121951219513
North America,Q173K,-0.00018945368320332696,-0.36382260734173844,0.04811088401886346,159,0.01718213058419244
North America,Q613H,-0.00013782087450363404,-0.30502675212507924,0.13816728909608206,49,0.0156794425087108
North America,Q675H,5.5371897036497785e-05,0.0915093798087097,0.630565386459958,199,0.020618556701030927
North America,Q677H,0.0003383173267331019,0.11925988966583725,0.5301979684119055,1302,0.07928118393234672
North America,Q677P,-1.2519559328683372e-05,-0.009686890447718234,0.9650105725643965,360,0.023954908407703146
North America,S12F,4.625158823918756e-06,0.013358941910159362,0.9441428768443269,84,0.014705882352941176
North America,S13I,0.0024401607909320493,0.2903993909396008,0.1501063538324838,2371,0.2156448202959831
North America,S254F,-6.834077556740172e-05,-0.2379808987894814,0.22266294443755202,71,0.009615384615384616
North America,S477N,-6.092500420754352e-06,-0.017999084709630547,0.9247886667288947,110,0.009523809523809525
North America,S477R,-0.00011712567032196287,-0.3102071557941535,0.16001778165018127,51,0.011029411764705883
North America,S494P,-9.947479393151088e-05,-0.1544658765537068,0.4150704234038288,138,0.028446389496717725
North America,S640F,-0.00033239923648528886,-0.4589868134624484,0.03165759360190221,83,0.01838235294117647
North America,S939F,-6.711160199203723e-05,-0.2715659181332604,0.14659397112447026,102,0.006342494714587738
North America,S982A,-0.0020190234805765464,-0.20267786931942203,0.4687951505799365,846,0.16666666666666666
North America,S98F,6.50868906632719e-06,0.030083387472891878,0.8768901765292269,71,0.004711425206124852
North America,T1117I,-6.698310550591801e-05,-0.2668039303530046,0.24235259040566684,55,0.0050323508267433505
North America,T20I,-0.0001169421041409065,-0.28946395529024405,0.1430596896055013,128,0.013745704467353952
North America,T29I,3.2913864512951116e-05,0.12751333828657443,0.501907332530394,92,0.007730147575544624
North America,T478K,0.0001895909524440915,0.06789997990247332,0.7889283346943553,356,0.04397330192383196
North America,T572I,-0.00019637779032759085,-0.4108037543480838,0.03328898072261376,122,0.012919896640826873
North America,T716I,0.0017051893060762077,0.3729977709964227,0.04234519328365386,887,0.19444444444444445
North America,T732A,0.0001229919998444275,0.06261902444198919,0.7423615569999018,681,0.057665260196905765
North America,T732S,-0.00020941995524934276,-0.36665613932319563,0.08527251421929159,147,0.012682010333489901
North America,T859I,6.5147244731870645e-06,0.014217892010445597,0.9427552068412365,113,0.016310461192350956
North America,T95I,-5.5845012443541706e-05,-0.11097320438749045,0.5593509698186097,87,0.02264808362369338
North America,V1176F,-0.0002381166578546666,-0.3420330567249921,0.05965267952767095,191,0.027190332326283987
North America,V1228L,6.923062683027635e-05,0.15233061246739255,0.42162663256047095,174,0.011251758087201125
North America,V1264L,2.5709821444241008e-05,0.11084064716634018,0.5598232170020759,77,0.005909090909090909
North America,V382L,-0.001015422898983456,-0.5863495345008569,0.001307908041731922,103,0.05458515283842795
North America,W152C,0.002156102714610918,0.2515702199147245,0.2250985862918226,2304,0.21141649048625794
North America,W152L,0.0001953353392161211,0.15326714500541752,0.43618295483418923,45,0.05555555555555555
North America,W258L,0.00023986192681525333,0.25037933470540935,0.2173273351772893,189,0.0306553911205074
North America,Y144-,0.00045908575855322417,0.07468015467655613,0.7287336082349908,946,0.16666666666666666
Oceania,A222V,-0.0001161101894324316,-0.3838787554464489,0.03623806711253297,4,0.013245033112582781
Oceania,A688V,-8.796323400269306e-05,-0.36951001772507047,0.04446803797851615,3,0.011111111111111112
Oceania,D614G,-0.03480784774781395,-0.7149246842646648,6.218065488336422e-06,780,1.0
Oceania,L5F,-0.00403259634363886,-0.2535240891701041,0.1764355349102965,7,0.6
Oceania,Q677H,-2.1222410865874358e-05,-0.3110855084191273,0.09426914703651305,1,0.003289473684210526
Oceania,S477N,-0.026915106375684165,-0.7064211596470048,8.954902614933585e-06,627,1.0
Oceania,S939F,-0.00011494252873563218,-0.3162277660168382,0.0946761010046624,3,0.016666666666666666
Oceania,V1228L,-2.1222410865874358e-05,-0.3110855084191273,0.09426914703651305,1,0.003289473684210526
Oceania,V1264L,-2.1222410865874358e-05,-0.3110855084191273,0.09426914703651305,1,0.003289473684210526
South America,D614G,-0.015270935960591136,-0.41953227051959446,0.023479130778859405,20,1.0
South America,L18F,-0.0004346566212691973,-0.32163376045133835,0.09511428531515403,1,0.058823529411764705
South America,V1176F,-0.015789473684210527,-0.38729833462074176,0.10136790799861325,1,1.0
South America,V1228L,-0.0004346566212691973,-0.32163376045133835,0.09511428531515403,1,0.058823529411764705
