region,collection_week,group,counts,location_counts,percent
Africa,2020-08-24,D614G,12,56,0.21428571428571427
Africa,2020-08-31,D614G,1,1,1.0
Africa,2020-09-14,D614G,1,1,1.0
Africa,2020-09-21,D614G,1,1,1.0
Africa,2020-09-28,D614G,2,2,1.0
Africa,2020-10-12,D614G,3,5,0.6
Africa,2020-10-12,"A222V,D614G",1,5,0.2
Africa,2020-10-12,"D614G,Q675H",1,5,0.2
Africa,2020-10-19,D614G,1,2,0.5
Africa,2020-10-26,D614G,2,6,0.3333333333333333
Africa,2020-10-26,"S477N,D614G",1,6,0.16666666666666666
Africa,2020-11-02,D614G,2,10,0.2
Africa,2020-11-02,"S477N,D614G",2,10,0.2
Africa,2020-11-02,"A222V,D614G",1,10,0.1
Africa,2020-11-09,D614G,1,3,0.3333333333333333
Africa,2020-11-09,"S477N,D614G",1,3,0.3333333333333333
Africa,2020-11-16,D614G,3,9,0.3333333333333333
Africa,2020-11-23,D614G,3,5,0.6
Africa,2020-11-23,"S477N,D614G",1,5,0.2
Africa,2020-11-30,D614G,1,3,0.3333333333333333
Africa,2020-12-07,"HV69-,Y144-,N501Y,A570D,D614G,P681H,T716I,S982A,D1118H",1,2,0.5
Africa,2020-12-14,"HV69-,Y144-,N501Y,A570D,D614G,P681H,T716I,S982A,D1118H",1,1,1.0
Africa,2020-12-21,D614G,19,104,0.18269230769230768
Africa,2020-12-21,"HV69-,Y144-,N501Y,A570D,D614G,P681H,T716I,S982A,D1118H",11,104,0.10576923076923077
Africa,2020-12-21,"D614G,Q677H",11,104,0.10576923076923077
Africa,2020-12-28,D614G,12,54,0.2222222222222222
Africa,2020-12-28,"N501Y,A570D,D614G,P681H,T716I,S982A,D1118H",5,54,0.09259259259259259
Africa,2020-12-28,"D614G,Q677H",5,54,0.09259259259259259
Africa,2020-12-28,"D614G,N679K",1,54,0.018518518518518517
Africa,2021-01-04,D614G,17,123,0.13821138211382114
Africa,2021-01-04,"L5F,D614G",2,123,0.016260162601626018
Africa,2021-01-04,"HV69-,Y144-,N501Y,A570D,D614G,P681H,T716I,S982A,D1118H",6,123,0.04878048780487805
Africa,2021-01-04,"N501Y,A570D,D614G,P681H,T716I,S982A,D1118H",39,123,0.3170731707317073
Africa,2021-01-04,"D614G,P681H",1,123,0.008130081300813009
Africa,2021-01-04,"S477N,D614G",1,123,0.008130081300813009
Africa,2021-01-04,"N501T,D614G",1,123,0.008130081300813009
Africa,2021-01-04,"A222V,D614G",6,123,0.04878048780487805
Africa,2021-01-04,"D614G,Q677H",4,123,0.032520325203252036
Africa,2021-01-04,"D614G,Q675H",2,123,0.016260162601626018
Africa,2021-01-04,"T20I,D614G",1,123,0.008130081300813009
Africa,2021-01-11,D614G,3,36,0.08333333333333333
Africa,2021-01-11,"HV69-,Y144-,N501Y,A570D,D614G,P681H,T716I,S982A,D1118H",6,36,0.16666666666666666
Africa,2021-01-11,"N501Y,A570D,D614G,P681H,T716I,S982A,D1118H",12,36,0.3333333333333333
Asia,2020-08-24,"S12F,D614G",1,4,0.25
Asia,2020-08-31,D614G,8,13,0.6153846153846154
Asia,2020-08-31,"D614G,Q677H",1,13,0.07692307692307693
Asia,2020-09-07,D614G,3,7,0.42857142857142855
Asia,2020-09-07,"S12F,D614G",2,7,0.2857142857142857
Asia,2020-09-07,"D614G,Q675H",1,7,0.14285714285714285
Asia,2020-09-14,D614G,7,7,1.0
Asia,2020-09-21,D614G,1,3,0.3333333333333333
Asia,2020-09-21,"S12F,D614G",1,3,0.3333333333333333
Asia,2020-09-28,Reference,1,11,0.09090909090909091
Asia,2020-09-28,D614G,6,11,0.5454545454545454
Asia,2020-10-05,D614G,15,19,0.7894736842105263
Asia,2020-10-05,"S477N,D614G",1,19,0.05263157894736842
Asia,2020-10-05,"D614G,P1263L",1,19,0.05263157894736842
Asia,2020-10-12,D614G,33,46,0.717391304347826
Asia,2020-10-12,"L5F,D614G",2,46,0.043478260869565216
Asia,2020-10-12,"H49Y,D614G",1,46,0.021739130434782608
Asia,2020-10-12,"D614G,V1264L",1,46,0.021739130434782608
Asia,2020-10-26,D614G,4,6,0.6666666666666666
Asia,2020-11-02,D614G,1,3,0.3333333333333333
Asia,2020-11-09,D614G,20,25,0.8
Asia,2020-11-16,D614G,15,21,0.7142857142857143
Asia,2020-11-16,"D614G,Q675H",1,21,0.047619047619047616
Asia,2020-11-23,D614G,1,8,0.125
Asia,2020-11-23,"D614G,Q677H",2,8,0.25
Asia,2020-11-30,"D614G,Q677H",1,5,0.2
Asia,2020-12-14,D614G,1,2,0.5
Asia,2020-12-21,"HV69-,Y144-,N501Y,A570D,D614G,P681H,T716I,S982A,D1118H",7,17,0.4117647058823529
Asia,2020-12-21,"D614G,P681H",6,17,0.35294117647058826
Asia,2020-12-28,"HV69-,Y144-,N501Y,A570D,D614G,P681H,T716I,S982A,D1118H",1,4,0.25
Asia,2020-12-28,"L54F,D614G",1,4,0.25
Asia,2021-01-04,D614G,5,14,0.35714285714285715
Asia,2021-01-04,"HV69-,Y144-,N501Y,A570D,D614G,P681H,T716I,S982A,D1118H",1,14,0.07142857142857142
Asia,2021-01-04,"D614G,Q677H",4,14,0.2857142857142857
Asia,2021-01-04,"A520S,D614G",2,14,0.14285714285714285
Asia,2021-01-18,"HV69-,Y144-,N501Y,A570D,D614G,P681H,T716I,S982A,D1118H",1,2,0.5
Asia,2021-01-25,"HV69-,Y144-,N501Y,A570D,D614G,P681H,T716I,S982A,D1118H",1,2,0.5
Asia,2021-02-01,"HV69-,Y144-,N501Y,A570D,D614G,P681H,T716I,S982A,D1118H",4,5,0.8
Europe,2020-08-24,D614G,3,24,0.125
Europe,2020-08-31,D614G,7,14,0.5
Europe,2020-08-31,"A222V,D614G",1,14,0.07142857142857142
Europe,2020-09-07,D614G,4,6,0.6666666666666666
Europe,2020-09-14,"HV69-,Y144-,N501Y,A570D,D614G,P681H,T716I,S982A,D1118H",1,1,1.0
Europe,2020-09-21,"HV69-,Y144-,N501Y,A570D,D614G,P681H,T716I,S982A,D1118H",1,6,0.16666666666666666
Europe,2020-09-21,"S477N,D614G",1,6,0.16666666666666666
Europe,2020-09-21,"A222V,D614G",1,6,0.16666666666666666
Europe,2020-09-28,"S477N,D614G",1,12,0.08333333333333333
Europe,2020-09-28,"A222V,D614G",2,12,0.16666666666666666
Europe,2020-10-05,D614G,6,22,0.2727272727272727
Europe,2020-10-26,D614G,1,1,1.0
Europe,2020-11-09,D614G,1,2,0.5
Europe,2020-11-23,"S477N,D614G",1,1,1.0
Europe,2020-12-07,D614G,1,4,0.25
Europe,2020-12-14,"HV69-,Y144-,N501Y,A570D,D614G,P681H,T716I,S982A,D1118H",1,1,1.0
Europe,2020-12-21,"HV69-,Y144-,N501Y,A570D,D614G,P681H,T716I,S982A,D1118H",2,4,0.5
Europe,2020-12-28,"HV69-,Y144-,N501Y,A570D,D614G,P681H,T716I,S982A,D1118H",1,1,1.0
Europe,2021-01-04,"HV69-,Y144-,N501Y,A570D,D614G,P681H,T716I,S982A,D1118H",1,2,0.5
Europe,2021-01-11,"A222V,D614G",1,1,1.0
Europe,2021-02-01,"HV69-,Y144-,N501Y,A570D,D614G,P681H,T716I,S982A,D1118H",23,39,0.5897435897435898
Europe,2021-02-01,"S477N,D614G",1,39,0.02564102564102564
North America,2020-08-24,D614G,15,316,0.04746835443037975
North America,2020-08-24,"L5F,D614G",2,316,0.006329113924050633
North America,2020-08-24,"D215Y,D614G",1,316,0.0031645569620253164
North America,2020-08-24,"D614G,E780Q",3,316,0.00949367088607595
North America,2020-08-24,"D614G,V1176F",1,316,0.0031645569620253164
North America,2020-08-24,"D614G,A1070S",1,316,0.0031645569620253164
North America,2020-08-31,Reference,1,584,0.0017123287671232876
North America,2020-08-31,D614G,321,584,0.5496575342465754
North America,2020-08-31,"T307I,D614G",4,584,0.00684931506849315
North America,2020-08-31,"D614G,V1228L",2,584,0.003424657534246575
North America,2020-08-31,"L5F,D614G",12,584,0.02054794520547945
North America,2020-08-31,"D614G,P681H",12,584,0.02054794520547945
North America,2020-08-31,"D614G,A845S",2,584,0.003424657534246575
North America,2020-08-31,"S12F,D614G",1,584,0.0017123287671232876
North America,2020-08-31,"S477N,D614G",2,584,0.003424657534246575
North America,2020-08-31,"L54F,D614G",12,584,0.02054794520547945
North America,2020-08-31,"L54F,A520S,D614G",1,584,0.0017123287671232876
North America,2020-08-31,"N501T,D614G",1,584,0.0017123287671232876
North America,2020-08-31,"D215Y,D614G",2,584,0.003424657534246575
North America,2020-08-31,"A222V,D614G",1,584,0.0017123287671232876
North America,2020-08-31,"D614G,S939F",1,584,0.0017123287671232876
North America,2020-08-31,"D614G,A688V",4,584,0.00684931506849315
North America,2020-08-31,"D614G,Q677H",1,584,0.0017123287671232876
North America,2020-08-31,"D614G,E780Q",9,584,0.015410958904109588
North America,2020-08-31,"A520S,D614G",1,584,0.0017123287671232876
North America,2020-08-31,"M153I,D614G",5,584,0.008561643835616438
North America,2020-08-31,"D614G,Q675H",2,584,0.003424657534246575
North America,2020-08-31,"E583D,D614G",1,584,0.0017123287671232876
North America,2020-08-31,"D614G,V1176F",2,584,0.003424657534246575
North America,2020-08-31,"D138Y,D614G",3,584,0.005136986301369863
North America,2020-08-31,"D111N,D614G",3,584,0.005136986301369863
North America,2020-08-31,"D614G,P681L",1,584,0.0017123287671232876
North America,2020-08-31,"D614G,T732A",4,584,0.00684931506849315
North America,2020-08-31,"Q173K,D614G",1,584,0.0017123287671232876
North America,2020-08-31,"D614G,A1070S",7,584,0.011986301369863013
North America,2020-09-07,D614G,283,517,0.5473887814313346
North America,2020-09-07,"T307I,D614G",3,517,0.005802707930367505
North America,2020-09-07,"L5F,D614G",10,517,0.019342359767891684
North America,2020-09-07,"D614G,P681H",1,517,0.0019342359767891683
North America,2020-09-07,"S12F,D614G",1,517,0.0019342359767891683
North America,2020-09-07,"D215Y,D614G",4,517,0.007736943907156673
North America,2020-09-07,"D614G,S939F",1,517,0.0019342359767891683
North America,2020-09-07,"D614G,Q677H",10,517,0.019342359767891684
North America,2020-09-07,"D614G,E780Q",99,517,0.19148936170212766
North America,2020-09-07,"H49Y,D614G",2,517,0.0038684719535783366
North America,2020-09-07,"A520S,D614G",3,517,0.005802707930367505
North America,2020-09-07,"E583D,D614G",1,517,0.0019342359767891683
North America,2020-09-07,"D111N,D614G",6,517,0.01160541586073501
North America,2020-09-07,"D138H,D614G",1,517,0.0019342359767891683
North America,2020-09-07,"D614G,T732A",1,517,0.0019342359767891683
North America,2020-09-07,"D614G,A1070S",3,517,0.005802707930367505
North America,2020-09-14,D614G,355,562,0.6316725978647687
North America,2020-09-14,"L5F,D614G",8,562,0.014234875444839857
North America,2020-09-14,"HV69-,D614G",1,562,0.0017793594306049821
North America,2020-09-14,"D614G,P681H",1,562,0.0017793594306049821
North America,2020-09-14,"D614G,A845S",1,562,0.0017793594306049821
North America,2020-09-14,"L54F,D614G",2,562,0.0035587188612099642
North America,2020-09-14,"N501T,D614G",1,562,0.0017793594306049821
North America,2020-09-14,"D215Y,D614G",1,562,0.0017793594306049821
North America,2020-09-14,"D614G,S939F",2,562,0.0035587188612099642
North America,2020-09-14,"D614G,Q677H",8,562,0.014234875444839857
North America,2020-09-14,"D614G,E780Q",48,562,0.08540925266903915
North America,2020-09-14,"H49Y,D614G",6,562,0.010676156583629894
North America,2020-09-14,"M153I,D614G",1,562,0.0017793594306049821
North America,2020-09-14,"D614G,V1176F",1,562,0.0017793594306049821
North America,2020-09-14,"D138Y,D614G",2,562,0.0035587188612099642
North America,2020-09-14,"D111N,D614G",8,562,0.014234875444839857
North America,2020-09-14,"D138H,D614G",4,562,0.0071174377224199285
North America,2020-09-14,"D614G,T732A",3,562,0.005338078291814947
North America,2020-09-14,"Q173K,D614G",4,562,0.0071174377224199285
North America,2020-09-14,"D614G,A1070S",15,562,0.026690391459074734
North America,2020-09-21,D614G,209,344,0.6075581395348837
North America,2020-09-21,"L5F,D614G",4,344,0.011627906976744186
North America,2020-09-21,"HV69-,D614G",3,344,0.00872093023255814
North America,2020-09-21,"D614G,P681H",4,344,0.011627906976744186
North America,2020-09-21,"L54F,D614G",1,344,0.0029069767441860465
North America,2020-09-21,"T572I,D614G",2,344,0.005813953488372093
North America,2020-09-21,"D215Y,D614G",1,344,0.0029069767441860465
North America,2020-09-21,"D614G,D936Y",3,344,0.00872093023255814
North America,2020-09-21,"D614G,S939F",1,344,0.0029069767441860465
North America,2020-09-21,"D614G,A688V",1,344,0.0029069767441860465
North America,2020-09-21,"D614G,Q677H",13,344,0.0377906976744186
North America,2020-09-21,"D614G,E780Q",3,344,0.00872093023255814
North America,2020-09-21,"H49Y,D614G",1,344,0.0029069767441860465
North America,2020-09-21,"M153I,D614G",1,344,0.0029069767441860465
North America,2020-09-21,"D614G,P812L",1,344,0.0029069767441860465
North America,2020-09-21,"D614G,V1176F",1,344,0.0029069767441860465
North America,2020-09-21,"D138Y,D614G",3,344,0.00872093023255814
North America,2020-09-21,"D111N,D614G",5,344,0.014534883720930232
North America,2020-09-21,"D138H,D614G",1,344,0.0029069767441860465
North America,2020-09-21,"V382L,D614G",4,344,0.011627906976744186
North America,2020-09-21,"D614G,T732A",2,344,0.005813953488372093
North America,2020-09-21,"D614G,N1187Y",1,344,0.0029069767441860465
North America,2020-09-21,"Q173K,D614G",4,344,0.011627906976744186
North America,2020-09-21,"D614G,A1070S",5,344,0.014534883720930232
North America,2020-09-28,D614G,327,526,0.6216730038022814
North America,2020-09-28,"L5F,D614G",6,526,0.011406844106463879
North America,2020-09-28,"D614G,P681H",11,526,0.02091254752851711
North America,2020-09-28,"S12F,D614G",1,526,0.0019011406844106464
North America,2020-09-28,"L54F,D614G",3,526,0.005703422053231939
North America,2020-09-28,"L54F,A520S,D614G",3,526,0.005703422053231939
North America,2020-09-28,"N501T,D614G",1,526,0.0019011406844106464
North America,2020-09-28,"T572I,D614G",2,526,0.0038022813688212928
North America,2020-09-28,"D215Y,D614G",1,526,0.0019011406844106464
North America,2020-09-28,"D614G,S939F",3,526,0.005703422053231939
North America,2020-09-28,"D614G,Q677H",3,526,0.005703422053231939
North America,2020-09-28,"D614G,E780Q",4,526,0.0076045627376425855
North America,2020-09-28,"H49Y,D614G",2,526,0.0038022813688212928
North America,2020-09-28,"M153I,D614G",1,526,0.0019011406844106464
North America,2020-09-28,"D614G,Q675H",1,526,0.0019011406844106464
North America,2020-09-28,"E583D,D614G",3,526,0.005703422053231939
North America,2020-09-28,"D614G,V1176F",4,526,0.0076045627376425855
North America,2020-09-28,"D138Y,D614G",1,526,0.0019011406844106464
North America,2020-09-28,"D111N,D614G",1,526,0.0019011406844106464
North America,2020-09-28,"V382L,D614G",7,526,0.013307984790874524
North America,2020-09-28,"D614G,T732A",2,526,0.0038022813688212928
North America,2020-09-28,"D614G,N1187Y",1,526,0.0019011406844106464
North America,2020-09-28,"D614G,N679K",1,526,0.0019011406844106464
North America,2020-09-28,"Q173K,D614G",5,526,0.009505703422053232
North America,2020-09-28,"D614G,A1070S",1,526,0.0019011406844106464
North America,2020-09-28,"T20I,D614G",1,526,0.0019011406844106464
North America,2020-09-28,"A263S,D614G",1,526,0.0019011406844106464
North America,2020-09-28,"P251S,D614G",1,526,0.0019011406844106464
North America,2020-10-05,D614G,159,291,0.5463917525773195
North America,2020-10-05,"S13I,W152C,L452R,D614G",1,291,0.003436426116838488
North America,2020-10-05,"D614G,V1228L",1,291,0.003436426116838488
North America,2020-10-05,"L5F,D614G",4,291,0.013745704467353952
North America,2020-10-05,"D614G,P681H",2,291,0.006872852233676976
North America,2020-10-05,"L54F,A520S,D614G",1,291,0.003436426116838488
North America,2020-10-05,"T572I,D614G",1,291,0.003436426116838488
North America,2020-10-05,"D614G,M1229I",2,291,0.006872852233676976
North America,2020-10-05,"D614G,A688V",1,291,0.003436426116838488
North America,2020-10-05,"D614G,Q677H",9,291,0.030927835051546393
North America,2020-10-05,"D614G,E780Q",3,291,0.010309278350515464
North America,2020-10-05,"H49Y,D614G",1,291,0.003436426116838488
North America,2020-10-05,"A520S,D614G",1,291,0.003436426116838488
North America,2020-10-05,"E583D,D614G",1,291,0.003436426116838488
North America,2020-10-05,"D614G,V1176F",3,291,0.010309278350515464
North America,2020-10-05,"D111N,D614G",1,291,0.003436426116838488
North America,2020-10-05,"V382L,D614G",14,291,0.048109965635738834
North America,2020-10-05,"Q173K,D614G",5,291,0.01718213058419244
North America,2020-10-05,"D614G,A1070S",1,291,0.003436426116838488
North America,2020-10-05,"T20I,D614G",4,291,0.013745704467353952
North America,2020-10-12,Reference,1,458,0.002183406113537118
North America,2020-10-12,D614G,200,458,0.4366812227074236
North America,2020-10-12,"S13I,P26S,W152C,L452R,D614G",1,458,0.002183406113537118
North America,2020-10-12,"S13I,W152C,L452R,D614G",1,458,0.002183406113537118
North America,2020-10-12,"L5F,D614G",21,458,0.04585152838427948
North America,2020-10-12,"L5F,D614G,Q677H",1,458,0.002183406113537118
North America,2020-10-12,"HV69-,D614G",1,458,0.002183406113537118
North America,2020-10-12,"HV69-,D614G,C1236S",1,458,0.002183406113537118
North America,2020-10-12,"D614G,P681H",9,458,0.019650655021834062
North America,2020-10-12,"L54F,D614G",1,458,0.002183406113537118
North America,2020-10-12,"N501T,D614G",1,458,0.002183406113537118
North America,2020-10-12,"D215Y,D614G",1,458,0.002183406113537118
North America,2020-10-12,"D614G,S939F",1,458,0.002183406113537118
North America,2020-10-12,"D614G,Q677H",10,458,0.021834061135371178
North America,2020-10-12,"M153I,D614G",1,458,0.002183406113537118
North America,2020-10-12,"D614G,P812L",2,458,0.004366812227074236
North America,2020-10-12,"D614G,V1176F",4,458,0.008733624454148471
North America,2020-10-12,"S494P,D614G",1,458,0.002183406113537118
North America,2020-10-12,"V382L,D614G",25,458,0.05458515283842795
North America,2020-10-12,"D614G,T732A",2,458,0.004366812227074236
North America,2020-10-12,"T20I,D614G",1,458,0.002183406113537118
North America,2020-10-19,D614G,212,387,0.5478036175710594
North America,2020-10-19,"S13I,W152C,L452R,D614G",1,387,0.002583979328165375
North America,2020-10-19,"D614G,V1228L",1,387,0.002583979328165375
North America,2020-10-19,"L5F,D614G",18,387,0.046511627906976744
North America,2020-10-19,"L5F,D614G,Q677H",2,387,0.00516795865633075
North America,2020-10-19,"HV69-,D614G,C1236S",1,387,0.002583979328165375
North America,2020-10-19,"D614G,P681H",3,387,0.007751937984496124
North America,2020-10-19,"S12F,D614G",1,387,0.002583979328165375
North America,2020-10-19,"L54F,D614G",1,387,0.002583979328165375
North America,2020-10-19,"L54F,A520S,D614G",1,387,0.002583979328165375
North America,2020-10-19,"G252V,N501T,D614G",1,387,0.002583979328165375
North America,2020-10-19,"T572I,D614G",5,387,0.012919896640826873
North America,2020-10-19,"D215Y,D614G",1,387,0.002583979328165375
North America,2020-10-19,"D614G,S939F",1,387,0.002583979328165375
North America,2020-10-19,"D614G,Q677H",4,387,0.0103359173126615
North America,2020-10-19,"D614G,Q677H,T732S,E1202Q",1,387,0.002583979328165375
North America,2020-10-19,"D614G,E780Q",4,387,0.0103359173126615
North America,2020-10-19,"H49Y,D614G",1,387,0.002583979328165375
North America,2020-10-19,"A520S,D614G",1,387,0.002583979328165375
North America,2020-10-19,"D614G,P812L",4,387,0.0103359173126615
North America,2020-10-19,"D614G,V1176F",2,387,0.00516795865633075
North America,2020-10-19,"D138H,D614G",35,387,0.09043927648578812
North America,2020-10-19,"V382L,D614G",6,387,0.015503875968992248
North America,2020-10-19,"D614G,T732A",12,387,0.031007751937984496
North America,2020-10-19,"Q173K,D614G",1,387,0.002583979328165375
North America,2020-10-19,"T20I,D614G",2,387,0.00516795865633075
North America,2020-10-19,"D614G,Q677P",1,387,0.002583979328165375
North America,2020-10-26,D614G,349,662,0.527190332326284
North America,2020-10-26,"T307I,D614G",5,662,0.0075528700906344415
North America,2020-10-26,"D614G,V1228L",1,662,0.0015105740181268882
North America,2020-10-26,"L5F,D614G",26,662,0.03927492447129909
North America,2020-10-26,"L5F,D614G,Q677H",1,662,0.0015105740181268882
North America,2020-10-26,"D614G,S640F",2,662,0.0030211480362537764
North America,2020-10-26,"HV69-,D614G",2,662,0.0030211480362537764
North America,2020-10-26,"D614G,P681H",10,662,0.015105740181268883
North America,2020-10-26,"L54F,D614G",3,662,0.004531722054380665
North America,2020-10-26,"L54F,A520S,D614G",7,662,0.010574018126888218
North America,2020-10-26,"D614G,P1263L",10,662,0.015105740181268883
North America,2020-10-26,"N501T,D614G",1,662,0.0015105740181268882
North America,2020-10-26,"G252V,N501T,D614G",1,662,0.0015105740181268882
North America,2020-10-26,"T572I,D614G",5,662,0.0075528700906344415
North America,2020-10-26,"D614G,D936Y",1,662,0.0015105740181268882
North America,2020-10-26,"D614G,Q677H",6,662,0.00906344410876133
North America,2020-10-26,"D614G,Q677H,T732S,E1202Q",2,662,0.0030211480362537764
North America,2020-10-26,"D614G,E780Q",2,662,0.0030211480362537764
North America,2020-10-26,"H49Y,D614G",1,662,0.0015105740181268882
North America,2020-10-26,"A520S,D614G",1,662,0.0015105740181268882
North America,2020-10-26,"E484K,D614G,V1176F",5,662,0.0075528700906344415
North America,2020-10-26,"D614G,P812L",3,662,0.004531722054380665
North America,2020-10-26,"E583D,D614G",1,662,0.0015105740181268882
North America,2020-10-26,"D614G,V1176F",4,662,0.006042296072507553
North America,2020-10-26,"S494P,D614G",7,662,0.010574018126888218
North America,2020-10-26,"D138H,D614G",38,662,0.05740181268882175
North America,2020-10-26,"V382L,D614G",6,662,0.00906344410876133
North America,2020-10-26,"D614G,T732A",15,662,0.022658610271903322
North America,2020-10-26,"Q173K,D614G",1,662,0.0015105740181268882
North America,2020-10-26,"T20I,D614G",1,662,0.0015105740181268882
North America,2020-10-26,"A263S,D614G",34,662,0.0513595166163142
North America,2020-10-26,"D614G,Q677P",2,662,0.0030211480362537764
North America,2020-10-26,"G72R,D614G",1,662,0.0015105740181268882
North America,2020-11-02,D614G,229,457,0.5010940919037199
North America,2020-11-02,"S13I,P26S,W152C,L452R,D614G",7,457,0.015317286652078774
North America,2020-11-02,"S13I,W152C,L452R,D614G",2,457,0.00437636761487965
North America,2020-11-02,"D614G,V1228L",2,457,0.00437636761487965
North America,2020-11-02,"L5F,D614G",8,457,0.0175054704595186
North America,2020-11-02,"D614G,S640F",4,457,0.0087527352297593
North America,2020-11-02,"HV69-,D614G",5,457,0.010940919037199124
North America,2020-11-02,"HV69-,D614G,C1236S",1,457,0.002188183807439825
North America,2020-11-02,"D614G,P681H",7,457,0.015317286652078774
North America,2020-11-02,"S477N,D614G",1,457,0.002188183807439825
North America,2020-11-02,"L54F,A520S,D614G",7,457,0.015317286652078774
North America,2020-11-02,"D614G,P1263L",1,457,0.002188183807439825
North America,2020-11-02,"N501T,D614G",3,457,0.006564551422319475
North America,2020-11-02,"G252V,N501T,D614G",1,457,0.002188183807439825
North America,2020-11-02,"D614G,D936Y",2,457,0.00437636761487965
North America,2020-11-02,"D614G,Q677H",10,457,0.02188183807439825
North America,2020-11-02,"D614G,Q677H,T732S,E1202Q",1,457,0.002188183807439825
North America,2020-11-02,"D614G,E780Q",3,457,0.006564551422319475
North America,2020-11-02,"H49Y,D614G",3,457,0.006564551422319475
North America,2020-11-02,"A520S,D614G",2,457,0.00437636761487965
North America,2020-11-02,"D614G,Q675H",1,457,0.002188183807439825
North America,2020-11-02,"D614G,P812L",4,457,0.0087527352297593
North America,2020-11-02,"E583D,D614G",1,457,0.002188183807439825
North America,2020-11-02,"D614G,V1176F",3,457,0.006564551422319475
North America,2020-11-02,"D138Y,D614G",1,457,0.002188183807439825
North America,2020-11-02,"S494P,D614G",13,457,0.028446389496717725
North America,2020-11-02,"D253G,D614G",3,457,0.006564551422319475
North America,2020-11-02,"D138H,D614G",20,457,0.0437636761487965
North America,2020-11-02,"V382L,D614G",4,457,0.0087527352297593
North America,2020-11-02,"D614G,T732A",8,457,0.0175054704595186
North America,2020-11-02,"D614G,N1187Y",2,457,0.00437636761487965
North America,2020-11-02,"D614G,N679K",3,457,0.006564551422319475
North America,2020-11-02,"Q173K,D614G",3,457,0.006564551422319475
North America,2020-11-02,"T20I,D614G",1,457,0.002188183807439825
North America,2020-11-02,"D614G,Q677P",1,457,0.002188183807439825
North America,2020-11-09,D614G,266,525,0.5066666666666667
North America,2020-11-09,"S13I,P26S,W152C,L452R,D614G",9,525,0.017142857142857144
North America,2020-11-09,"S13I,W152C,L452R,D614G",5,525,0.009523809523809525
North America,2020-11-09,"T307I,D614G",1,525,0.0019047619047619048
North America,2020-11-09,"D614G,V1228L",1,525,0.0019047619047619048
North America,2020-11-09,"L5F,D614G",13,525,0.024761904761904763
North America,2020-11-09,"L5F,D614G,Q677H",1,525,0.0019047619047619048
North America,2020-11-09,"HV69-,D614G",10,525,0.01904761904761905
North America,2020-11-09,"D614G,P681H",8,525,0.015238095238095238
North America,2020-11-09,"D614G,A845S",1,525,0.0019047619047619048
North America,2020-11-09,"S12F,D614G",2,525,0.0038095238095238095
North America,2020-11-09,"S477N,D614G",5,525,0.009523809523809525
North America,2020-11-09,"L54F,D614G",3,525,0.005714285714285714
North America,2020-11-09,"N501T,D614G",1,525,0.0019047619047619048
North America,2020-11-09,"G252V,N501T,D614G",1,525,0.0019047619047619048
North America,2020-11-09,"A222V,D614G",1,525,0.0019047619047619048
North America,2020-11-09,"D614G,Q677H",11,525,0.02095238095238095
North America,2020-11-09,"D614G,Q677H,T732S,E1202Q",4,525,0.007619047619047619
North America,2020-11-09,"D614G,E780Q",1,525,0.0019047619047619048
North America,2020-11-09,"H49Y,D614G",2,525,0.0038095238095238095
North America,2020-11-09,"M153I,D614G",1,525,0.0019047619047619048
North America,2020-11-09,"D614G,P812L",2,525,0.0038095238095238095
North America,2020-11-09,"D614G,V1176F",1,525,0.0019047619047619048
North America,2020-11-09,"D138Y,D614G",2,525,0.0038095238095238095
North America,2020-11-09,"D111N,D614G",2,525,0.0038095238095238095
North America,2020-11-09,"S494P,D614G",3,525,0.005714285714285714
North America,2020-11-09,"D253G,D614G",2,525,0.0038095238095238095
North America,2020-11-09,"D614G,T732A",2,525,0.0038095238095238095
North America,2020-11-09,"Q173K,D614G",4,525,0.007619047619047619
North America,2020-11-09,"D614G,A1070S",1,525,0.0019047619047619048
North America,2020-11-09,"T20I,D614G",2,525,0.0038095238095238095
North America,2020-11-09,"D614G,Q677P",1,525,0.0019047619047619048
North America,2020-11-16,D614G,382,711,0.5372714486638537
North America,2020-11-16,"S13I,P26S,W152C,L452R,D614G",8,711,0.011251758087201125
North America,2020-11-16,"S13I,W152C,L452R,D614G",9,711,0.012658227848101266
North America,2020-11-16,"D614G,V1228L",5,711,0.007032348804500703
North America,2020-11-16,"L5F,D614G",7,711,0.009845288326300985
North America,2020-11-16,"L5F,D614G,Q677H",3,711,0.004219409282700422
North America,2020-11-16,"HV69-,D614G",5,711,0.007032348804500703
North America,2020-11-16,"D614G,P681H",9,711,0.012658227848101266
North America,2020-11-16,"S12F,D614G",2,711,0.0028129395218002813
North America,2020-11-16,"L54F,D614G",1,711,0.0014064697609001407
North America,2020-11-16,"N501T,D614G",2,711,0.0028129395218002813
North America,2020-11-16,"D215Y,D614G",1,711,0.0014064697609001407
North America,2020-11-16,"D614G,D936Y",1,711,0.0014064697609001407
North America,2020-11-16,"A222V,D614G",2,711,0.0028129395218002813
North America,2020-11-16,"D614G,S939F",1,711,0.0014064697609001407
North America,2020-11-16,"D614G,A688V",1,711,0.0014064697609001407
North America,2020-11-16,"D614G,Q677H",8,711,0.011251758087201125
North America,2020-11-16,"D614G,Q677H,T732S,E1202Q",1,711,0.0014064697609001407
North America,2020-11-16,"H49Y,D614G",6,711,0.008438818565400843
North America,2020-11-16,"A520S,D614G",1,711,0.0014064697609001407
North America,2020-11-16,"D614G,P812L",3,711,0.004219409282700422
North America,2020-11-16,"E583D,D614G",17,711,0.02390998593530239
North America,2020-11-16,"D138Y,D614G",3,711,0.004219409282700422
North America,2020-11-16,"S221L,D614G",1,711,0.0014064697609001407
North America,2020-11-16,"S494P,D614G",3,711,0.004219409282700422
North America,2020-11-16,"D253G,D614G",3,711,0.004219409282700422
North America,2020-11-16,"D614G,T732A",24,711,0.03375527426160337
North America,2020-11-16,"Q173K,D614G",2,711,0.0028129395218002813
North America,2020-11-16,"T20I,D614G",2,711,0.0028129395218002813
North America,2020-11-16,"A263S,D614G",1,711,0.0014064697609001407
North America,2020-11-16,"P251S,D614G",2,711,0.0028129395218002813
North America,2020-11-16,"D614G,Q677P",1,711,0.0014064697609001407
North America,2020-11-16,"A475S,D614G",17,711,0.02390998593530239
North America,2020-11-23,D614G,267,574,0.4651567944250871
North America,2020-11-23,"S13I,P26S,W152C,L452R,D614G",10,574,0.017421602787456445
North America,2020-11-23,"S13I,W152C,L452R,D614G",27,574,0.047038327526132406
North America,2020-11-23,"T307I,D614G",5,574,0.008710801393728223
North America,2020-11-23,"L5F,D614G",12,574,0.020905923344947737
North America,2020-11-23,"D614G,S640F",1,574,0.0017421602787456446
North America,2020-11-23,"HV69-,D614G",7,574,0.012195121951219513
North America,2020-11-23,"D614G,P681H",21,574,0.036585365853658534
North America,2020-11-23,"T478K,D614G,P681H,T732A",1,574,0.0017421602787456446
North America,2020-11-23,"S12F,D614G",3,574,0.005226480836236934
North America,2020-11-23,"S477N,D614G",1,574,0.0017421602787456446
North America,2020-11-23,"L54F,D614G",1,574,0.0017421602787456446
North America,2020-11-23,"G252V,N501T,D614G",1,574,0.0017421602787456446
North America,2020-11-23,"D215Y,D614G",8,574,0.013937282229965157
North America,2020-11-23,"D614G,S939F",1,574,0.0017421602787456446
North America,2020-11-23,"D614G,A688V",1,574,0.0017421602787456446
North America,2020-11-23,"D614G,Q677H",10,574,0.017421602787456445
North America,2020-11-23,"D614G,Q677H,T732S,E1202Q",2,574,0.003484320557491289
North America,2020-11-23,"H49Y,D614G",4,574,0.006968641114982578
North America,2020-11-23,"D614G,P812L",5,574,0.008710801393728223
North America,2020-11-23,"E583D,D614G",1,574,0.0017421602787456446
North America,2020-11-23,"D614G,V1176F",1,574,0.0017421602787456446
North America,2020-11-23,"D138Y,D614G",2,574,0.003484320557491289
North America,2020-11-23,"D111N,D614G",1,574,0.0017421602787456446
North America,2020-11-23,"S494P,D614G",1,574,0.0017421602787456446
North America,2020-11-23,"D614G,T732A",12,574,0.020905923344947737
North America,2020-11-23,"D614G,N679K",1,574,0.0017421602787456446
North America,2020-11-23,"Q173K,D614G",2,574,0.003484320557491289
North America,2020-11-23,"T20I,D614G",1,574,0.0017421602787456446
North America,2020-11-23,"P251S,D614G",6,574,0.010452961672473868
North America,2020-11-23,"D614G,Q677P",1,574,0.0017421602787456446
North America,2020-11-23,"A475S,D614G",22,574,0.03832752613240418
North America,2020-11-30,D614G,496,1067,0.46485473289597
North America,2020-11-30,"S13I,P26S,W152C,L452R,D614G",6,1067,0.005623242736644799
North America,2020-11-30,"S13I,W152C,L452R,D614G",17,1067,0.015932521087160263
North America,2020-11-30,"D614G,V1228L",2,1067,0.0018744142455482662
North America,2020-11-30,"L5F,D614G",16,1067,0.01499531396438613
North America,2020-11-30,"D614G,S640F",3,1067,0.0028116213683223993
North America,2020-11-30,"HV69-,D614G",13,1067,0.01218369259606373
North America,2020-11-30,"HV69-,D614G,C1236S",1,1067,0.0009372071227741331
North America,2020-11-30,"D614G,P681H",43,1067,0.04029990627928772
North America,2020-11-30,"D614G,A845S",1,1067,0.0009372071227741331
North America,2020-11-30,"S12F,D614G",3,1067,0.0028116213683223993
North America,2020-11-30,"S477N,D614G",3,1067,0.0028116213683223993
North America,2020-11-30,"L54F,D614G",15,1067,0.014058106841611996
North America,2020-11-30,"N501T,D614G",5,1067,0.004686035613870665
North America,2020-11-30,"G252V,N501T,D614G",1,1067,0.0009372071227741331
North America,2020-11-30,"T572I,D614G",4,1067,0.0037488284910965324
North America,2020-11-30,"D215Y,D614G",5,1067,0.004686035613870665
North America,2020-11-30,"D614G,D936Y",4,1067,0.0037488284910965324
North America,2020-11-30,"D80Y,D614G",1,1067,0.0009372071227741331
North America,2020-11-30,"D614G,M1229I",3,1067,0.0028116213683223993
North America,2020-11-30,"D614G,Q677H",18,1067,0.016869728209934397
North America,2020-11-30,"D614G,E780Q",1,1067,0.0009372071227741331
North America,2020-11-30,"D614G,E780Q,T859I",5,1067,0.004686035613870665
North America,2020-11-30,"L18F,D614G,E780Q",1,1067,0.0009372071227741331
North America,2020-11-30,"H49Y,D614G",7,1067,0.006560449859418931
North America,2020-11-30,"D614G,V1264L",2,1067,0.0018744142455482662
North America,2020-11-30,"A520S,D614G",8,1067,0.007497656982193065
North America,2020-11-30,"M153I,D614G",1,1067,0.0009372071227741331
North America,2020-11-30,"E484K,D614G,V1176F",2,1067,0.0018744142455482662
North America,2020-11-30,"D614G,Q675H",2,1067,0.0018744142455482662
North America,2020-11-30,"D614G,P812L",7,1067,0.006560449859418931
North America,2020-11-30,"E583D,D614G",1,1067,0.0009372071227741331
North America,2020-11-30,"D614G,V1176F",8,1067,0.007497656982193065
North America,2020-11-30,"D138Y,D614G",9,1067,0.008434864104967198
North America,2020-11-30,"D614G,P681L",1,1067,0.0009372071227741331
North America,2020-11-30,"S494P,D614G",1,1067,0.0009372071227741331
North America,2020-11-30,"D138H,D614G",2,1067,0.0018744142455482662
North America,2020-11-30,"D614G,T732A",6,1067,0.005623242736644799
North America,2020-11-30,"D614G,N679K",1,1067,0.0009372071227741331
North America,2020-11-30,"Q173K,D614G",12,1067,0.011246485473289597
North America,2020-11-30,"T20I,D614G",3,1067,0.0028116213683223993
North America,2020-11-30,"A263S,D614G",7,1067,0.006560449859418931
North America,2020-11-30,"P251S,D614G",2,1067,0.0018744142455482662
North America,2020-11-30,"D614G,Q677P",4,1067,0.0037488284910965324
North America,2020-11-30,"G72R,D614G",1,1067,0.0009372071227741331
North America,2020-11-30,"A475S,D614G",19,1067,0.01780693533270853
North America,2020-12-07,D614G,220,416,0.5288461538461539
North America,2020-12-07,"S13I,P26S,W152C,L452R,D614G",1,416,0.002403846153846154
North America,2020-12-07,"S13I,W152C,L452R,D614G",6,416,0.014423076923076924
North America,2020-12-07,"D614G,V1228L",1,416,0.002403846153846154
North America,2020-12-07,"L5F,D614G",6,416,0.014423076923076924
North America,2020-12-07,"L5F,D614G,Q677H",1,416,0.002403846153846154
North America,2020-12-07,"D614G,S640F",4,416,0.009615384615384616
North America,2020-12-07,"HV69-,D614G",14,416,0.03365384615384615
North America,2020-12-07,"D614G,P681H",11,416,0.026442307692307692
North America,2020-12-07,"D614G,A845S",1,416,0.002403846153846154
North America,2020-12-07,"S477N,D614G",1,416,0.002403846153846154
North America,2020-12-07,"L54F,D614G",2,416,0.004807692307692308
North America,2020-12-07,"G252V,N501T,D614G",3,416,0.007211538461538462
North America,2020-12-07,"D215Y,D614G",1,416,0.002403846153846154
North America,2020-12-07,"D614G,D936Y",1,416,0.002403846153846154
North America,2020-12-07,"A222V,D614G",1,416,0.002403846153846154
North America,2020-12-07,"D614G,M1229I",1,416,0.002403846153846154
North America,2020-12-07,"D614G,A688V",1,416,0.002403846153846154
North America,2020-12-07,"D614G,Q677H",5,416,0.01201923076923077
North America,2020-12-07,"D614G,Q677H,T732S,E1202Q",1,416,0.002403846153846154
North America,2020-12-07,"D614G,E780Q,T859I",1,416,0.002403846153846154
North America,2020-12-07,"L18F,D614G,E780Q",3,416,0.007211538461538462
North America,2020-12-07,"H49Y,D614G",1,416,0.002403846153846154
North America,2020-12-07,"D614G,V1264L",1,416,0.002403846153846154
North America,2020-12-07,"A520S,D614G",2,416,0.004807692307692308
North America,2020-12-07,"M153I,D614G",1,416,0.002403846153846154
North America,2020-12-07,"D138Y,D614G",6,416,0.014423076923076924
North America,2020-12-07,"D111N,D614G",1,416,0.002403846153846154
North America,2020-12-07,"S494P,D614G",1,416,0.002403846153846154
North America,2020-12-07,"D614G,T732A",2,416,0.004807692307692308
North America,2020-12-07,"D614G,N679K",1,416,0.002403846153846154
North America,2020-12-07,"P251S,D614G",7,416,0.016826923076923076
North America,2020-12-07,"D614G,Q677P",4,416,0.009615384615384616
North America,2020-12-07,"G72R,D614G",2,416,0.004807692307692308
North America,2020-12-14,D614G,240,544,0.4411764705882353
North America,2020-12-14,"S13I,P26S,W152C,L452R,D614G",5,544,0.009191176470588236
North America,2020-12-14,"S13I,W152C,W258L,L452R,D614G",1,544,0.001838235294117647
North America,2020-12-14,"S13I,W152C,L452R,D614G",17,544,0.03125
North America,2020-12-14,"D614G,V1228L",1,544,0.001838235294117647
North America,2020-12-14,"L5F,D614G",2,544,0.003676470588235294
North America,2020-12-14,"L5F,D614G,Q677H",1,544,0.001838235294117647
North America,2020-12-14,"D614G,S640F",7,544,0.012867647058823529
North America,2020-12-14,"HV69-,D614G",22,544,0.04044117647058824
North America,2020-12-14,"HV69-,Y144-,N501Y,A570D,D614G,P681H,T716I,S982A,D1118H",2,544,0.003676470588235294
North America,2020-12-14,"HV69-,Y144-,N501Y,A570D,D614G,P681H,T716I,S982A,D1118H,K1191N",1,544,0.001838235294117647
North America,2020-12-14,"HV69-,D614G,C1236S",7,544,0.012867647058823529
North America,2020-12-14,"N501Y,D614G",1,544,0.001838235294117647
North America,2020-12-14,"D614G,P681H",21,544,0.03860294117647059
North America,2020-12-14,"T478K,D614G,P681H,T732A",1,544,0.001838235294117647
North America,2020-12-14,"S12F,D614G",7,544,0.012867647058823529
North America,2020-12-14,"S477N,D614G",2,544,0.003676470588235294
North America,2020-12-14,"L54F,D614G",4,544,0.007352941176470588
North America,2020-12-14,"N501T,D614G",1,544,0.001838235294117647
North America,2020-12-14,"G252V,N501T,D614G",6,544,0.011029411764705883
North America,2020-12-14,"T572I,D614G",1,544,0.001838235294117647
North America,2020-12-14,"D614G,D936Y",3,544,0.0055147058823529415
North America,2020-12-14,"A222V,D614G",1,544,0.001838235294117647
North America,2020-12-14,"D614G,M1229I",2,544,0.003676470588235294
North America,2020-12-14,"D614G,Q677H",6,544,0.011029411764705883
North America,2020-12-14,"D614G,Q677H,T732S,E1202Q",1,544,0.001838235294117647
North America,2020-12-14,"D614G,V1264L",1,544,0.001838235294117647
North America,2020-12-14,"A520S,D614G",5,544,0.009191176470588236
North America,2020-12-14,"M153I,D614G",1,544,0.001838235294117647
North America,2020-12-14,"D614G,Q675H",2,544,0.003676470588235294
North America,2020-12-14,"D614G,P812L",6,544,0.011029411764705883
North America,2020-12-14,"D138Y,D614G",5,544,0.009191176470588236
North America,2020-12-14,"S494P,D614G",1,544,0.001838235294117647
North America,2020-12-14,"D614G,T732A",3,544,0.0055147058823529415
North America,2020-12-14,"D614G,N679K",1,544,0.001838235294117647
North America,2020-12-14,"Q173K,D614G",3,544,0.0055147058823529415
North America,2020-12-14,"P251S,D614G",1,544,0.001838235294117647
North America,2020-12-14,"D614G,Q677P",6,544,0.011029411764705883
North America,2020-12-21,Reference,1,1391,0.0007189072609633358
North America,2020-12-21,D614G,607,1391,0.43637670740474477
North America,2020-12-21,"S13I,P26S,W152C,L452R,D614G",8,1391,0.005751258087706686
North America,2020-12-21,"S13I,W152C,W258L,L452R,D614G",8,1391,0.005751258087706686
North America,2020-12-21,"S13I,W152C,L452R,D614G",51,1391,0.03666427030913012
North America,2020-12-21,"T307I,D614G",1,1391,0.0007189072609633358
North America,2020-12-21,"D614G,V1228L",4,1391,0.002875629043853343
North America,2020-12-21,"L5F,D614G",15,1391,0.010783608914450037
North America,2020-12-21,"L5F,D614G,Q677H",5,1391,0.0035945363048166786
North America,2020-12-21,"D614G,S640F",4,1391,0.002875629043853343
North America,2020-12-21,"HV69-,D614G",28,1391,0.020129403306973402
North America,2020-12-21,"HV69-,Y144-,N501Y,A570D,D614G,P681H,T716I,S982A,D1118H",13,1391,0.009345794392523364
North America,2020-12-21,"HV69-,Y144-,N501Y,A570D,D614G,P681H,T716I,S982A,D1118H,K1191N",7,1391,0.0050323508267433505
North America,2020-12-21,"HV69-,D614G,C1236S",12,1391,0.008626887131560028
North America,2020-12-21,"N501Y,D614G",1,1391,0.0007189072609633358
North America,2020-12-21,"D614G,P681H",60,1391,0.043134435657800146
North America,2020-12-21,"T478K,D614G,P681H,T732A",1,1391,0.0007189072609633358
North America,2020-12-21,"D614G,A845S",5,1391,0.0035945363048166786
North America,2020-12-21,"S12F,D614G",3,1391,0.002156721782890007
North America,2020-12-21,"S477N,D614G",7,1391,0.0050323508267433505
North America,2020-12-21,"L54F,D614G",3,1391,0.002156721782890007
North America,2020-12-21,"D614G,P1263L",2,1391,0.0014378145219266715
North America,2020-12-21,"H146Y,D614G",3,1391,0.002156721782890007
North America,2020-12-21,"N501T,D614G",9,1391,0.006470165348670022
North America,2020-12-21,"G252V,N501T,D614G",9,1391,0.006470165348670022
North America,2020-12-21,"T572I,D614G",3,1391,0.002156721782890007
North America,2020-12-21,"D215Y,D614G",1,1391,0.0007189072609633358
North America,2020-12-21,"D614G,D936Y",2,1391,0.0014378145219266715
North America,2020-12-21,"A222V,D614G",2,1391,0.0014378145219266715
North America,2020-12-21,"D614G,M1229I",3,1391,0.002156721782890007
North America,2020-12-21,"D614G,S939F",2,1391,0.0014378145219266715
North America,2020-12-21,"D614G,A688V",2,1391,0.0014378145219266715
North America,2020-12-21,"D614G,Q677H",40,1391,0.02875629043853343
North America,2020-12-21,"D614G,Q677H,T732S,E1202Q",2,1391,0.0014378145219266715
North America,2020-12-21,"D614G,E780Q",1,1391,0.0007189072609633358
North America,2020-12-21,"D614G,E780Q,T859I",5,1391,0.0035945363048166786
North America,2020-12-21,"L18F,D614G,E780Q",5,1391,0.0035945363048166786
North America,2020-12-21,"H49Y,D614G",5,1391,0.0035945363048166786
North America,2020-12-21,"D614G,V1264L",2,1391,0.0014378145219266715
North America,2020-12-21,"A520S,D614G",9,1391,0.006470165348670022
North America,2020-12-21,"M153I,D614G",1,1391,0.0007189072609633358
North America,2020-12-21,"D614G,Q675H",5,1391,0.0035945363048166786
North America,2020-12-21,"D614G,P812L",12,1391,0.008626887131560028
North America,2020-12-21,"E583D,D614G",3,1391,0.002156721782890007
North America,2020-12-21,"D614G,V1176F",1,1391,0.0007189072609633358
North America,2020-12-21,"D138Y,D614G",12,1391,0.008626887131560028
North America,2020-12-21,"D111N,D614G",1,1391,0.0007189072609633358
North America,2020-12-21,"D614G,P681L",2,1391,0.0014378145219266715
North America,2020-12-21,"S494P,D614G",8,1391,0.005751258087706686
North America,2020-12-21,"D138H,D614G",1,1391,0.0007189072609633358
North America,2020-12-21,"D614G,T732A",8,1391,0.005751258087706686
North America,2020-12-21,"D614G,N679K",8,1391,0.005751258087706686
North America,2020-12-21,"Q173K,D614G",6,1391,0.004313443565780014
North America,2020-12-21,"D614G,A1070S",1,1391,0.0007189072609633358
North America,2020-12-21,"T20I,D614G",6,1391,0.004313443565780014
North America,2020-12-21,"A263S,D614G",1,1391,0.0007189072609633358
North America,2020-12-21,"D614G,Q677P",21,1391,0.01509705248023005
North America,2020-12-21,"G72R,D614G",3,1391,0.002156721782890007
North America,2020-12-28,Reference,2,1778,0.0011248593925759281
North America,2020-12-28,D614G,773,1778,0.4347581552305962
North America,2020-12-28,"S13I,P26S,W152C,L452R,D614G",8,1778,0.0044994375703037125
North America,2020-12-28,"S13I,W152C,W258L,L452R,D614G",4,1778,0.0022497187851518562
North America,2020-12-28,"S13I,W152C,L452R,D614G",47,1778,0.026434195725534307
North America,2020-12-28,"T307I,D614G",2,1778,0.0011248593925759281
North America,2020-12-28,"D614G,V1228L",7,1778,0.003937007874015748
North America,2020-12-28,"L5F,D614G",12,1778,0.006749156355455568
North America,2020-12-28,"L5F,D614G,Q677H",5,1778,0.00281214848143982
North America,2020-12-28,"D614G,S640F",2,1778,0.0011248593925759281
North America,2020-12-28,"HV69-,D614G",77,1778,0.04330708661417323
North America,2020-12-28,"HV69-,Y144-,N501Y,A570D,D614G,P681H,T716I,S982A,D1118H",49,1778,0.027559055118110236
North America,2020-12-28,"HV69-,Y144-,N501Y,A570D,D614G,P681H,T716I,S982A,D1118H,K1191N",26,1778,0.014623172103487065
North America,2020-12-28,"HV69-,D614G,C1236S",14,1778,0.007874015748031496
North America,2020-12-28,"N501Y,D614G",2,1778,0.0011248593925759281
North America,2020-12-28,"D614G,P681H",54,1778,0.030371203599550055
North America,2020-12-28,"T478K,D614G,P681H,T732A",3,1778,0.001687289088863892
North America,2020-12-28,"D614G,A845S",7,1778,0.003937007874015748
North America,2020-12-28,"S12F,D614G",5,1778,0.00281214848143982
North America,2020-12-28,"S477N,D614G",3,1778,0.001687289088863892
North America,2020-12-28,"L54F,D614G",2,1778,0.0011248593925759281
North America,2020-12-28,"D614G,P1263L",1,1778,0.0005624296962879641
North America,2020-12-28,"N501T,D614G",4,1778,0.0022497187851518562
North America,2020-12-28,"D215Y,D614G",3,1778,0.001687289088863892
North America,2020-12-28,"A222V,D614G",3,1778,0.001687289088863892
North America,2020-12-28,"D80Y,D614G",2,1778,0.0011248593925759281
North America,2020-12-28,"D614G,M1229I",6,1778,0.003374578177727784
North America,2020-12-28,"D614G,A688V",3,1778,0.001687289088863892
North America,2020-12-28,"D614G,Q677H",62,1778,0.03487064116985377
North America,2020-12-28,"D614G,Q677H,T732S,E1202Q",3,1778,0.001687289088863892
North America,2020-12-28,"G142S,E180V,D614G,Q677H",4,1778,0.0022497187851518562
North America,2020-12-28,"D614G,E780Q,T859I",25,1778,0.0140607424071991
North America,2020-12-28,"L18F,D614G,E780Q",3,1778,0.001687289088863892
North America,2020-12-28,"H49Y,D614G",1,1778,0.0005624296962879641
North America,2020-12-28,"D614G,V1264L",3,1778,0.001687289088863892
North America,2020-12-28,"A520S,D614G",11,1778,0.006186726659167604
North America,2020-12-28,"M153I,D614G",1,1778,0.0005624296962879641
North America,2020-12-28,"E484K,D614G,V1176F",4,1778,0.0022497187851518562
North America,2020-12-28,"D614G,Q675H",3,1778,0.001687289088863892
North America,2020-12-28,"D614G,P812L",3,1778,0.001687289088863892
North America,2020-12-28,"E583D,D614G",1,1778,0.0005624296962879641
North America,2020-12-28,"D614G,V1176F",2,1778,0.0011248593925759281
North America,2020-12-28,"D138Y,D614G",10,1778,0.00562429696287964
North America,2020-12-28,"D111N,D614G",2,1778,0.0011248593925759281
North America,2020-12-28,"S494P,D614G",8,1778,0.0044994375703037125
North America,2020-12-28,"D253G,D614G",2,1778,0.0011248593925759281
North America,2020-12-28,"D138H,D614G",1,1778,0.0005624296962879641
North America,2020-12-28,"D614G,T732A",7,1778,0.003937007874015748
North America,2020-12-28,"D614G,N679K",2,1778,0.0011248593925759281
North America,2020-12-28,"Q173K,D614G",11,1778,0.006186726659167604
North America,2020-12-28,"T20I,D614G",8,1778,0.0044994375703037125
North America,2020-12-28,"A263S,D614G",6,1778,0.003374578177727784
North America,2020-12-28,"P251S,D614G",1,1778,0.0005624296962879641
North America,2020-12-28,"D614G,Q677P",23,1778,0.012935883014623173
North America,2020-12-28,"G72R,D614G",5,1778,0.00281214848143982
North America,2020-12-28,L5F,1,1778,0.0005624296962879641
North America,2021-01-04,D614G,1035,2846,0.36366830639494024
North America,2021-01-04,"S13I,P26S,W152C,L452R,D614G",32,2846,0.011243851018973999
North America,2021-01-04,"S13I,W152C,W258L,L452R,D614G",18,2846,0.006324666198172874
North America,2021-01-04,"S13I,W152C,L452R,D614G",216,2846,0.0758959943780745
North America,2021-01-04,"T307I,D614G",7,2846,0.002459592410400562
North America,2021-01-04,"D614G,V1228L",12,2846,0.004216444132115249
North America,2021-01-04,"L5F,D614G",21,2846,0.007378777231201687
North America,2021-01-04,"L5F,D614G,Q677H",6,2846,0.0021082220660576245
North America,2021-01-04,"D614G,S640F",4,2846,0.0014054813773717498
North America,2021-01-04,"HV69-,D614G",65,2846,0.022839072382290933
North America,2021-01-04,"HV69-,Y144-,N501Y,A570D,D614G,P681H,T716I,S982A,D1118H",72,2846,0.025298664792691498
North America,2021-01-04,"HV69-,Y144-,N501Y,A570D,D614G,P681H,T716I,S982A,D1118H,K1191N",24,2846,0.008432888264230498
North America,2021-01-04,"HV69-,D614G,C1236S",5,2846,0.0017568517217146872
North America,2021-01-04,"N501Y,D614G",6,2846,0.0021082220660576245
North America,2021-01-04,"N501Y,A570D,D614G,P681H,T716I,S982A,D1118H",2,2846,0.0007027406886858749
North America,2021-01-04,"D614G,P681H",84,2846,0.029515108924806747
North America,2021-01-04,"T478K,D614G,P681H,T732A",22,2846,0.007730147575544624
North America,2021-01-04,"D614G,A845S",3,2846,0.0010541110330288123
North America,2021-01-04,"S12F,D614G",6,2846,0.0021082220660576245
North America,2021-01-04,"S477N,D614G",8,2846,0.0028109627547434997
North America,2021-01-04,"L54F,D614G",4,2846,0.0014054813773717498
North America,2021-01-04,"D614G,P1263L",3,2846,0.0010541110330288123
North America,2021-01-04,"N501T,D614G",42,2846,0.014757554462403373
North America,2021-01-04,"G252V,N501T,D614G",12,2846,0.004216444132115249
North America,2021-01-04,"T572I,D614G",8,2846,0.0028109627547434997
North America,2021-01-04,"D215Y,D614G",4,2846,0.0014054813773717498
North America,2021-01-04,"D614G,D936Y",1,2846,0.00035137034434293746
North America,2021-01-04,"A222V,D614G",5,2846,0.0017568517217146872
North America,2021-01-04,"D80Y,D614G",1,2846,0.00035137034434293746
North America,2021-01-04,"D614G,M1229I",7,2846,0.002459592410400562
North America,2021-01-04,"D614G,S939F",5,2846,0.0017568517217146872
North America,2021-01-04,"D614G,A688V",3,2846,0.0010541110330288123
North America,2021-01-04,"D614G,Q677H",74,2846,0.02600140548137737
North America,2021-01-04,"D614G,Q677H,T732S,E1202Q",17,2846,0.0059732958538299364
North America,2021-01-04,"G142S,E180V,D614G,Q677H",16,2846,0.005621925509486999
North America,2021-01-04,"D614G,E780Q",2,2846,0.0007027406886858749
North America,2021-01-04,"D614G,E780Q,T859I",15,2846,0.005270555165144062
North America,2021-01-04,"L18F,D614G,E780Q",15,2846,0.005270555165144062
North America,2021-01-04,"H49Y,D614G",11,2846,0.003865073787772312
North America,2021-01-04,"D614G,V1264L",7,2846,0.002459592410400562
North America,2021-01-04,"A520S,D614G",7,2846,0.002459592410400562
North America,2021-01-04,"M153I,D614G",2,2846,0.0007027406886858749
North America,2021-01-04,"E484K,D614G,V1176F",12,2846,0.004216444132115249
North America,2021-01-04,"D614G,Q675H",11,2846,0.003865073787772312
North America,2021-01-04,"D614G,P812L",22,2846,0.007730147575544624
North America,2021-01-04,"E583D,D614G",4,2846,0.0014054813773717498
North America,2021-01-04,"D614G,V1176F",4,2846,0.0014054813773717498
North America,2021-01-04,"D138Y,D614G",27,2846,0.009486999297259312
North America,2021-01-04,"D111N,D614G",1,2846,0.00035137034434293746
North America,2021-01-04,"S494P,D614G",12,2846,0.004216444132115249
North America,2021-01-04,"D253G,D614G",1,2846,0.00035137034434293746
North America,2021-01-04,"D138H,D614G",1,2846,0.00035137034434293746
North America,2021-01-04,"V382L,D614G",1,2846,0.00035137034434293746
North America,2021-01-04,"D614G,T732A",16,2846,0.005621925509486999
North America,2021-01-04,"D614G,N679K",3,2846,0.0010541110330288123
North America,2021-01-04,"Q173K,D614G",9,2846,0.003162333099086437
North America,2021-01-04,"T20I,D614G",11,2846,0.003865073787772312
North America,2021-01-04,"A263S,D614G",3,2846,0.0010541110330288123
North America,2021-01-04,"P251S,D614G",6,2846,0.0021082220660576245
North America,2021-01-04,"D614G,Q677P",32,2846,0.011243851018973999
North America,2021-01-04,"G72R,D614G",10,2846,0.0035137034434293743
North America,2021-01-11,Reference,1,2129,0.0004697040864255519
North America,2021-01-11,D614G,689,2129,0.3236261155472053
North America,2021-01-11,"S13I,P26S,W152C,L452R,D614G",32,2129,0.015030530765617662
North America,2021-01-11,"S13I,W152C,W258L,L452R,D614G",14,2129,0.006575857209957727
North America,2021-01-11,"S13I,W152C,L452R,D614G",192,2129,0.09018318459370596
North America,2021-01-11,"T307I,D614G",4,2129,0.0018788163457022077
North America,2021-01-11,"D614G,V1228L",9,2129,0.004227336777829967
North America,2021-01-11,"L5F,D614G",8,2129,0.0037576326914044154
North America,2021-01-11,"L5F,D614G,Q677H",10,2129,0.004697040864255519
North America,2021-01-11,"D614G,S640F",5,2129,0.0023485204321277596
North America,2021-01-11,"HV69-,D614G",46,2129,0.02160638797557539
North America,2021-01-11,"HV69-,Y144-,N501Y,A570D,D614G,P681H,T716I,S982A,D1118H",87,2129,0.040864255519023014
North America,2021-01-11,"HV69-,Y144-,N501Y,A570D,D614G,P681H,T716I,S982A,D1118H,K1191N",42,2129,0.01972757162987318
North America,2021-01-11,"HV69-,D614G,C1236S",6,2129,0.0028182245185533112
North America,2021-01-11,"N501Y,D614G",7,2129,0.0032879286049788633
North America,2021-01-11,"D614G,P681H",59,2129,0.027712541099107563
North America,2021-01-11,"T478K,D614G,P681H,T732A",27,2129,0.012682010333489901
North America,2021-01-11,"D614G,A845S",3,2129,0.0014091122592766556
North America,2021-01-11,"S12F,D614G",3,2129,0.0014091122592766556
North America,2021-01-11,"S477N,D614G",15,2129,0.007045561296383279
North America,2021-01-11,"L54F,D614G",6,2129,0.0028182245185533112
North America,2021-01-11,"N501T,D614G",10,2129,0.004697040864255519
North America,2021-01-11,"G252V,N501T,D614G",4,2129,0.0018788163457022077
North America,2021-01-11,"T572I,D614G",1,2129,0.0004697040864255519
North America,2021-01-11,"D215Y,D614G",1,2129,0.0004697040864255519
North America,2021-01-11,"D614G,D936Y",3,2129,0.0014091122592766556
North America,2021-01-11,"A222V,D614G",6,2129,0.0028182245185533112
North America,2021-01-11,"D80Y,D614G",1,2129,0.0004697040864255519
North America,2021-01-11,"D614G,M1229I",3,2129,0.0014091122592766556
North America,2021-01-11,"D614G,S939F",3,2129,0.0014091122592766556
North America,2021-01-11,"D614G,A688V",2,2129,0.0009394081728511038
North America,2021-01-11,"D614G,Q677H",50,2129,0.023485204321277594
North America,2021-01-11,"D614G,Q677H,T732S,E1202Q",16,2129,0.007515265382808831
North America,2021-01-11,"G142S,E180V,D614G,Q677H",3,2129,0.0014091122592766556
North America,2021-01-11,"L18F,D614G,E780Q",1,2129,0.0004697040864255519
North America,2021-01-11,"H49Y,D614G",5,2129,0.0023485204321277596
North America,2021-01-11,"D614G,V1264L",7,2129,0.0032879286049788633
North America,2021-01-11,"A520S,D614G",11,2129,0.005166744950681071
North America,2021-01-11,"E484K,D614G,V1176F",4,2129,0.0018788163457022077
North America,2021-01-11,"D614G,Q675H",9,2129,0.004227336777829967
North America,2021-01-11,"D614G,P812L",7,2129,0.0032879286049788633
North America,2021-01-11,"E583D,D614G",1,2129,0.0004697040864255519
North America,2021-01-11,"D614G,V1176F",1,2129,0.0004697040864255519
North America,2021-01-11,"D138Y,D614G",12,2129,0.0056364490371066224
North America,2021-01-11,"D111N,D614G",3,2129,0.0014091122592766556
North America,2021-01-11,"S494P,D614G",1,2129,0.0004697040864255519
North America,2021-01-11,"D253G,D614G",1,2129,0.0004697040864255519
North America,2021-01-11,"D614G,T732A",21,2129,0.00986378581493659
North America,2021-01-11,"D614G,N679K",5,2129,0.0023485204321277596
North America,2021-01-11,"Q173K,D614G",18,2129,0.008454673555659934
North America,2021-01-11,"T20I,D614G",9,2129,0.004227336777829967
North America,2021-01-11,"P251S,D614G",8,2129,0.0037576326914044154
North America,2021-01-11,"D614G,Q677P",41,2129,0.01925786754344763
North America,2021-01-11,"G72R,D614G",6,2129,0.0028182245185533112
North America,2021-01-18,D614G,780,2200,0.35454545454545455
North America,2021-01-18,"S13I,P26S,W152C,L452R,D614G",30,2200,0.013636363636363636
North America,2021-01-18,"S13I,W152C,W258L,L452R,D614G",8,2200,0.0036363636363636364
North America,2021-01-18,"S13I,W152C,L452R,D614G",126,2200,0.057272727272727274
North America,2021-01-18,"T307I,D614G",3,2200,0.0013636363636363637
North America,2021-01-18,"D614G,V1228L",17,2200,0.007727272727272728
North America,2021-01-18,"L5F,D614G",11,2200,0.005
North America,2021-01-18,"L5F,D614G,Q677H",13,2200,0.005909090909090909
North America,2021-01-18,"D614G,S640F",3,2200,0.0013636363636363637
North America,2021-01-18,"HV69-,D614G",22,2200,0.01
North America,2021-01-18,"HV69-,Y144-,N501Y,A570D,D614G,P681H,T716I,S982A,D1118H",88,2200,0.04
North America,2021-01-18,"HV69-,Y144-,N501Y,A570D,D614G,P681H,T716I,S982A,D1118H,K1191N",38,2200,0.017272727272727273
North America,2021-01-18,"HV69-,D614G,C1236S",2,2200,0.0009090909090909091
North America,2021-01-18,"N501Y,D614G",5,2200,0.0022727272727272726
North America,2021-01-18,"D614G,P681H",79,2200,0.03590909090909091
North America,2021-01-18,"T478K,D614G,P681H,T732A",37,2200,0.01681818181818182
North America,2021-01-18,"D614G,A845S",6,2200,0.0027272727272727275
North America,2021-01-18,"S12F,D614G",4,2200,0.0018181818181818182
North America,2021-01-18,"S477N,D614G",8,2200,0.0036363636363636364
North America,2021-01-18,"L54F,D614G",8,2200,0.0036363636363636364
North America,2021-01-18,"D614G,P1263L",2,2200,0.0009090909090909091
North America,2021-01-18,"N501T,D614G",18,2200,0.008181818181818182
North America,2021-01-18,"G252V,N501T,D614G",8,2200,0.0036363636363636364
North America,2021-01-18,"T572I,D614G",2,2200,0.0009090909090909091
North America,2021-01-18,"D215Y,D614G",4,2200,0.0018181818181818182
North America,2021-01-18,"D614G,D936Y",4,2200,0.0018181818181818182
North America,2021-01-18,"A222V,D614G",10,2200,0.004545454545454545
North America,2021-01-18,"D614G,M1229I",3,2200,0.0013636363636363637
North America,2021-01-18,"D614G,S939F",3,2200,0.0013636363636363637
North America,2021-01-18,"D614G,A688V",3,2200,0.0013636363636363637
North America,2021-01-18,"D614G,Q677H",76,2200,0.034545454545454546
North America,2021-01-18,"D614G,Q677H,T732S,E1202Q",6,2200,0.0027272727272727275
North America,2021-01-18,"G142S,E180V,D614G,Q677H",5,2200,0.0022727272727272726
North America,2021-01-18,"L18F,D614G,E780Q",7,2200,0.003181818181818182
North America,2021-01-18,"H49Y,D614G",2,2200,0.0009090909090909091
North America,2021-01-18,"D614G,V1264L",11,2200,0.005
North America,2021-01-18,"A520S,D614G",5,2200,0.0022727272727272726
North America,2021-01-18,"M153I,D614G",3,2200,0.0013636363636363637
North America,2021-01-18,"E484K,D614G,V1176F",7,2200,0.003181818181818182
North America,2021-01-18,"D614G,Q675H",9,2200,0.004090909090909091
North America,2021-01-18,"D614G,P812L",11,2200,0.005
North America,2021-01-18,"D614G,V1176F",1,2200,0.00045454545454545455
North America,2021-01-18,"D138Y,D614G",14,2200,0.006363636363636364
North America,2021-01-18,"D614G,P681L",2,2200,0.0009090909090909091
North America,2021-01-18,"S494P,D614G",3,2200,0.0013636363636363637
North America,2021-01-18,"D253G,D614G",1,2200,0.00045454545454545455
North America,2021-01-18,"D138H,D614G",3,2200,0.0013636363636363637
North America,2021-01-18,"D614G,T732A",7,2200,0.003181818181818182
North America,2021-01-18,"D614G,N679K",7,2200,0.003181818181818182
North America,2021-01-18,"Q173K,D614G",5,2200,0.0022727272727272726
North America,2021-01-18,"D614G,A1070S",2,2200,0.0009090909090909091
North America,2021-01-18,"T20I,D614G",13,2200,0.005909090909090909
North America,2021-01-18,"A263S,D614G",3,2200,0.0013636363636363637
North America,2021-01-18,"P251S,D614G",6,2200,0.0027272727272727275
North America,2021-01-18,"D614G,Q677P",30,2200,0.013636363636363636
North America,2021-01-18,"G72R,D614G",6,2200,0.0027272727272727275
North America,2021-01-25,Reference,1,3133,0.0003191828917969997
North America,2021-01-25,D614G,984,3133,0.3140759655282477
North America,2021-01-25,"S13I,P26S,W152C,L452R,D614G",50,3133,0.015959144589849983
North America,2021-01-25,"S13I,W152C,W258L,L452R,D614G",28,3133,0.00893712097031599
North America,2021-01-25,"S13I,W152C,L452R,D614G",280,3133,0.08937120970315991
North America,2021-01-25,"T307I,D614G",2,3133,0.0006383657835939994
North America,2021-01-25,"D614G,V1228L",16,3133,0.005106926268751995
North America,2021-01-25,"L5F,D614G",17,3133,0.005426109160548994
North America,2021-01-25,"L5F,D614G,Q677H",9,3133,0.0028726460261729973
North America,2021-01-25,"D614G,S640F",4,3133,0.0012767315671879987
North America,2021-01-25,"HV69-,D614G",21,3133,0.006702840727736993
North America,2021-01-25,"HV69-,Y144-,N501Y,A570D,D614G,P681H,T716I,S982A,D1118H",80,3133,0.025534631343759974
North America,2021-01-25,"HV69-,Y144-,N501Y,A570D,D614G,P681H,T716I,S982A,D1118H,K1191N",89,3133,0.02840727736993297
North America,2021-01-25,"HV69-,D614G,C1236S",2,3133,0.0006383657835939994
North America,2021-01-25,"N501Y,D614G",4,3133,0.0012767315671879987
North America,2021-01-25,"D614G,P681H",94,3133,0.03000319182891797
North America,2021-01-25,"T478K,D614G,P681H,T732A",81,3133,0.025853814235556973
North America,2021-01-25,"D614G,A845S",9,3133,0.0028726460261729973
North America,2021-01-25,"S12F,D614G",8,3133,0.0025534631343759975
North America,2021-01-25,"S477N,D614G",8,3133,0.0025534631343759975
North America,2021-01-25,"L54F,D614G",5,3133,0.0015959144589849984
North America,2021-01-25,"D614G,P1263L",1,3133,0.0003191828917969997
North America,2021-01-25,"N501T,D614G",23,3133,0.007341206511330993
North America,2021-01-25,"G252V,N501T,D614G",6,3133,0.001915097350781998
North America,2021-01-25,"T572I,D614G",1,3133,0.0003191828917969997
North America,2021-01-25,"D215Y,D614G",3,3133,0.000957548675390999
North America,2021-01-25,"D614G,D936Y",1,3133,0.0003191828917969997
North America,2021-01-25,"A222V,D614G",7,3133,0.0022342802425789976
North America,2021-01-25,"D80Y,D614G",1,3133,0.0003191828917969997
North America,2021-01-25,"D614G,M1229I",3,3133,0.000957548675390999
North America,2021-01-25,"D614G,S939F",6,3133,0.001915097350781998
North America,2021-01-25,"D614G,A688V",3,3133,0.000957548675390999
North America,2021-01-25,"D614G,Q677H",90,3133,0.02872646026172997
North America,2021-01-25,"D614G,Q677H,T732S,E1202Q",12,3133,0.003830194701563996
North America,2021-01-25,"G142S,E180V,D614G,Q677H",10,3133,0.0031918289179699967
North America,2021-01-25,"D614G,E780Q",2,3133,0.0006383657835939994
North America,2021-01-25,"L18F,D614G,E780Q",12,3133,0.003830194701563996
North America,2021-01-25,"H49Y,D614G",10,3133,0.0031918289179699967
North America,2021-01-25,"D614G,V1264L",9,3133,0.0028726460261729973
North America,2021-01-25,"A520S,D614G",21,3133,0.006702840727736993
North America,2021-01-25,"M153I,D614G",1,3133,0.0003191828917969997
North America,2021-01-25,"E484K,D614G,V1176F",5,3133,0.0015959144589849984
North America,2021-01-25,"D614G,Q675H",11,3133,0.0035110118097669966
North America,2021-01-25,"D614G,P812L",10,3133,0.0031918289179699967
North America,2021-01-25,"E583D,D614G",3,3133,0.000957548675390999
North America,2021-01-25,"D614G,V1176F",4,3133,0.0012767315671879987
North America,2021-01-25,"D138Y,D614G",17,3133,0.005426109160548994
North America,2021-01-25,"S221L,D614G",3,3133,0.000957548675390999
North America,2021-01-25,"D111N,D614G",1,3133,0.0003191828917969997
North America,2021-01-25,"S494P,D614G",10,3133,0.0031918289179699967
North America,2021-01-25,"D253G,D614G",1,3133,0.0003191828917969997
North America,2021-01-25,"D614G,T732A",16,3133,0.005106926268751995
North America,2021-01-25,"D614G,N1187Y",1,3133,0.0003191828917969997
North America,2021-01-25,"D614G,N679K",11,3133,0.0035110118097669966
North America,2021-01-25,"Q173K,D614G",9,3133,0.0028726460261729973
North America,2021-01-25,"T20I,D614G",10,3133,0.0031918289179699967
North America,2021-01-25,"A263S,D614G",1,3133,0.0003191828917969997
North America,2021-01-25,"P251S,D614G",13,3133,0.004149377593360996
North America,2021-01-25,"D614G,Q677P",55,3133,0.017555059048834983
North America,2021-01-25,"G72R,D614G",11,3133,0.0035110118097669966
North America,2021-02-01,D614G,773,2547,0.30349430702787594
North America,2021-02-01,"S13I,P26S,W152C,L452R,D614G",29,2547,0.011385944248135061
North America,2021-02-01,"S13I,W152C,W258L,L452R,D614G",42,2547,0.016489988221436984
North America,2021-02-01,"S13I,W152C,L452R,D614G",292,2547,0.11464468001570476
North America,2021-02-01,"D614G,V1228L",12,2547,0.004711425206124852
North America,2021-02-01,"L5F,D614G",18,2547,0.007067137809187279
North America,2021-02-01,"L5F,D614G,Q677H",17,2547,0.006674519042010208
North America,2021-02-01,"D614G,S640F",4,2547,0.0015704750687082843
North America,2021-02-01,"HV69-,D614G",5,2547,0.0019630938358853552
North America,2021-02-01,"HV69-,Y144-,N501Y,A570D,D614G,P681H,T716I,S982A,D1118H",67,2547,0.02630545740086376
North America,2021-02-01,"HV69-,Y144-,N501Y,A570D,D614G,P681H,T716I,S982A,D1118H,K1191N",20,2547,0.007852375343541421
North America,2021-02-01,"N501Y,D614G",10,2547,0.0039261876717707105
North America,2021-02-01,"D614G,P681H",61,2547,0.023949744797801334
North America,2021-02-01,"T478K,D614G,P681H,T732A",92,2547,0.036120926580290535
North America,2021-02-01,"D614G,A845S",11,2547,0.0043188064389477815
North America,2021-02-01,"S12F,D614G",4,2547,0.0015704750687082843
North America,2021-02-01,"S477N,D614G",6,2547,0.002355712603062426
North America,2021-02-01,"L54F,D614G",5,2547,0.0019630938358853552
North America,2021-02-01,"D614G,P1263L",3,2547,0.001177856301531213
North America,2021-02-01,"N501T,D614G",17,2547,0.006674519042010208
North America,2021-02-01,"G252V,N501T,D614G",11,2547,0.0043188064389477815
North America,2021-02-01,"T572I,D614G",3,2547,0.001177856301531213
North America,2021-02-01,"D614G,D936Y",2,2547,0.0007852375343541421
North America,2021-02-01,"A222V,D614G",8,2547,0.0031409501374165686
North America,2021-02-01,"D614G,M1229I",1,2547,0.00039261876717707107
North America,2021-02-01,"D614G,S939F",3,2547,0.001177856301531213
North America,2021-02-01,"D614G,A688V",8,2547,0.0031409501374165686
North America,2021-02-01,"D614G,Q677H",78,2547,0.030624263839811542
North America,2021-02-01,"D614G,Q677H,T732S,E1202Q",7,2547,0.0027483313702394976
North America,2021-02-01,"G142S,E180V,D614G,Q677H",11,2547,0.0043188064389477815
North America,2021-02-01,"L18F,D614G,E780Q",15,2547,0.005889281507656066
North America,2021-02-01,"H49Y,D614G",5,2547,0.0019630938358853552
North America,2021-02-01,"D614G,V1264L",3,2547,0.001177856301531213
North America,2021-02-01,"A520S,D614G",16,2547,0.006281900274833137
North America,2021-02-01,"M153I,D614G",1,2547,0.00039261876717707107
North America,2021-02-01,"E484K,D614G,V1176F",10,2547,0.0039261876717707105
North America,2021-02-01,"D614G,Q675H",6,2547,0.002355712603062426
North America,2021-02-01,"D614G,P812L",10,2547,0.0039261876717707105
North America,2021-02-01,"E583D,D614G",2,2547,0.0007852375343541421
North America,2021-02-01,"D614G,V1176F",5,2547,0.0019630938358853552
North America,2021-02-01,"D138Y,D614G",11,2547,0.0043188064389477815
North America,2021-02-01,"S221L,D614G",3,2547,0.001177856301531213
North America,2021-02-01,"D111N,D614G",2,2547,0.0007852375343541421
North America,2021-02-01,"S494P,D614G",5,2547,0.0019630938358853552
North America,2021-02-01,"D253G,D614G",2,2547,0.0007852375343541421
North America,2021-02-01,"D138H,D614G",1,2547,0.00039261876717707107
North America,2021-02-01,"D614G,T732A",7,2547,0.0027483313702394976
North America,2021-02-01,"D614G,N679K",9,2547,0.0035335689045936395
North America,2021-02-01,"Q173K,D614G",13,2547,0.005104043973301924
North America,2021-02-01,"D614G,A1070S",1,2547,0.00039261876717707107
North America,2021-02-01,"T20I,D614G",10,2547,0.0039261876717707105
North America,2021-02-01,"P251S,D614G",3,2547,0.001177856301531213
North America,2021-02-01,"D614G,Q677P",40,2547,0.015704750687082842
North America,2021-02-01,"G72R,D614G",16,2547,0.006281900274833137
North America,2021-02-08,D614G,272,946,0.28752642706131076
North America,2021-02-08,"S13I,P26S,W152C,L452R,D614G",17,946,0.017970401691331923
North America,2021-02-08,"S13I,W152C,W258L,L452R,D614G",22,946,0.023255813953488372
North America,2021-02-08,"S13I,W152C,L452R,D614G",118,946,0.12473572938689217
North America,2021-02-08,"D614G,V1228L",5,946,0.005285412262156448
North America,2021-02-08,"L5F,D614G",4,946,0.004228329809725159
North America,2021-02-08,"L5F,D614G,Q677H",7,946,0.007399577167019027
North America,2021-02-08,"D614G,S640F",2,946,0.0021141649048625794
North America,2021-02-08,"HV69-,D614G",3,946,0.003171247357293869
North America,2021-02-08,"HV69-,Y144-,N501Y,A570D,D614G,P681H,T716I,S982A,D1118H",16,946,0.016913319238900635
North America,2021-02-08,"HV69-,Y144-,N501Y,A570D,D614G,P681H,T716I,S982A,D1118H,K1191N",5,946,0.005285412262156448
North America,2021-02-08,"N501Y,D614G",12,946,0.012684989429175475
North America,2021-02-08,"D614G,P681H",33,946,0.03488372093023256
North America,2021-02-08,"T478K,D614G,P681H,T732A",34,946,0.035940803382663845
North America,2021-02-08,"D614G,A845S",1,946,0.0010570824524312897
North America,2021-02-08,"S12F,D614G",2,946,0.0021141649048625794
North America,2021-02-08,"S477N,D614G",3,946,0.003171247357293869
North America,2021-02-08,"L54F,D614G",2,946,0.0021141649048625794
North America,2021-02-08,"H146Y,D614G",1,946,0.0010570824524312897
North America,2021-02-08,"N501T,D614G",6,946,0.006342494714587738
North America,2021-02-08,"G252V,N501T,D614G",4,946,0.004228329809725159
North America,2021-02-08,"T572I,D614G",1,946,0.0010570824524312897
North America,2021-02-08,"D215Y,D614G",1,946,0.0010570824524312897
North America,2021-02-08,"D614G,D936Y",1,946,0.0010570824524312897
North America,2021-02-08,"A222V,D614G",2,946,0.0021141649048625794
North America,2021-02-08,"D614G,S939F",2,946,0.0021141649048625794
North America,2021-02-08,"D614G,Q677H",42,946,0.04439746300211417
North America,2021-02-08,"D614G,Q677H,T732S,E1202Q",1,946,0.0010570824524312897
North America,2021-02-08,"G142S,E180V,D614G,Q677H",2,946,0.0021141649048625794
North America,2021-02-08,"L18F,D614G,E780Q",2,946,0.0021141649048625794
North America,2021-02-08,"D614G,V1264L",2,946,0.0021141649048625794
North America,2021-02-08,"A520S,D614G",3,946,0.003171247357293869
North America,2021-02-08,"M153I,D614G",1,946,0.0010570824524312897
North America,2021-02-08,"E484K,D614G,V1176F",4,946,0.004228329809725159
North America,2021-02-08,"D614G,Q675H",3,946,0.003171247357293869
North America,2021-02-08,"D614G,P812L",6,946,0.006342494714587738
North America,2021-02-08,"E583D,D614G",2,946,0.0021141649048625794
North America,2021-02-08,"D138Y,D614G",2,946,0.0021141649048625794
North America,2021-02-08,"S494P,D614G",3,946,0.003171247357293869
North America,2021-02-08,"D253G,D614G",1,946,0.0010570824524312897
North America,2021-02-08,"D138H,D614G",2,946,0.0021141649048625794
North America,2021-02-08,"D614G,T732A",4,946,0.004228329809725159
North America,2021-02-08,"D614G,N679K",7,946,0.007399577167019027
North America,2021-02-08,"Q173K,D614G",3,946,0.003171247357293869
North America,2021-02-08,"T20I,D614G",5,946,0.005285412262156448
North America,2021-02-08,"P251S,D614G",2,946,0.0021141649048625794
North America,2021-02-08,"D614G,Q677P",6,946,0.006342494714587738
North America,2021-02-08,"G72R,D614G",2,946,0.0021141649048625794
North America,2021-02-15,D614G,9,36,0.25
North America,2021-02-15,"S13I,W152C,L452R,D614G",2,36,0.05555555555555555
North America,2021-02-15,"HV69-,Y144-,N501Y,A570D,D614G,P681H,T716I,S982A,D1118H",4,36,0.1111111111111111
North America,2021-02-15,"D614G,P681H",10,36,0.2777777777777778
North America,2021-02-15,"L54F,D614G",1,36,0.027777777777777776
North America,2021-02-15,"D614G,Q677H",1,36,0.027777777777777776
North America,2021-02-15,"A520S,D614G",1,36,0.027777777777777776
Oceania,2020-08-24,D614G,9,439,0.02050113895216401
Oceania,2020-08-24,"S477N,D614G",48,439,0.10933940774487472
Oceania,2020-08-24,"S477N,D614G,A930V",1,439,0.002277904328018223
Oceania,2020-08-24,"S477N,D614G,E1144Q",1,439,0.002277904328018223
Oceania,2020-08-24,"V320I,S477N,D614G",2,439,0.004555808656036446
Oceania,2020-08-31,D614G,58,304,0.19078947368421054
Oceania,2020-08-31,"S477N,D614G,T778I",2,304,0.006578947368421052
Oceania,2020-08-31,"S477N,D614G",187,304,0.6151315789473685
Oceania,2020-08-31,"S477N,D614G,A930V",4,304,0.013157894736842105
Oceania,2020-08-31,"S477N,D614G,S698L",9,304,0.029605263157894735
Oceania,2020-08-31,"S477N,D614G,E1144Q",4,304,0.013157894736842105
Oceania,2020-08-31,"V320I,S477N,D614G",2,304,0.006578947368421052
Oceania,2020-08-31,"D614G,V1264L",1,304,0.003289473684210526
Oceania,2020-09-07,D614G,32,180,0.17777777777777778
Oceania,2020-09-07,"S477N,D614G",124,180,0.6888888888888889
Oceania,2020-09-07,"S477N,D614G,S698L",6,180,0.03333333333333333
Oceania,2020-09-07,"S477N,D614G,E1144Q",2,180,0.011111111111111112
Oceania,2020-09-07,"D80Y,D614G",1,180,0.005555555555555556
Oceania,2020-09-14,D614G,16,151,0.10596026490066225
Oceania,2020-09-14,"S477N,D614G",114,151,0.7549668874172185
Oceania,2020-09-14,"S477N,D614G,E1144Q",1,151,0.006622516556291391
Oceania,2020-09-21,D614G,9,43,0.20930232558139536
Oceania,2020-09-21,"S477N,D614G",29,43,0.6744186046511628
Oceania,2020-09-21,"S477N,D614G,A930V",1,43,0.023255813953488372
Oceania,2020-09-21,"V320I,S477N,D614G",1,43,0.023255813953488372
Oceania,2020-09-28,D614G,7,16,0.4375
Oceania,2020-09-28,"S477N,D614G",9,16,0.5625
Oceania,2020-10-05,D614G,2,11,0.18181818181818182
Oceania,2020-10-05,"S477N,D614G",7,11,0.6363636363636364
Oceania,2020-10-12,"S477N,D614G",1,5,0.2
Oceania,2020-10-19,D614G,1,2,0.5
South America,2020-09-14,D614G,10,17,0.5882352941176471
South America,2020-09-14,"D614G,V1228L",1,17,0.058823529411764705
South America,2020-10-26,Reference,1,1,1.0
South America,2020-11-16,"D614G,V1176F",1,1,1.0
