snv_name,pos,ref,alt,count,freq
D614G,614,D,G,64063,92.77635370957698
S477N,477,S,N,10334,14.965749952933338
P681H,681,P,H,2476,3.5857554561121487
L452R,452,L,R,2388,3.4583134205152715
S13I,13,S,I,2357,3.4134190670663713
W152C,152,W,C,2266,3.2816324166196003
HV69-,69,HV,-,1500,2.1723074249467786
Q677H,677,Q,H,1474,2.1346540962477007
L5F,5,L,F,1076,1.5582685261618223
N501Y,501,N,Y,1063,1.5394418618122836
Y144-,144,Y,-,1040,1.5061331479630997
T716I,716,T,I,1022,1.4800654588637383
A570D,570,A,D,973,1.409103416315477
D1118H,1118,D,H,973,1.409103416315477
S982A,982,S,A,972,1.4076552113655125
T732A,732,T,A,687,0.9949168006256245
A222V,222,A,V,572,0.828373231379705
D253G,253,D,G,514,0.7443773442817628
L54F,54,L,F,448,0.6487958175841045
N501T,501,N,T,410,0.5937640294854528
E780Q,780,E,Q,389,0.563351725536198
Q677P,677,Q,P,359,0.5199055770372624
T478K,478,T,K,351,0.5083199374375461
P26S,26,P,S,349,0.5054235275376171
K1191N,1191,K,N,342,0.4952860928878655
A520S,520,A,S,340,0.49238968298793645
L18F,18,L,F,279,0.4040491810401008
E484K,484,E,K,266,0.385222516690562
V1228L,1228,V,L,251,0.3634994424410942
T632N,632,T,N,241,0.34901739294144907
G1124V,1124,G,V,238,0.3446727780915555
D138Y,138,D,Y,237,0.343224573141591
Q675H,675,Q,H,228,0.33019072859191034
V1176F,1176,V,F,221,0.3200532939421587
S698L,698,S,L,206,0.2983302196926909
S939F,939,S,F,203,0.29398560484279734
H49Y,49,H,Y,199,0.2881927850429393
W258L,258,W,L,196,0.2838481701930457
P812L,812,P,L,194,0.2809517602931167
D80Y,80,D,Y,180,0.2606768909936134
D138H,138,D,H,170,0.24619484149396823
Q173K,173,Q,K,162,0.23460920189425208
S494P,494,S,P,156,0.22591997219446494
S12F,12,S,F,155,0.22447176724450044
T572I,572,T,I,154,0.2230235622945359
E583D,583,E,D,153,0.2215753573445714
M153I,153,M,I,152,0.22012715239460687
T732S,732,T,S,146,0.21143792269481976
S254F,254,S,F,145,0.20998971774485528
T859I,859,T,I,139,0.20130048804506812
G769V,769,G,V,137,0.19840407814513908
T20I,20,T,I,134,0.19405946329524554
T95I,95,T,I,129,0.18681843854542296
A845S,845,A,S,127,0.18392202864549392
A930V,930,A,V,122,0.17668100389567132
T29I,29,T,I,120,0.17378459399574225
A688V,688,A,V,115,0.16654356924591968
D936Y,936,D,Y,115,0.16654356924591968
E1202Q,1202,E,Q,114,0.16509536429595517
S98F,98,S,F,112,0.16219895439602613
E1144Q,1144,E,Q,111,0.1607507494460616
P681R,681,P,R,107,0.15495792964620353
V382L,382,V,L,107,0.15495792964620353
V1264L,1264,V,L,106,0.153509724696239
S640F,640,S,F,106,0.153509724696239
N679K,679,N,K,102,0.14771690489638092
G142D,142,G,D,101,0.14626869994641642
M1229I,1229,M,I,92,0.13323485539673574
L176F,176,L,F,92,0.13323485539673574
G72R,72,G,R,91,0.1317866504467712
N439K,439,N,K,89,0.12889024054684217
E180V,180,E,V,88,0.12744203559687767
G142S,142,G,S,84,0.1216492157970196
P1263L,1263,P,L,83,0.12020101084705508
T1117I,1117,T,I,83,0.12020101084705508
G252V,252,G,V,82,0.11875280589709056
T778I,778,T,I,82,0.11875280589709056
P26L,26,P,L,81,0.11730460094712604
P681L,681,P,L,81,0.11730460094712604
M1237I,1237,M,I,79,0.114408191047197
A1078S,1078,A,S,79,0.114408191047197
T307I,307,T,I,79,0.114408191047197
A701V,701,A,V,78,0.11295998609723247
D215Y,215,D,Y,78,0.11295998609723247
D111N,111,D,N,77,0.11151178114726795
P272L,272,P,L,76,0.11006357619730343
V1104L,1104,V,L,76,0.11006357619730343
P251S,251,P,S,75,0.10861537124733892
A522S,522,A,S,73,0.10571896134740988
H655Y,655,H,Y,72,0.10427075639744536
H146Y,146,H,Y,72,0.10427075639744536
A879S,879,A,S,72,0.10427075639744536
S221L,221,S,L,71,0.10282255144748084
V90F,90,V,F,68,0.0984779365975873
Q613H,613,Q,H,67,0.09702973164762277
K1073N,1073,K,N,66,0.09558152669765825
T22N,22,T,N,66,0.09558152669765825
W152L,152,W,L,65,0.09413332174769373
A263S,263,A,S,64,0.09268511679772921
D178N,178,D,N,64,0.09268511679772921
N1187Y,1187,N,Y,63,0.0912369118477647
A845D,845,A,D,62,0.08978870689780018
M177I,177,M,I,62,0.08978870689780018
D936N,936,D,N,60,0.08689229699787113
A1070S,1070,A,S,60,0.08689229699787113
Q675R,675,Q,R,59,0.08544409204790662
G1167V,1167,G,V,59,0.08544409204790662
F220L,220,F,L,59,0.08544409204790662
A475S,475,A,S,58,0.0839958870979421
G1219C,1219,G,C,58,0.0839958870979421
L822F,822,L,F,57,0.08254768214797759
S1252F,1252,S,F,57,0.08254768214797759
V308L,308,V,L,57,0.08254768214797759
C1236S,1236,C,S,57,0.08254768214797759
T22I,22,T,I,57,0.08254768214797759
V320I,320,V,I,55,0.07965127224804855
P809S,809,P,S,55,0.07965127224804855
D215G,215,D,G,55,0.07965127224804855
F486L,486,F,L,54,0.07820306729808403
L189F,189,L,F,54,0.07820306729808403
S477R,477,S,R,54,0.07820306729808403
A522V,522,A,V,53,0.0767548623481195
H69Y,69,H,Y,53,0.0767548623481195
H1101Y,1101,H,Y,52,0.07530665739815498
A1020V,1020,A,V,52,0.07530665739815498
T747I,747,T,I,51,0.07385845244819046
V483A,483,V,A,51,0.07385845244819046
G75V,75,G,V,51,0.07385845244819046
A1070V,1070,A,V,50,0.07241024749822594
P1162S,1162,P,S,50,0.07241024749822594
F157L,157,F,L,48,0.06951383759829691
V1164F,1164,V,F,48,0.06951383759829691
A27S,27,A,S,47,0.0680656326483324
A67V,67,A,V,47,0.0680656326483324
V1040F,1040,V,F,46,0.06661742769836787
A262S,262,A,S,46,0.06661742769836787
P330S,330,P,S,45,0.06516922274840335
Q52H,52,Q,H,45,0.06516922274840335
F32L,32,F,L,44,0.06372101779843883
K558N,558,K,N,43,0.062272812848474315
V143F,143,V,F,43,0.062272812848474315
S256L,256,S,L,42,0.0608246078985098
P384L,384,P,L,42,0.0608246078985098
V772I,772,V,I,42,0.0608246078985098
A653V,653,A,V,42,0.0608246078985098
S255F,255,S,F,41,0.05937640294854528
S673T,673,S,T,41,0.05937640294854528
A1020S,1020,A,S,41,0.05937640294854528
V1122L,1122,V,L,40,0.05792819799858076
D1163Y,1163,D,Y,40,0.05792819799858076
A771S,771,A,S,40,0.05792819799858076
V622F,622,V,F,40,0.05792819799858076
L938F,938,L,F,40,0.05792819799858076
T478R,478,T,R,39,0.056479993048616235
A27V,27,A,V,39,0.056479993048616235
A243S,243,A,S,39,0.056479993048616235
D1084Y,1084,D,Y,38,0.05503178809865172
P631S,631,P,S,38,0.05503178809865172
P812S,812,P,S,38,0.05503178809865172
D936H,936,D,H,38,0.05503178809865172
A67S,67,A,S,38,0.05503178809865172
D1153Y,1153,D,Y,37,0.0535835831486872
Q677R,677,Q,R,37,0.0535835831486872
T76I,76,T,I,37,0.0535835831486872
D839Y,839,D,Y,36,0.05213537819872268
Q14H,14,Q,H,36,0.05213537819872268
P1112L,1112,P,L,36,0.05213537819872268
C1243F,1243,C,F,36,0.05213537819872268
G485R,485,G,R,36,0.05213537819872268
D215H,215,D,H,36,0.05213537819872268
D1260Y,1260,D,Y,36,0.05213537819872268
H245Y,245,H,Y,35,0.05068717324875816
V367F,367,V,F,35,0.05068717324875816
T547I,547,T,I,35,0.05068717324875816
C1235F,1235,C,F,35,0.05068717324875816
S704L,704,S,L,35,0.05068717324875816
V622I,622,V,I,35,0.05068717324875816
P251H,251,P,H,34,0.04923896829879365
A1078T,1078,A,T,34,0.04923896829879365
D198G,198,D,G,34,0.04923896829879365
S359N,359,S,N,34,0.04923896829879365
L8V,8,L,V,34,0.04923896829879365
T1027I,1027,T,I,32,0.04634255839886461
M731I,731,M,I,32,0.04634255839886461
D1118Y,1118,D,Y,32,0.04634255839886461
Q1071L,1071,Q,L,31,0.04489435344890009
C1250F,1250,C,F,31,0.04489435344890009
W152R,152,W,R,31,0.04489435344890009
F1052L,1052,F,L,31,0.04489435344890009
E156V,156,E,V,31,0.04489435344890009
S689I,689,S,I,31,0.04489435344890009
E309Q,309,E,Q,31,0.04489435344890009
G1219V,1219,G,V,31,0.04489435344890009
M153T,153,M,T,30,0.04344614849893556
V213L,213,V,L,30,0.04344614849893556
V70F,70,V,F,29,0.04199794354897105
E654Q,654,E,Q,29,0.04199794354897105
A344S,344,A,S,29,0.04199794354897105
C136G,136,C,G,29,0.04199794354897105
G181R,181,G,R,29,0.04199794354897105
D1168G,1168,D,G,29,0.04199794354897105
L1063F,1063,L,F,28,0.040549738599006534
S940F,940,S,F,28,0.040549738599006534
A899S,899,A,S,27,0.039101533649042015
T604I,604,T,I,27,0.039101533649042015
G1167A,1167,G,A,27,0.039101533649042015
M900I,900,M,I,26,0.03765332869907749
P1162L,1162,P,L,26,0.03765332869907749
LGVY141-,141,LGVY,-,26,0.03765332869907749
A1078V,1078,A,V,26,0.03765332869907749
T723I,723,T,I,26,0.03765332869907749
A626S,626,A,S,26,0.03765332869907749
R78M,78,R,M,26,0.03765332869907749
Y453F,453,Y,F,26,0.03765332869907749
F2L,2,F,L,25,0.03620512374911297
G257S,257,G,S,25,0.03620512374911297
F490S,490,F,S,25,0.03620512374911297
D796Y,796,D,Y,24,0.034756918799148454
V1133A,1133,V,A,24,0.034756918799148454
A684V,684,A,V,24,0.034756918799148454
L455F,455,L,F,24,0.034756918799148454
D574Y,574,D,Y,24,0.034756918799148454
D88H,88,D,H,24,0.034756918799148454
I569F,569,I,F,23,0.033308713849183935
T791I,791,T,I,23,0.033308713849183935
L216F,216,L,F,23,0.033308713849183935
E554D,554,E,D,23,0.033308713849183935
V6F,6,V,F,23,0.033308713849183935
V127F,127,V,F,23,0.033308713849183935
S929I,929,S,I,23,0.033308713849183935
H1083Q,1083,H,Q,22,0.03186050889921942
C1247F,1247,C,F,22,0.03186050889921942
R21I,21,R,I,22,0.03186050889921942
T719I,719,T,I,22,0.03186050889921942
P26H,26,P,H,22,0.03186050889921942
LGV141-,141,LGV,-,22,0.03186050889921942
T299I,299,T,I,21,0.0304123039492549
A871V,871,A,V,21,0.0304123039492549
S71F,71,S,F,21,0.0304123039492549
V1164I,1164,V,I,21,0.0304123039492549
L922F,922,L,F,21,0.0304123039492549
R408I,408,R,I,21,0.0304123039492549
Q607H,607,Q,H,21,0.0304123039492549
I584V,584,I,V,20,0.02896409899929038
E484Q,484,E,Q,20,0.02896409899929038
A846V,846,A,V,20,0.02896409899929038
G257D,257,G,D,20,0.02896409899929038
A672V,672,A,V,20,0.02896409899929038
N1192T,1192,N,T,20,0.02896409899929038
A626V,626,A,V,20,0.02896409899929038
A892S,892,A,S,19,0.02751589404932586
G446V,446,G,V,19,0.02751589404932586
L1203F,1203,L,F,19,0.02751589404932586
V687I,687,V,I,19,0.02751589404932586
T678I,678,T,I,19,0.02751589404932586
D808G,808,D,G,19,0.02751589404932586
M153V,153,M,V,19,0.02751589404932586
LLA241-,241,LLA,-,19,0.02751589404932586
P384S,384,P,S,19,0.02751589404932586
A1174V,1174,A,V,19,0.02751589404932586
A570V,570,A,V,19,0.02751589404932586
P479S,479,P,S,18,0.02606768909936134
Q52L,52,Q,L,18,0.02606768909936134
N856S,856,N,S,18,0.02606768909936134
G257V,257,G,V,18,0.02606768909936134
A575S,575,A,S,18,0.02606768909936134
A701T,701,A,T,17,0.024619484149396825
D178G,178,D,G,17,0.024619484149396825
Y674F,674,Y,F,17,0.024619484149396825
Y145H,145,Y,H,17,0.024619484149396825
G181V,181,G,V,17,0.024619484149396825
F643L,643,F,L,17,0.024619484149396825
S477I,477,S,I,17,0.024619484149396825
S50L,50,S,L,17,0.024619484149396825
E1207D,1207,E,D,17,0.024619484149396825
D1139N,1139,D,N,17,0.024619484149396825
A263T,263,A,T,16,0.023171279199432303
A623S,623,A,S,16,0.023171279199432303
V227L,227,V,L,16,0.023171279199432303
I197V,197,I,V,16,0.023171279199432303
E156D,156,E,D,16,0.023171279199432303
P809L,809,P,L,16,0.023171279199432303
R214L,214,R,L,16,0.023171279199432303
D80A,80,D,A,15,0.02172307424946778
S155I,155,S,I,15,0.02172307424946778
G181A,181,G,A,15,0.02172307424946778
V289I,289,V,I,15,0.02172307424946778
K854N,854,K,N,15,0.02172307424946778
I818V,818,I,V,15,0.02172307424946778
V3G,3,V,G,15,0.02172307424946778
S813I,813,S,I,15,0.02172307424946778
Q1201K,1201,Q,K,15,0.02172307424946778
R847T,847,R,T,14,0.020274869299503267
Q1208H,1208,Q,H,14,0.020274869299503267
R102S,102,R,S,14,0.020274869299503267
T638A,638,T,A,14,0.020274869299503267
T676I,676,T,I,14,0.020274869299503267
F565L,565,F,L,14,0.020274869299503267
T240I,240,T,I,14,0.020274869299503267
L141F,141,L,F,14,0.020274869299503267
A879V,879,A,V,14,0.020274869299503267
M1237V,1237,M,V,14,0.020274869299503267
T1116N,1116,T,N,14,0.020274869299503267
Q173P,173,Q,P,14,0.020274869299503267
M1050I,1050,M,I,14,0.020274869299503267
T19I,19,T,I,13,0.018826664349538745
E654K,654,E,K,13,0.018826664349538745
A1026S,1026,A,S,13,0.018826664349538745
S691F,691,S,F,13,0.018826664349538745
V1094I,1094,V,I,13,0.018826664349538745
I210-,210,I,-,13,0.018826664349538745
E96D,96,E,D,13,0.018826664349538745
N657K,657,N,K,13,0.018826664349538745
K417N,417,K,N,13,0.018826664349538745
G476S,476,G,S,13,0.018826664349538745
R346K,346,R,K,13,0.018826664349538745
D950N,950,D,N,13,0.018826664349538745
T573I,573,T,I,13,0.018826664349538745
T323I,323,T,I,13,0.018826664349538745
N641K,641,N,K,13,0.018826664349538745
P9L,9,P,L,13,0.018826664349538745
R1091H,1091,R,H,13,0.018826664349538745
G1251R,1251,G,R,13,0.018826664349538745
V367I,367,V,I,13,0.018826664349538745
K1205N,1205,K,N,13,0.018826664349538745
Q52R,52,Q,R,13,0.018826664349538745
T95A,95,T,A,13,0.018826664349538745
T1120I,1120,T,I,12,0.017378459399574227
P174S,174,P,S,12,0.017378459399574227
G946V,946,G,V,12,0.017378459399574227
R1014K,1014,R,K,12,0.017378459399574227
D215AAGY,215,D,AAGY,12,0.017378459399574227
R21T,21,R,T,12,0.017378459399574227
A647S,647,A,S,12,0.017378459399574227
H69Q,69,H,Q,12,0.017378459399574227
T299A,299,T,A,12,0.017378459399574227
I670L,670,I,L,12,0.017378459399574227
Y28H,28,Y,H,12,0.017378459399574227
N149Y,149,N,Y,12,0.017378459399574227
Q1201H,1201,Q,H,12,0.017378459399574227
V16F,16,V,F,12,0.017378459399574227
D253Y,253,D,Y,12,0.017378459399574227
D1259Y,1259,D,Y,12,0.017378459399574227
R765L,765,R,L,12,0.017378459399574227
F888L,888,F,L,12,0.017378459399574227
V62L,62,V,L,11,0.01593025444960971
T638I,638,T,I,11,0.01593025444960971
V687L,687,V,L,11,0.01593025444960971
C15F,15,C,F,11,0.01593025444960971
G1251V,1251,G,V,11,0.01593025444960971
S680F,680,S,F,11,0.01593025444960971
D796G,796,D,G,11,0.01593025444960971
S151I,151,S,I,11,0.01593025444960971
AL243-,243,AL,-,11,0.01593025444960971
Y144F,144,Y,F,11,0.01593025444960971
T1009I,1009,T,I,11,0.01593025444960971
N1023S,1023,N,S,11,0.01593025444960971
V1068F,1068,V,F,11,0.01593025444960971
A348S,348,A,S,11,0.01593025444960971
Q957L,957,Q,L,11,0.01593025444960971
T51I,51,T,I,11,0.01593025444960971
A892V,892,A,V,11,0.01593025444960971
V1230L,1230,V,L,11,0.01593025444960971
T385I,385,T,I,11,0.01593025444960971
M740I,740,M,I,11,0.01593025444960971
K1073T,1073,K,T,11,0.01593025444960971
N370S,370,N,S,11,0.01593025444960971
P9S,9,P,S,11,0.01593025444960971
N717S,717,N,S,11,0.01593025444960971
R190M,190,R,M,11,0.01593025444960971
R403K,403,R,K,11,0.01593025444960971
A829T,829,A,T,11,0.01593025444960971
S1261F,1261,S,F,11,0.01593025444960971
P25L,25,P,L,10,0.01448204949964519
E654V,654,E,V,10,0.01448204949964519
V622A,622,V,A,10,0.01448204949964519
V6I,6,V,I,10,0.01448204949964519
P1079S,1079,P,S,10,0.01448204949964519
Q779R,779,Q,R,10,0.01448204949964519
T1006I,1006,T,I,10,0.01448204949964519
T478I,478,T,I,10,0.01448204949964519
L1224S,1224,L,S,10,0.01448204949964519
S735L,735,S,L,10,0.01448204949964519
Q414R,414,Q,R,10,0.01448204949964519
V1122M,1122,V,M,10,0.01448204949964519
A706V,706,A,V,10,0.01448204949964519
V483F,483,V,F,10,0.01448204949964519
Q690R,690,Q,R,10,0.01448204949964519
-4F,4,-,F,10,0.01448204949964519
T95N,95,T,N,10,0.01448204949964519
I210V,210,I,V,10,0.01448204949964519
R102I,102,R,I,10,0.01448204949964519
A222S,222,A,S,10,0.01448204949964519
I402V,402,I,V,9,0.01303384454968067
S1242I,1242,S,I,9,0.01303384454968067
L585F,585,L,F,9,0.01303384454968067
D796H,796,D,H,9,0.01303384454968067
S1239T,1239,S,T,9,0.01303384454968067
D253V,253,D,V,9,0.01303384454968067
E619G,619,E,G,9,0.01303384454968067
T250I,250,T,I,9,0.01303384454968067
T547K,547,T,K,9,0.01303384454968067
N679S,679,N,S,9,0.01303384454968067
A475V,475,A,V,9,0.01303384454968067
G838D,838,G,D,9,0.01303384454968067
H146Q,146,H,Q,9,0.01303384454968067
R21K,21,R,K,9,0.01303384454968067
R190S,190,R,S,9,0.01303384454968067
Y508H,508,Y,H,9,0.01303384454968067
V47I,47,V,I,9,0.01303384454968067
G261D,261,G,D,9,0.01303384454968067
D1163G,1163,D,G,9,0.01303384454968067
L518I,518,L,I,9,0.01303384454968067
D1260N,1260,D,N,9,0.01303384454968067
S112L,112,S,L,9,0.01303384454968067
A163V,163,A,V,9,0.01303384454968067
E156Q,156,E,Q,9,0.01303384454968067
F140-,140,F,-,9,0.01303384454968067
T859N,859,T,N,9,0.01303384454968067
S884F,884,S,F,9,0.01303384454968067
A845V,845,A,V,9,0.01303384454968067
T1238I,1238,T,I,9,0.01303384454968067
G142V,142,G,V,9,0.01303384454968067
A831V,831,A,V,9,0.01303384454968067
E583Q,583,E,Q,8,0.011585639599716152
C1248F,1248,C,F,8,0.011585639599716152
R1091L,1091,R,L,8,0.011585639599716152
Y144H,144,Y,H,8,0.011585639599716152
F1109I,1109,F,I,8,0.011585639599716152
V171F,171,V,F,8,0.011585639599716152
V642G,642,V,G,8,0.011585639599716152
P479L,479,P,L,8,0.011585639599716152
A163S,163,A,S,8,0.011585639599716152
N211Y,211,N,Y,8,0.011585639599716152
Q926H,926,Q,H,8,0.011585639599716152
G261R,261,G,R,8,0.011585639599716152
F1103L,1103,F,L,8,0.011585639599716152
E406Q,406,E,Q,8,0.011585639599716152
R237S,237,R,S,8,0.011585639599716152
T1231A,1231,T,A,8,0.011585639599716152
Q690H,690,Q,H,8,0.011585639599716152
I68T,68,I,T,8,0.011585639599716152
A846G,846,A,G,8,0.011585639599716152
G72W,72,G,W,8,0.011585639599716152
L8F,8,L,F,8,0.011585639599716152
T22P,22,T,P,8,0.011585639599716152
K356R,356,K,R,8,0.011585639599716152
P521S,521,P,S,8,0.011585639599716152
V1133F,1133,V,F,8,0.011585639599716152
G35V,35,G,V,8,0.011585639599716152
L249S,249,L,S,8,0.011585639599716152
F59S,59,F,S,8,0.011585639599716152
S247N,247,S,N,8,0.011585639599716152
A1087S,1087,A,S,8,0.011585639599716152
I1232F,1232,I,F,8,0.011585639599716152
P1069S,1069,P,S,8,0.011585639599716152
V341I,341,V,I,7,0.010137434649751633
T791K,791,T,K,7,0.010137434649751633
T553I,553,T,I,7,0.010137434649751633
A262T,262,A,T,7,0.010137434649751633
L118F,118,L,F,7,0.010137434649751633
K814M,814,K,M,7,0.010137434649751633
V911I,911,V,I,7,0.010137434649751633
D253N,253,D,N,7,0.010137434649751633
E1111Q,1111,E,Q,7,0.010137434649751633
E1150D,1150,E,D,7,0.010137434649751633
G769R,769,G,R,7,0.010137434649751633
Q239K,239,Q,K,7,0.010137434649751633
N148T,148,N,T,7,0.010137434649751633
A352S,352,A,S,7,0.010137434649751633
A893S,893,A,S,7,0.010137434649751633
G261V,261,G,V,7,0.010137434649751633
I870V,870,I,V,7,0.010137434649751633
M177T,177,M,T,7,0.010137434649751633
D1163V,1163,D,V,7,0.010137434649751633
I1114T,1114,I,T,7,0.010137434649751633
K77M,77,K,M,7,0.010137434649751633
I119V,119,I,V,7,0.010137434649751633
Q1071H,1071,Q,H,7,0.010137434649751633
Q314K,314,Q,K,7,0.010137434649751633
V367L,367,V,L,7,0.010137434649751633
N165H,165,N,H,7,0.010137434649751633
S256P,256,S,P,7,0.010137434649751633
S1097L,1097,S,L,7,0.010137434649751633
K97T,97,K,T,7,0.010137434649751633
M1229L,1229,M,L,7,0.010137434649751633
D1153G,1153,D,G,7,0.010137434649751633
Y660F,660,Y,F,7,0.010137434649751633
D1146Y,1146,D,Y,7,0.010137434649751633
L242F,242,L,F,7,0.010137434649751633
A1087G,1087,A,G,7,0.010137434649751633
D1139H,1139,D,H,7,0.010137434649751633
S1147L,1147,S,L,7,0.010137434649751633
E154G,154,E,G,7,0.010137434649751633
A694V,694,A,V,7,0.010137434649751633
V193L,193,V,L,7,0.010137434649751633
D80N,80,D,N,7,0.010137434649751633
W258C,258,W,C,7,0.010137434649751633
T941A,941,T,A,7,0.010137434649751633
A647V,647,A,V,7,0.010137434649751633
F157S,157,F,S,7,0.010137434649751633
R1107S,1107,R,S,7,0.010137434649751633
F1121L,1121,F,L,7,0.010137434649751633
P330A,330,P,A,6,0.008689229699787113
Y1155F,1155,Y,F,6,0.008689229699787113
L858F,858,L,F,6,0.008689229699787113
G261S,261,G,S,6,0.008689229699787113
K1045N,1045,K,N,6,0.008689229699787113
R847K,847,R,K,6,0.008689229699787113
P82H,82,P,H,6,0.008689229699787113
Q23L,23,Q,L,6,0.008689229699787113
P26Y,26,P,Y,6,0.008689229699787113
R214H,214,R,H,6,0.008689229699787113
G842D,842,G,D,6,0.008689229699787113
L244S,244,L,S,6,0.008689229699787113
A879T,879,A,T,6,0.008689229699787113
D1146H,1146,D,H,6,0.008689229699787113
S477G,477,S,G,6,0.008689229699787113
H1058Y,1058,H,Y,6,0.008689229699787113
N121D,121,N,D,6,0.008689229699787113
R246I,246,R,I,6,0.008689229699787113
H1159Y,1159,H,Y,6,0.008689229699787113
D1199Y,1199,D,Y,6,0.008689229699787113
P25S,25,P,S,6,0.008689229699787113
G1085R,1085,G,R,6,0.008689229699787113
N751D,751,N,D,6,0.008689229699787113
A871S,871,A,S,6,0.008689229699787113
L141V,141,L,V,6,0.008689229699787113
T20N,20,T,N,6,0.008689229699787113
A783V,783,A,V,6,0.008689229699787113
P621S,621,P,S,6,0.008689229699787113
L1244F,1244,L,F,6,0.008689229699787113
L441I,441,L,I,6,0.008689229699787113
P589S,589,P,S,6,0.008689229699787113
A260S,260,A,S,6,0.008689229699787113
E96G,96,E,G,6,0.008689229699787113
I1081V,1081,I,V,6,0.008689229699787113
T33I,33,T,I,6,0.008689229699787113
D80F,80,D,F,6,0.008689229699787113
D936G,936,D,G,6,0.008689229699787113
I1210V,1210,I,V,6,0.008689229699787113
C1236F,1236,C,F,6,0.008689229699787113
D1165Y,1165,D,Y,6,0.008689229699787113
F175S,175,F,S,5,0.007241024749822595
K417T,417,K,T,5,0.007241024749822595
V36I,36,V,I,5,0.007241024749822595
K1086E,1086,K,E,5,0.007241024749822595
V608I,608,V,I,5,0.007241024749822595
Q414K,414,Q,K,5,0.007241024749822595
T109A,109,T,A,5,0.007241024749822595
C1243S,1243,C,S,5,0.007241024749822595
T95S,95,T,S,5,0.007241024749822595
M1233L,1233,M,L,5,0.007241024749822595
S1239G,1239,S,G,5,0.007241024749822595
A522P,522,A,P,5,0.007241024749822595
V327I,327,V,I,5,0.007241024749822595
T415A,415,T,A,5,0.007241024749822595
I1114L,1114,I,L,5,0.007241024749822595
S155N,155,S,N,5,0.007241024749822595
D80H,80,D,H,5,0.007241024749822595
K1266R,1266,K,R,5,0.007241024749822595
H245N,245,H,N,5,0.007241024749822595
N354D,354,N,D,5,0.007241024749822595
G1171S,1171,G,S,5,0.007241024749822595
D287G,287,D,G,5,0.007241024749822595
N751K,751,N,K,5,0.007241024749822595
I233V,233,I,V,5,0.007241024749822595
D796N,796,D,N,5,0.007241024749822595
N74K,74,N,K,5,0.007241024749822595
T124I,124,T,I,5,0.007241024749822595
S247R,247,S,R,5,0.007241024749822595
G72E,72,G,E,5,0.007241024749822595
A623V,623,A,V,5,0.007241024749822595
V1189I,1189,V,I,5,0.007241024749822595
L7S,7,L,S,5,0.007241024749822595
L1244P,1244,L,P,5,0.007241024749822595
V83F,83,V,F,5,0.007241024749822595
G566S,566,G,S,5,0.007241024749822595
T1076I,1076,T,I,5,0.007241024749822595
K1181R,1181,K,R,5,0.007241024749822595
R78K,78,R,K,5,0.007241024749822595
L452M,452,L,M,5,0.007241024749822595
Q836L,836,Q,L,5,0.007241024749822595
G72V,72,G,V,5,0.007241024749822595
T732I,732,T,I,5,0.007241024749822595
Q493L,493,Q,L,5,0.007241024749822595
D1168H,1168,D,H,5,0.007241024749822595
Q321L,321,Q,L,5,0.007241024749822595
K786N,786,K,N,5,0.007241024749822595
Y248H,248,Y,H,5,0.007241024749822595
T724A,724,T,A,5,0.007241024749822595
C1254F,1254,C,F,5,0.007241024749822595
K825R,825,K,R,5,0.007241024749822595
T1273I,1273,T,I,5,0.007241024749822595
S94F,94,S,F,5,0.007241024749822595
E619K,619,E,K,5,0.007241024749822595
I1130L,1130,I,L,5,0.007241024749822595
T618I,618,T,I,5,0.007241024749822595
W64R,64,W,R,5,0.007241024749822595
G769A,769,G,A,5,0.007241024749822595
G339S,339,G,S,5,0.007241024749822595
P25T,25,P,T,5,0.007241024749822595
N354K,354,N,K,5,0.007241024749822595
A852V,852,A,V,5,0.007241024749822595
K1245N,1245,K,N,5,0.007241024749822595
L84I,84,L,I,5,0.007241024749822595
T259I,259,T,I,5,0.007241024749822595
N440K,440,N,K,5,0.007241024749822595
R1185H,1185,R,H,5,0.007241024749822595
I1130M,1130,I,M,5,0.007241024749822595
A688S,688,A,S,5,0.007241024749822595
D1260E,1260,D,E,5,0.007241024749822595
E132Q,132,E,Q,4,0.005792819799858076
I1114V,1114,I,V,4,0.005792819799858076
S494L,494,S,L,4,0.005792819799858076
A846S,846,A,S,4,0.005792819799858076
T19R,19,T,R,4,0.005792819799858076
E1195Q,1195,E,Q,4,0.005792819799858076
P561T,561,P,T,4,0.005792819799858076
N30S,30,N,S,4,0.005792819799858076
D627N,627,D,N,4,0.005792819799858076
G75A,75,G,A,4,0.005792819799858076
F490L,490,F,L,4,0.005792819799858076
L179I,179,L,I,4,0.005792819799858076
A706S,706,A,S,4,0.005792819799858076
I805V,805,I,V,4,0.005792819799858076
P1143L,1143,P,L,4,0.005792819799858076
K814T,814,K,T,4,0.005792819799858076
E154A,154,E,A,4,0.005792819799858076
A942V,942,A,V,4,0.005792819799858076
Q836K,836,Q,K,4,0.005792819799858076
E780A,780,E,A,4,0.005792819799858076
Q779E,779,Q,E,4,0.005792819799858076
F79L,79,F,L,4,0.005792819799858076
A701S,701,A,S,4,0.005792819799858076
G1223S,1223,G,S,4,0.005792819799858076
T250N,250,T,N,4,0.005792819799858076
A783S,783,A,S,4,0.005792819799858076
Q183H,183,Q,H,4,0.005792819799858076
S46A,46,S,A,4,0.005792819799858076
K786R,786,K,R,4,0.005792819799858076
E96Q,96,E,Q,4,0.005792819799858076
N148S,148,N,S,4,0.005792819799858076
V615F,615,V,F,4,0.005792819799858076
K1245R,1245,K,R,4,0.005792819799858076
R682W,682,R,W,4,0.005792819799858076
K97N,97,K,N,4,0.005792819799858076
A846F,846,A,F,4,0.005792819799858076
L452Q,452,L,Q,4,0.005792819799858076
N532S,532,N,S,4,0.005792819799858076
V1068I,1068,V,I,4,0.005792819799858076
V615I,615,V,I,4,0.005792819799858076
K1149R,1149,K,R,4,0.005792819799858076
I670M,670,I,M,4,0.005792819799858076
V595I,595,V,I,4,0.005792819799858076
R765C,765,R,C,4,0.005792819799858076
Q836E,836,Q,E,4,0.005792819799858076
V308I,308,V,I,4,0.005792819799858076
S659L,659,S,L,4,0.005792819799858076
G184S,184,G,S,4,0.005792819799858076
E1111A,1111,E,A,4,0.005792819799858076
P1112S,1112,P,S,4,0.005792819799858076
Q957R,957,Q,R,4,0.005792819799858076
V826L,826,V,L,4,0.005792819799858076
K811T,811,K,T,4,0.005792819799858076
L1224F,1224,L,F,4,0.005792819799858076
T430I,430,T,I,4,0.005792819799858076
I569V,569,I,V,4,0.005792819799858076
N1074D,1074,N,D,4,0.005792819799858076
E1144A,1144,E,A,4,0.005792819799858076
Q23R,23,Q,R,4,0.005792819799858076
P9T,9,P,T,4,0.005792819799858076
T827S,827,T,S,4,0.005792819799858076
L1224V,1224,L,V,4,0.005792819799858076
V1129L,1129,V,L,4,0.005792819799858076
G219S,219,G,S,4,0.005792819799858076
I410V,410,I,V,4,0.005792819799858076
P812Q,812,P,Q,4,0.005792819799858076
T883I,883,T,I,4,0.005792819799858076
E1258D,1258,E,D,4,0.005792819799858076
I1232L,1232,I,L,4,0.005792819799858076
P561S,561,P,S,4,0.005792819799858076
S943I,943,S,I,4,0.005792819799858076
A899V,899,A,V,4,0.005792819799858076
E780D,780,E,D,4,0.005792819799858076
G1099S,1099,G,S,4,0.005792819799858076
T1136I,1136,T,I,4,0.005792819799858076
T76S,76,T,S,4,0.005792819799858076
E281Q,281,E,Q,4,0.005792819799858076
N703D,703,N,D,4,0.005792819799858076
G339D,339,G,D,4,0.005792819799858076
Q675K,675,Q,K,4,0.005792819799858076
E180K,180,E,K,4,0.005792819799858076
M1237T,1237,M,T,4,0.005792819799858076
A570S,570,A,S,4,0.005792819799858076
S155T,155,S,T,4,0.005792819799858076
R682Q,682,R,Q,4,0.005792819799858076
T1120S,1120,T,S,4,0.005792819799858076
N450K,450,N,K,4,0.005792819799858076
R273S,273,R,S,4,0.005792819799858076
A243V,243,A,V,4,0.005792819799858076
R190K,190,R,K,4,0.005792819799858076
H245R,245,H,R,4,0.005792819799858076
I805M,805,I,M,4,0.005792819799858076
D808H,808,D,H,4,0.005792819799858076
H69R,69,H,R,4,0.005792819799858076
R78G,78,R,G,4,0.005792819799858076
F186L,186,F,L,4,0.005792819799858076
H1083Y,1083,H,Y,4,0.005792819799858076
H146R,146,H,R,4,0.005792819799858076
R765H,765,R,H,4,0.005792819799858076
I105L,105,I,L,4,0.005792819799858076
E154Q,154,E,Q,4,0.005792819799858076
D88E,88,D,E,4,0.005792819799858076
A958S,958,A,S,4,0.005792819799858076
E702Q,702,E,Q,4,0.005792819799858076
L552F,552,L,F,4,0.005792819799858076
A893V,893,A,V,4,0.005792819799858076
P1079T,1079,P,T,3,0.004344614849893557
N556K,556,N,K,3,0.004344614849893557
