Accession ID,pos,ref,alt
MW672353,241,C,T
MW672353,3037,C,T
MW672353,6004,T,C
MW672353,6786,C,T
MW672353,7767,T,C
MW672353,8047,C,T
MW672353,9857,C,T
MW672353,10751,G,A
MW672353,13708,C,T
MW672353,14268,G,A
MW672353,14408,C,T
MW672353,17104,C,T
MW672353,17391,T,C
MW672353,19485,T,C
MW672353,19656,G,T
MW672353,20268,A,G
MW672353,21800,G,T
MW672353,22879,C,A
MW672353,23403,A,G
MW672353,25207,C,T
MW672353,25534,G,T
MW672353,27800,C,A
MW672353,28655,G,T
MW672353,29544,A,T
MW672353,29734,G,C
MW672354,241,C,T
MW672354,829,C,T
MW672354,2508,C,T
MW672354,3037,C,T
MW672354,3498,C,T
MW672354,5175,C,T
MW672354,7767,T,C
MW672354,8047,C,T
MW672354,8990,G,A
MW672354,10108,A,G
MW672354,11083,G,T
MW672354,12988,G,T
MW672354,14408,C,T
MW672354,14697,C,T
MW672354,15598,G,A
MW672354,16394,C,T
MW672354,17104,C,T
MW672354,18028,G,T
MW672354,18176,C,T
MW672354,19398,G,T
MW672354,20268,A,G
MW672354,21765,TACATG,
MW672354,22127,C,T
MW672354,22879,C,A
MW672354,23403,A,G
MW672354,23876,G,A
MW672354,24910,T,C
MW672354,25489,G,T
MW672354,25947,G,T
MW672354,26625,C,T
MW672354,26895,C,T
MW672354,26951,G,T
MW672354,26972,T,C
MW672354,27800,C,A
MW672354,28083,G,T
MW672354,29077,C,T
MW672354,29474,G,T
MW672354,29734,G,C
MW672355,241,C,T
MW672355,829,C,T
MW672355,2508,C,T
MW672355,3037,C,T
MW672355,3498,C,T
MW672355,5175,C,T
MW672355,7767,T,C
MW672355,8047,C,T
MW672355,8990,G,A
MW672355,10108,A,G
MW672355,11083,G,T
MW672355,12084,C,T
MW672355,12988,G,T
MW672355,14408,C,T
MW672355,14697,C,T
MW672355,15598,G,A
MW672355,16394,C,T
MW672355,17104,C,T
MW672355,18028,G,T
MW672355,18176,C,T
MW672355,19398,G,T
MW672355,20268,A,G
MW672355,21765,TACATG,
MW672355,22127,C,T
MW672355,22879,C,A
MW672355,23403,A,G
MW672355,23876,G,A
MW672355,24910,T,C
MW672355,25947,G,T
MW672355,26625,C,T
MW672355,26895,C,T
MW672355,26951,G,T
MW672355,26972,T,C
MW672355,27800,C,A
MW672355,28083,G,T
MW672355,29077,C,T
MW672355,29734,G,C
MW672356,241,C,T
MW672356,1342,C,T
MW672356,2693,A,C
MW672356,3037,C,T
MW672356,4048,C,T
MW672356,4543,C,T
MW672356,5629,G,T
MW672356,6471,C,A
MW672356,6555,C,T
MW672356,7033,T,C
MW672356,9526,G,T
MW672356,11497,C,T
MW672356,13993,G,T
MW672356,14408,C,T
MW672356,14676,C,T
MW672356,15766,G,T
MW672356,15945,A,G
MW672356,16889,A,G
MW672356,17019,G,T
MW672356,18877,C,T
MW672356,22992,G,A
MW672356,23403,A,G
MW672356,24411,A,C
MW672356,25149,C,T
MW672356,25563,G,T
MW672356,25710,C,T
MW672356,26211,G,T
MW672356,26735,C,T
MW672356,26876,T,C
MW672356,27688,C,T
MW672356,28975,G,C
MW672356,29399,G,A
MW672356,29700,A,G
MW672357,241,C,T
MW672357,829,C,T
MW672357,878,C,T
MW672357,3037,C,T
MW672357,7767,T,C
MW672357,8047,C,T
MW672357,12374,C,T
MW672357,12988,G,T
MW672357,14408,C,T
MW672357,14697,C,T
MW672357,15598,G,A
MW672357,16394,C,T
MW672357,17104,C,T
MW672357,18028,G,T
MW672357,18176,C,T
MW672357,19398,G,T
MW672357,20268,A,G
MW672357,20384,C,T
MW672357,21639,C,T
MW672357,21765,TACATG,
MW672357,22127,C,T
MW672357,22879,C,A
MW672357,23403,A,G
MW672357,23876,G,A
MW672357,24910,T,C
MW672357,25947,G,T
MW672357,26972,T,C
MW672357,27800,C,A
MW672357,28083,G,T
MW672357,28975,G,T
MW672357,29367,C,T
MW672357,29734,G,C
MW672358,241,C,T
MW672358,2827,T,C
MW672358,3037,C,T
MW672358,3288,T,C
MW672358,5950,G,T
MW672358,6026,C,T
MW672358,6080,G,A
MW672358,6136,T,C
MW672358,8041,T,C
MW672358,10265,G,A
MW672358,11758,C,T
MW672358,14408,C,T
MW672358,15972,A,G
MW672358,17766,C,T
MW672358,19718,C,T
MW672358,23255,T,C
MW672358,23403,A,G
MW672358,23593,G,T
MW672358,24912,C,T
MW672358,25889,C,T
MW672358,28759,T,C
MW672358,28881,G,A
MW672358,28882,G,A
MW672358,28883,G,C
MW672359,241,C,T
MW672359,913,C,T
MW672359,3037,C,T
MW672359,3267,C,T
MW672359,5388,C,A
MW672359,5944,C,T
MW672359,5986,C,T
MW672359,6954,T,C
MW672359,11288,TCTGGTTTT,
MW672359,14408,C,T
MW672359,14676,C,T
MW672359,15096,T,C
MW672359,15279,C,T
MW672359,16176,T,C
MW672359,21765,TACATG,
MW672359,21991,TTA,
MW672359,23063,A,T
MW672359,23271,C,A
MW672359,23403,A,G
MW672359,23604,C,A
MW672359,23709,C,T
MW672359,24385,A,G
MW672359,24506,T,G
MW672359,24914,G,C
MW672359,27972,C,T
MW672359,28048,G,T
MW672359,28095,A,T
MW672359,28111,A,G
MW672359,28271,A,
MW672359,28280,G,C
MW672359,28281,A,T
MW672359,28282,T,A
MW672359,28880,A,G
MW672359,28881,G,A
MW672359,28882,G,A
MW672359,28883,G,C
MW672359,28884,G,C
MW672359,28977,C,T
MW672359,29421,C,T
MW672360,241,C,T
MW672360,829,C,T
MW672360,2508,C,T
MW672360,3037,C,T
MW672360,3498,C,T
MW672360,5175,C,T
MW672360,7767,T,C
MW672360,8047,C,T
MW672360,8990,G,A
MW672360,10108,A,G
MW672360,11083,G,T
MW672360,12988,G,T
MW672360,14408,C,T
MW672360,14697,C,T
MW672360,15598,G,A
MW672360,16394,C,T
MW672360,17104,C,T
MW672360,18028,G,T
MW672360,18176,C,T
MW672360,19398,G,T
MW672360,20268,A,G
MW672360,21765,TACATG,
MW672360,22127,C,T
MW672360,22879,C,A
MW672360,23403,A,G
MW672360,23876,G,A
MW672360,24910,T,C
MW672360,25489,G,T
MW672360,25947,G,T
MW672360,26625,C,T
MW672360,26895,C,T
MW672360,26951,G,T
MW672360,26972,T,C
MW672360,27800,C,A
MW672360,28083,G,T
MW672360,29077,C,T
MW672360,29734,G,C
MW672361,241,C,T
MW672361,3037,C,T
MW672361,5950,G,T
MW672361,7767,T,C
MW672361,8047,C,T
MW672361,12988,G,T
MW672361,14408,C,T
MW672361,15598,G,A
MW672361,17104,C,T
MW672361,18028,G,T
MW672361,18534,G,A
MW672361,19032,C,T
MW672361,20268,A,G
MW672361,21765,TACATG,
MW672361,22879,C,A
MW672361,23403,A,G
MW672361,24910,T,C
MW672361,25337,G,T
MW672361,25487,C,T
MW672361,25904,C,T
MW672361,26972,T,C
MW672361,27800,C,A
MW672361,28079,G,A
MW672361,29734,G,C
MW672361,29736,GGCCACGCGGAGTACGATCGAGTG,
MW672362,241,C,T
MW672362,3037,C,T
MW672362,3256,T,A
MW672362,5931,G,A
MW672362,7767,T,C
MW672362,7843,C,T
MW672362,8047,C,T
MW672362,9940,C,T
MW672362,12988,G,T
MW672362,14408,C,T
MW672362,15598,G,A
MW672362,16276,T,C
MW672362,16428,C,T
MW672362,17104,C,T
MW672362,18028,G,T
MW672362,18166,C,T
MW672362,19160,C,T
MW672362,20268,A,G
MW672362,20451,C,T
MW672362,21765,TACATG,
MW672362,22879,C,A
MW672362,23191,C,T
MW672362,23403,A,G
MW672362,23557,C,T
MW672362,24910,T,C
MW672362,25889,C,T
MW672362,26972,T,C
MW672362,27365,A,T
MW672362,27800,C,A
MW672362,28122,G,A
MW672362,28337,G,T
MW672362,28378,G,T
MW672362,29734,G,C
MW672363,241,C,T
MW672363,3037,C,T
MW672363,6004,T,C
MW672363,6786,C,T
MW672363,7767,T,C
MW672363,8047,C,T
MW672363,9857,C,T
MW672363,10751,G,A
MW672363,13708,C,T
MW672363,14268,G,A
MW672363,14408,C,T
MW672363,17104,C,T
MW672363,19485,T,C
MW672363,19656,G,T
MW672363,20268,A,G
MW672363,21800,G,T
MW672363,22879,C,A
MW672363,23403,A,G
MW672363,25534,G,T
MW672363,27800,C,A
MW672363,28655,G,T
MW672363,29544,A,T
MW672363,29734,G,C
MW672363,29754,C,T
MW672364,143,A,T
MW672364,174,G,T
MW672364,241,C,T
MW672364,936,C,T
MW672364,1059,C,T
MW672364,2692,A,T
MW672364,3037,C,T
MW672364,5230,G,T
MW672364,10323,A,G
MW672364,11288,TCTGGTTTT,
MW672364,14408,C,T
MW672364,14575,G,T
MW672364,19263,C,T
MW672364,21157,G,A
MW672364,21614,C,T
MW672364,21801,A,C
MW672364,22206,A,G
MW672364,22281,CTTTACTTG,
MW672364,22813,G,T
MW672364,23012,G,A
MW672364,23063,A,T
MW672364,23403,A,G
MW672364,23664,C,T
MW672364,25437,G,C
MW672364,25563,G,T
MW672364,25904,C,T
MW672364,26456,C,T
MW672364,26645,C,T
MW672364,28253,C,T
MW672364,28887,C,T
MW672365,241,C,T
MW672365,829,C,T
MW672365,2508,C,T
MW672365,2790,C,T
MW672365,3037,C,T
MW672365,3315,C,T
MW672365,3498,C,T
MW672365,5175,C,T
MW672365,7767,T,C
MW672365,8047,C,T
MW672365,8990,G,A
MW672365,10108,A,G
MW672365,11083,G,T
MW672365,12084,C,T
MW672365,12988,G,T
MW672365,14408,C,T
MW672365,14697,C,T
MW672365,15598,G,A
MW672365,16394,C,T
MW672365,17104,C,T
MW672365,18028,G,T
MW672365,18176,C,T
MW672365,19398,G,T
MW672365,20268,A,G
MW672365,21765,TACATG,
MW672365,22127,C,T
MW672365,22879,C,A
MW672365,23403,A,G
MW672365,23876,G,A
MW672365,24910,T,C
MW672365,25947,G,T
MW672365,26625,C,T
MW672365,26895,C,T
MW672365,26951,G,T
MW672365,26972,T,C
MW672365,27800,C,A
MW672365,28083,G,T
MW672365,29077,C,T
MW672365,29734,G,C
MW672366,241,C,T
MW672366,3037,C,T
MW672366,4543,C,T
MW672366,5629,G,T
MW672366,6301,T,C
MW672366,9526,G,T
MW672366,10870,G,T
MW672366,11083,G,T
MW672366,11497,C,T
MW672366,13993,G,T
MW672366,14408,C,T
MW672366,15766,G,T
MW672366,16889,A,G
MW672366,17019,G,T
MW672366,18877,C,T
MW672366,22992,G,A
MW672366,23403,A,G
MW672366,24771,C,T
MW672366,25563,G,T
MW672366,25710,C,T
MW672366,26681,C,T
MW672366,26735,C,T
MW672366,26876,T,C
MW672366,27675,A,C
MW672366,28068,G,T
MW672366,28318,T,A
MW672366,28934,T,C
MW672366,28975,G,C
MW672366,29399,G,A
MW672366,29427,G,A
MW672367,241,C,T
MW672367,913,C,T
MW672367,3037,C,T
MW672367,3267,C,T
MW672367,3933,A,C
MW672367,5388,C,A
MW672367,5986,C,T
MW672367,6954,T,C
MW672367,11288,TCTGGTTTT,
MW672367,11750,C,T
MW672367,14408,C,T
MW672367,14676,C,T
MW672367,15279,C,T
MW672367,16176,T,C
MW672367,17439,C,T
MW672367,21435,T,C
MW672367,21765,TACATG,
MW672367,21991,TTA,
MW672367,23063,A,T
MW672367,23271,C,A
MW672367,23403,A,G
MW672367,23604,C,A
MW672367,23709,C,T
MW672367,24506,T,G
MW672367,24914,G,C
MW672367,25635,C,T
MW672367,27972,C,T
MW672367,28048,G,T
MW672367,28111,A,G
MW672367,28271,A,
MW672367,28280,G,C
MW672367,28281,A,T
MW672367,28282,T,A
MW672367,28813,T,C
MW672367,28881,G,A
MW672367,28882,G,A
MW672367,28883,G,C
MW672367,28977,C,T
MW672368,143,A,T
MW672368,174,G,T
MW672368,241,C,T
MW672368,936,C,T
MW672368,1059,C,T
MW672368,2692,A,T
MW672368,3037,C,T
MW672368,5230,G,T
MW672368,9421,T,C
MW672368,10323,A,G
MW672368,11288,TCTGGTTTT,
MW672368,14408,C,T
MW672368,14575,G,T
MW672368,19263,C,T
MW672368,21157,G,A
MW672368,21614,C,T
MW672368,21801,A,C
MW672368,22206,A,G
MW672368,22281,CTTTACTTG,
MW672368,22813,G,T
MW672368,23012,G,A
MW672368,23063,A,T
MW672368,23403,A,G
MW672368,23664,C,T
MW672368,25437,G,C
MW672368,25563,G,T
MW672368,25904,C,T
MW672368,26456,C,T
MW672368,26645,C,T
MW672368,28253,C,T
MW672368,28887,C,T
MW672369,241,C,T
MW672369,913,C,T
MW672369,3037,C,T
MW672369,3267,C,T
MW672369,3933,A,C
MW672369,5388,C,A
MW672369,5986,C,T
MW672369,6954,T,C
MW672369,11288,TCTGGTTTT,
MW672369,11750,C,T
MW672369,14408,C,T
MW672369,14676,C,T
MW672369,15279,C,T
MW672369,16176,T,C
MW672369,17439,C,T
MW672369,21435,T,C
MW672369,21765,TACATG,
MW672369,21991,TTA,
MW672369,23063,A,T
MW672369,23271,C,A
MW672369,23403,A,G
MW672369,23604,C,A
MW672369,23709,C,T
MW672369,24506,T,G
MW672369,24914,G,C
MW672369,25635,C,T
MW672369,27972,C,T
MW672369,28048,G,T
MW672369,28111,A,G
MW672369,28271,A,
MW672369,28280,G,C
MW672369,28281,A,T
MW672369,28282,T,A
MW672369,28813,T,C
MW672369,28881,G,A
MW672369,28882,G,A
MW672369,28883,G,C
MW672369,28977,C,T
MW672370,241,C,T
MW672370,913,C,T
MW672370,1911,C,T
MW672370,3037,C,T
MW672370,3267,C,T
MW672370,3811,C,A
MW672370,5388,C,A
MW672370,5986,C,T
MW672370,6954,T,C
MW672370,9469,A,G
MW672370,11288,TCTGGTTTT,
MW672370,14408,C,T
MW672370,14676,C,T
MW672370,15279,C,T
MW672370,16176,T,C
MW672370,16293,C,T
MW672370,17615,A,G
MW672370,21765,TACATG,
MW672370,21991,TTA,
MW672370,23063,A,T
MW672370,23271,C,A
MW672370,23403,A,G
MW672370,23604,C,A
MW672370,23709,C,T
MW672370,24506,T,G
MW672370,24914,G,C
MW672370,26606,C,T
MW672370,27972,C,T
MW672370,28048,G,T
MW672370,28111,A,G
MW672370,28271,A,
MW672370,28280,G,C
MW672370,28281,A,T
MW672370,28282,T,A
MW672370,28881,G,A
MW672370,28882,G,A
MW672370,28883,G,C
MW672370,28977,C,T
MW672371,241,C,T
MW672371,913,C,T
MW672371,1191,C,T
MW672371,3037,C,T
MW672371,3267,C,T
MW672371,5388,C,A
MW672371,5986,C,T
MW672371,6954,T,C
MW672371,11288,TCTGGTTTT,
MW672371,12162,A,G
MW672371,14408,C,T
MW672371,14676,C,T
MW672371,15279,C,T
MW672371,16176,T,C
MW672371,17615,A,G
MW672371,21765,TACATG,
MW672371,21991,TTA,
MW672371,23063,A,T
MW672371,23271,C,A
MW672371,23403,A,G
MW672371,23604,C,A
MW672371,23709,C,T
MW672371,24506,T,G
MW672371,24914,G,C
MW672371,26256,C,T
MW672371,27972,C,T
MW672371,28048,G,T
MW672371,28111,A,G
MW672371,28271,A,
MW672371,28280,G,C
MW672371,28281,A,T
MW672371,28282,T,A
MW672371,28881,G,A
MW672371,28882,G,A
MW672371,28883,G,C
MW672371,28977,C,T
MW672372,241,C,T
MW672372,829,C,T
MW672372,878,C,T
MW672372,3037,C,T
MW672372,7767,T,C
MW672372,8047,C,T
MW672372,12374,C,T
MW672372,12988,G,T
MW672372,14408,C,T
MW672372,14697,C,T
MW672372,15598,G,A
MW672372,16394,C,T
MW672372,17104,C,T
MW672372,18028,G,T
MW672372,18176,C,T
MW672372,18877,C,T
MW672372,19398,G,T
MW672372,20268,A,G
MW672372,20384,C,T
MW672372,21639,C,T
MW672372,21765,TACATG,
MW672372,22127,C,T
MW672372,22879,C,A
MW672372,23403,A,G
MW672372,23876,G,A
MW672372,24910,T,C
MW672372,25563,G,T
MW672372,25947,G,T
MW672372,26972,T,C
MW672372,27800,C,A
MW672372,28975,G,T
MW672372,29367,C,T
MW672372,29734,G,C
MW672373,241,C,T
MW672373,913,C,T
MW672373,1438,T,C
MW672373,3037,C,T
MW672373,3267,C,T
MW672373,5388,C,A
MW672373,5986,C,T
MW672373,6954,T,C
MW672373,10340,C,T
MW672373,11288,TCTGGTTTT,
MW672373,12970,C,T
MW672373,14408,C,T
MW672373,14676,C,T
MW672373,15279,C,T
MW672373,16176,T,C
MW672373,21765,TACATG,
MW672373,21991,TTA,
MW672373,23063,A,T
MW672373,23271,C,A
MW672373,23403,A,G
MW672373,23604,C,A
MW672373,23709,C,T
MW672373,24506,T,G
MW672373,24914,G,C
MW672373,27972,C,T
MW672373,28048,G,T
MW672373,28111,A,G
MW672373,28271,A,
MW672373,28280,G,C
MW672373,28281,A,T
MW672373,28282,T,A
MW672373,28881,G,A
MW672373,28882,G,A
MW672373,28883,G,C
MW672373,28977,C,T
MW672374,241,C,T
MW672374,913,C,T
MW672374,3267,C,T
MW672374,3328,G,T
MW672374,5183,C,T
MW672374,5388,C,A
MW672374,5944,C,T
MW672374,5986,C,T
MW672374,6954,T,C
MW672374,9298,C,T
MW672374,11288,TCTGGTTTT,
MW672374,14408,C,T
MW672374,14676,C,T
MW672374,15096,T,C
MW672374,15279,C,T
MW672374,16176,T,C
MW672374,16528,G,T
MW672374,21765,TACATG,
MW672374,21991,TTA,
MW672374,23063,A,T
MW672374,23271,C,A
MW672374,23403,A,G
MW672374,23506,C,T
MW672374,23604,C,A
MW672374,23709,C,T
MW672374,24506,T,G
MW672374,24914,G,C
MW672374,25466,C,T
MW672374,27972,C,T
MW672374,28048,G,T
MW672374,28095,A,T
MW672374,28111,A,G
MW672374,28271,A,
MW672374,28280,G,C
MW672374,28281,A,T
MW672374,28282,T,A
MW672374,28880,A,G
MW672374,28881,G,A
MW672374,28882,G,A
MW672374,28883,G,C
MW672374,28884,G,C
MW672374,28977,C,T
MW672375,241,C,T
MW672375,3037,C,T
MW672375,4543,C,T
MW672375,5629,G,T
MW672375,9526,G,T
MW672375,11208,C,T
MW672375,11497,C,T
MW672375,13993,G,T
MW672375,14408,C,T
MW672375,15766,G,T
MW672375,16889,A,G
MW672375,17019,G,T
MW672375,17249,C,T
MW672375,18877,C,T
MW672375,21588,C,T
MW672375,22992,G,A
MW672375,23012,G,A
MW672375,23403,A,G
MW672375,25563,G,T
MW672375,25710,C,T
MW672375,26735,C,T
MW672375,26876,T,C
MW672375,27769,C,T
MW672375,27998,C,T
MW672375,28975,G,C
MW672375,29399,G,A
MW672375,29427,G,A
MW672376,241,C,T
MW672376,913,C,T
MW672376,1438,T,C
MW672376,3037,C,T
MW672376,3267,C,T
MW672376,5388,C,A
MW672376,5986,C,T
MW672376,6954,T,C
MW672376,10340,C,T
MW672376,11288,TCTGGTTTT,
MW672376,12970,C,T
MW672376,14408,C,T
MW672376,14676,C,T
MW672376,15279,C,T
MW672376,16176,T,C
MW672376,21765,TACATG,
MW672376,21991,TTA,
MW672376,23063,A,T
MW672376,23271,C,A
MW672376,23403,A,G
MW672376,23604,C,A
MW672376,23709,C,T
MW672376,24506,T,G
MW672376,24914,G,C
MW672376,27972,C,T
MW672376,28048,G,T
MW672376,28111,A,G
MW672376,28271,A,
MW672376,28280,G,C
MW672376,28281,A,T
MW672376,28282,T,A
MW672376,28881,G,A
MW672376,28882,G,A
MW672376,28883,G,C
MW672376,28977,C,T
MW672377,241,C,T
MW672377,913,C,T
MW672377,1438,T,C
MW672377,3037,C,T
MW672377,3267,C,T
MW672377,5388,C,A
MW672377,5986,C,T
MW672377,6954,T,C
MW672377,10340,C,T
MW672377,11288,TCTGGTTTT,
MW672377,12970,C,T
MW672377,14408,C,T
MW672377,14676,C,T
MW672377,15279,C,T
MW672377,16176,T,C
MW672377,21765,TACATG,
MW672377,21991,TTA,
MW672377,23063,A,T
MW672377,23271,C,A
MW672377,23403,A,G
MW672377,23604,C,A
MW672377,23709,C,T
MW672377,24506,T,G
MW672377,24914,G,C
MW672377,27972,C,T
MW672377,28048,G,T
MW672377,28111,A,G
MW672377,28271,A,
MW672377,28280,G,C
MW672377,28281,A,T
MW672377,28282,T,A
MW672377,28881,G,A
MW672377,28882,G,A
MW672377,28883,G,C
MW672377,28977,C,T
MW672378,241,C,T
MW672378,913,C,T
MW672378,1438,T,C
MW672378,3037,C,T
MW672378,3267,C,T
MW672378,5388,C,A
MW672378,5986,C,T
MW672378,6954,T,C
MW672378,10340,C,T
MW672378,11288,TCTGGTTTT,
MW672378,12970,C,T
MW672378,14408,C,T
MW672378,14676,C,T
MW672378,15279,C,T
MW672378,16176,T,C
MW672378,21765,TACATG,
MW672378,21991,TTA,
MW672378,23063,A,T
MW672378,23271,C,A
MW672378,23403,A,G
MW672378,23604,C,A
MW672378,23709,C,T
MW672378,24506,T,G
MW672378,24914,G,C
MW672378,27972,C,T
MW672378,28048,G,T
MW672378,28111,A,G
MW672378,28271,A,
MW672378,28280,G,C
MW672378,28281,A,T
MW672378,28282,T,A
MW672378,28881,G,A
MW672378,28882,G,A
MW672378,28883,G,C
MW672378,28977,C,T
MW672379,241,C,T
MW672379,913,C,T
MW672379,1438,T,C
MW672379,3037,C,T
MW672379,3267,C,T
MW672379,5388,C,A
MW672379,5986,C,T
MW672379,6954,T,C
MW672379,10340,C,T
MW672379,11288,TCTGGTTTT,
MW672379,12970,C,T
MW672379,14408,C,T
MW672379,14676,C,T
MW672379,15279,C,T
MW672379,16176,T,C
MW672379,21765,TACATG,
MW672379,21991,TTA,
MW672379,23063,A,T
MW672379,23271,C,A
MW672379,23403,A,G
MW672379,23604,C,A
MW672379,23709,C,T
MW672379,24506,T,G
MW672379,24914,G,C
MW672379,27972,C,T
MW672379,28048,G,T
MW672379,28111,A,G
MW672379,28271,A,
MW672379,28280,G,C
MW672379,28281,A,T
MW672379,28282,T,A
MW672379,28881,G,A
MW672379,28882,G,A
MW672379,28883,G,C
MW672379,28977,C,T
MW672380,241,C,T
MW672380,913,C,T
MW672380,1684,C,T
MW672380,2357,G,A
MW672380,3037,C,T
MW672380,3267,C,T
MW672380,5388,C,A
MW672380,5986,C,T
MW672380,6954,T,C
MW672380,6968,C,T
MW672380,11288,TCTGGTTTT,
MW672380,14408,C,T
MW672380,14676,C,T
MW672380,15279,C,T
MW672380,16176,T,C
MW672380,16887,C,T
MW672380,20629,C,T
MW672380,21765,TACATG,
MW672380,21991,TTA,
MW672380,23063,A,T
MW672380,23271,C,A
MW672380,23403,A,G
MW672380,23604,C,A
MW672380,23709,C,T
MW672380,24506,T,G
MW672380,24914,G,C
MW672380,27629,C,T
MW672380,27972,C,T
MW672380,28048,G,T
MW672380,28095,A,T
MW672380,28111,A,G
MW672380,28271,A,
MW672380,28281,A,T
MW672380,28282,T,A
MW672380,28881,G,A
MW672380,28882,G,A
MW672380,28977,C,T
MW672381,241,C,T
MW672381,913,C,T
MW672381,2357,G,A
MW672381,3037,C,T
MW672381,3267,C,T
MW672381,5388,C,A
MW672381,5986,C,T
MW672381,6954,T,C
MW672381,6968,C,T
MW672381,11288,TCTGGTTTT,
MW672381,14408,C,T
MW672381,14676,C,T
MW672381,15279,C,T
MW672381,16176,T,C
MW672381,16887,C,T
MW672381,21765,TACATG,
MW672381,21991,TTA,
MW672381,23063,A,T
MW672381,23271,C,A
MW672381,23403,A,G
MW672381,23604,C,A
MW672381,23709,C,T
MW672381,24506,T,G
MW672381,24914,G,C
MW672381,27629,C,T
MW672381,27972,C,T
MW672381,28048,G,T
MW672381,28095,A,T
MW672381,28111,A,G
MW672381,28271,A,
MW672381,28280,G,C
MW672381,28281,A,T
MW672381,28282,T,A
MW672381,28881,G,A
MW672381,28882,G,A
MW672381,28883,G,C
MW672381,28977,C,T
MW672381,29053,A,T
MW672382,241,C,T
MW672382,913,C,T
MW672382,1438,T,C
MW672382,3037,C,T
MW672382,3267,C,T
MW672382,5388,C,A
MW672382,5986,C,T
MW672382,6954,T,C
MW672382,10340,C,T
MW672382,11288,TCTGGTTTT,
MW672382,12970,C,T
MW672382,14408,C,T
MW672382,14676,C,T
MW672382,15279,C,T
MW672382,16176,T,C
MW672382,21765,TACATG,
MW672382,21991,TTA,
MW672382,23063,A,T
MW672382,23271,C,A
MW672382,23403,A,G
MW672382,23604,C,A
MW672382,23709,C,T
MW672382,24506,T,G
MW672382,24914,G,C
MW672382,27972,C,T
MW672382,28048,G,T
MW672382,28111,A,G
MW672382,28271,A,
MW672382,28280,G,C
MW672382,28281,A,T
MW672382,28282,T,A
MW672382,28881,G,A
MW672382,28882,G,A
MW672382,28883,G,C
MW672382,28977,C,T
MW672383,241,C,T
MW672383,913,C,T
MW672383,1438,T,C
MW672383,3037,C,T
MW672383,3267,C,T
MW672383,5388,C,A
MW672383,5986,C,T
MW672383,6954,T,C
MW672383,10340,C,T
MW672383,11288,TCTGGTTTT,
MW672383,12970,C,T
MW672383,14408,C,T
MW672383,14676,C,T
MW672383,15279,C,T
MW672383,16176,T,C
MW672383,21765,TACATG,
MW672383,21991,TTA,
MW672383,23063,A,T
MW672383,23271,C,A
MW672383,23403,A,G
MW672383,23604,C,A
MW672383,23709,C,T
MW672383,24506,T,G
MW672383,24914,G,C
MW672383,27972,C,T
MW672383,28048,G,T
MW672383,28111,A,G
MW672383,28271,A,
MW672383,28280,G,C
MW672383,28281,A,T
MW672383,28282,T,A
MW672383,28881,G,A
MW672383,28882,G,A
MW672383,28883,G,C
MW672383,28977,C,T
MW672384,241,C,T
MW672384,913,C,T
MW672384,2357,G,A
MW672384,3037,C,T
MW672384,3267,C,T
MW672384,5388,C,A
MW672384,5986,C,T
MW672384,6954,T,C
MW672384,6968,C,T
MW672384,11288,TCTGGTTTT,
MW672384,14408,C,T
MW672384,14676,C,T
MW672384,15279,C,T
MW672384,16176,T,C
MW672384,16887,C,T
MW672384,21765,TACATG,
MW672384,21991,TTA,
MW672384,23063,A,T
MW672384,23271,C,A
MW672384,23403,A,G
MW672384,23604,C,A
MW672384,23709,C,T
MW672384,24506,T,G
MW672384,24914,G,C
MW672384,27629,C,T
MW672384,27972,C,T
MW672384,28048,G,T
MW672384,28095,A,T
MW672384,28111,A,G
MW672384,28271,A,
MW672384,28280,G,C
MW672384,28281,A,T
MW672384,28282,T,A
MW672384,28881,G,A
MW672384,28882,G,A
MW672384,28883,G,C
MW672384,28977,C,T
MW672385,241,C,T
MW672385,913,C,T
MW672385,3037,C,T
MW672385,3267,C,T
MW672385,4438,C,T
MW672385,5388,C,A
MW672385,5944,C,T
MW672385,5986,C,T
MW672385,6954,T,C
MW672385,11288,TCTGGTTTT,
MW672385,14408,C,T
MW672385,14676,C,T
MW672385,15096,T,C
MW672385,15279,C,T
MW672385,16176,T,C
MW672385,21765,TACATG,
MW672385,21991,TTA,
MW672385,23063,A,T
MW672385,23271,C,A
MW672385,23403,A,G
MW672385,23604,C,A
MW672385,23709,C,T
MW672385,24506,T,G
MW672385,24914,G,C
MW672385,27972,C,T
MW672385,28048,G,T
MW672385,28095,A,T
MW672385,28111,A,G
MW672385,28271,A,
MW672385,28280,G,C
MW672385,28281,A,T
MW672385,28282,T,A
MW672385,28880,A,G
MW672385,28881,G,A
MW672385,28882,G,A
MW672385,28883,G,C
MW672385,28884,G,C
MW672385,28977,C,T
MW672386,241,C,T
MW672386,913,C,T
MW672386,1438,T,C
MW672386,3037,C,T
MW672386,3267,C,T
MW672386,5388,C,A
MW672386,5986,C,T
MW672386,6954,T,C
MW672386,10340,C,T
MW672386,11288,TCTGGTTTT,
MW672386,12970,C,T
MW672386,14408,C,T
MW672386,14676,C,T
MW672386,15279,C,T
MW672386,16176,T,C
MW672386,21765,TACATG,
MW672386,21991,TTA,
MW672386,23063,A,T
MW672386,23271,C,A
MW672386,23403,A,G
MW672386,23604,C,A
MW672386,23709,C,T
MW672386,24506,T,G
MW672386,24914,G,C
MW672386,27972,C,T
MW672386,28048,G,T
MW672386,28111,A,G
MW672386,28271,A,
MW672386,28280,G,C
MW672386,28281,A,T
MW672386,28282,T,A
MW672386,28881,G,A
MW672386,28882,G,A
MW672386,28883,G,C
MW672386,28977,C,T
MW672387,241,C,T
MW672387,913,C,T
MW672387,2357,G,A
MW672387,3037,C,T
MW672387,3267,C,T
MW672387,5388,C,A
MW672387,5986,C,T
MW672387,6954,T,C
MW672387,6968,C,T
MW672387,11288,TCTGGTTTT,
MW672387,14408,C,T
MW672387,14676,C,T
MW672387,15279,C,T
MW672387,16176,T,C
MW672387,16887,C,T
MW672387,21765,TACATG,
MW672387,21991,TTA,
MW672387,23063,A,T
MW672387,23271,C,A
MW672387,23403,A,G
MW672387,23604,C,A
MW672387,23709,C,T
MW672387,24506,T,G
MW672387,24914,G,C
MW672387,27629,C,T
MW672387,27972,C,T
MW672387,28048,G,T
MW672387,28095,A,T
MW672387,28111,A,G
MW672387,28271,A,
MW672387,28280,G,C
MW672387,28281,A,T
MW672387,28282,T,A
MW672387,28881,G,A
MW672387,28882,G,A
MW672387,28883,G,C
MW672387,28977,C,T
MW672387,29053,A,T
MW672388,241,C,T
MW672388,913,C,T
MW672388,1438,T,C
MW672388,3037,C,T
MW672388,3267,C,T
MW672388,5388,C,A
MW672388,5986,C,T
MW672388,6954,T,C
MW672388,10340,C,T
MW672388,11288,TCTGGTTTT,
MW672388,12970,C,T
MW672388,14408,C,T
MW672388,14676,C,T
MW672388,15279,C,T
MW672388,16176,T,C
MW672388,21765,TACATG,
MW672388,21991,TTA,
MW672388,23063,A,T
MW672388,23271,C,A
MW672388,23403,A,G
MW672388,23604,C,A
MW672388,23709,C,T
MW672388,24506,T,G
MW672388,24914,G,C
MW672388,27972,C,T
MW672388,28048,G,T
MW672388,28111,A,G
MW672388,28271,A,
MW672388,28280,G,C
MW672388,28281,A,T
MW672388,28282,T,A
MW672388,28881,G,A
MW672388,28882,G,A
MW672388,28883,G,C
MW672388,28977,C,T
MW672389,241,C,T
MW672389,913,C,T
MW672389,2357,G,A
MW672389,3037,C,T
MW672389,3267,C,T
MW672389,5388,C,A
MW672389,5986,C,T
MW672389,6954,T,C
MW672389,6968,C,T
MW672389,11288,TCTGGTTTT,
MW672389,14408,C,T
MW672389,14676,C,T
MW672389,15279,C,T
MW672389,16176,T,C
MW672389,16887,C,T
MW672389,21765,TACATG,
MW672389,21991,TTA,
MW672389,23063,A,T
MW672389,23271,C,A
MW672389,23403,A,G
MW672389,23604,C,A
MW672389,23709,C,T
MW672389,24506,T,G
MW672389,24914,G,C
MW672389,27972,C,T
MW672389,28048,G,T
MW672389,28095,A,T
MW672389,28111,A,G
MW672389,28271,A,
MW672389,28280,G,C
MW672389,28281,A,T
MW672389,28282,T,A
MW672389,28881,G,A
MW672389,28882,G,A
MW672389,28883,G,C
MW672389,28977,C,T
MW672390,241,C,T
MW672390,913,C,T
MW672390,3037,C,T
MW672390,3267,C,T
MW672390,5388,C,A
MW672390,5944,C,T
MW672390,5986,C,T
MW672390,6954,T,C
MW672390,11288,TCTGGTTTT,
MW672390,14408,C,T
MW672390,14676,C,T
MW672390,15096,T,C
MW672390,15279,C,T
MW672390,16176,T,C
MW672390,21765,TACATG,
MW672390,21991,TTA,
MW672390,23063,A,T
MW672390,23271,C,A
MW672390,23403,A,G
MW672390,23604,C,A
MW672390,23709,C,T
MW672390,24506,T,G
MW672390,24914,G,C
MW672390,27972,C,T
MW672390,28048,G,T
MW672390,28095,A,T
MW672390,28111,A,G
MW672390,28271,A,
MW672390,28280,G,C
MW672390,28281,A,T
MW672390,28282,T,A
MW672390,28880,A,G
MW672390,28881,G,A
MW672390,28882,G,A
MW672390,28883,G,C
MW672390,28884,G,C
MW672390,28977,C,T
MW672391,241,C,T
MW672391,913,C,T
MW672391,1438,T,C
MW672391,3037,C,T
MW672391,3267,C,T
MW672391,5388,C,A
MW672391,5986,C,T
MW672391,6954,T,C
MW672391,10340,C,T
MW672391,11288,TCTGGTTTT,
MW672391,12970,C,T
MW672391,14408,C,T
MW672391,14676,C,T
MW672391,15279,C,T
MW672391,16176,T,C
MW672391,21765,TACATG,
MW672391,21991,TTA,
MW672391,23063,A,T
MW672391,23271,C,A
MW672391,23403,A,G
MW672391,23604,C,A
MW672391,23709,C,T
MW672391,24506,T,G
MW672391,24914,G,C
MW672391,27972,C,T
MW672391,28048,G,T
MW672391,28111,A,G
MW672391,28271,A,
MW672391,28280,G,C
MW672391,28281,A,T
MW672391,28282,T,A
MW672391,28881,G,A
MW672391,28882,G,A
MW672391,28883,G,C
MW672391,28977,C,T
