Accession ID,gene,pos,ref,alt
KU707921,NS1,105,L,I
KU707921,NS2,8,N,T
KU707921,NS2,26,I,T
KU707921,NS2,38,K,R
KU707921,NS2,55,K,R
KU707921,N,24,T,A
KU707921,P,170,D,G
KU707921,M,32,L,P
KU707921,M,89,S,I
KU707921,M,101,R,C
KU707921,M,112,S,G
KU707921,M,136,D,N
KU707921,M,149,Y,H
KU707921,M,198,Y,H
KU707921,M,228,T,A
KU707921,G,25,G,R
KU707921,G,81,Q,_
KU707921,G,102,P,L
KU707921,G,103,R,K
KU707921,G,110,V,A
KU707921,G,111,P,S
KU707921,G,112,L,P
KU707921,G,114,R,C
KU707921,G,121,S,P
KU707921,G,135,P,T
KU707921,G,143,P,L
KU707921,G,149,L,P
KU707921,G,157,P,L
KU707921,G,167,A,T
KU707921,G,178,S,L
KU707921,G,209,L,P
KU707921,G,212,P,L
KU707921,G,225,P,S
KU707921,G,254,_,Q
KU707921,G,257,Y,C
KU707921,G,260,P,T
KU707921,G,278,L,P
KU707921,G,284,Q,_
KU707921,G,290,L,P
KU707921,G,299,L,P
KU707921,F,14,_,Q
KU707921,F,31,V,A
KU707921,F,64,P,L
KU707921,F,111,H,Q
KU707921,F,131,M,I
KU707921,F,149,F,V
KU707921,F,172,G,E
KU707921,F,187,L,P
KU707921,F,218,T,I
KU707921,F,223,A,E
KU707921,F,318,L,_
KU707921,F,322,P,L
KU707921,F,340,P,Q
KU707921,F,372,Q,R
KU707921,F,398,T,I
KU707921,F,449,A,V
KU707921,F,474,V,A
KU707921,F,506,T,M
KU707921,F,512,A,V
KU707921,F,531,P,Q
KU707921,F,571,K,R
KU707921,M2,5,M,R
KU707921,M2,6,K,_
KU707921,M2,7,T,P
KU707921,M2,189,S,L
KU707921,L,4,Q,_
KU707921,L,110,S,L
KU707921,L,242,T,I
KU707921,L,455,I,V
KU707921,L,764,G,R
KU707921,L,831,I,V
KU707921,L,1248,S,A
KU707921,L,1762,I,V
KU707921,L,1783,M,T
KU707921,L,1950,S,P
KU707921,L,1979,M,T
